name,lat,lon,ercot_weather_zone,ercot_load_zone
1001,31.8414,-102.315,Far_west,west
1002,29.888046,-104.519139,Far_west,west
1003,32.926389,-101.647778,North,west
1004,32.926389,-101.647778,North,west
1005,32.240278,-101.473611,West,west
1006,32.240278,-101.473611,West,west
1007,31.09348,-104.624514,Far_west,west
1008,30.976638,-102.257753,Far_west,west
1009,30.976638,-102.257753,Far_west,west
1010,29.6,-104.3,Far_west,west
1011,29.6,-104.3,Far_west,west
1012,30.028067,-101.970461,West,west
1013,31.484586,-103.161046,Far_west,west
1014,31.165245,-103.125868,Far_west,west
1015,30.285296,-104.005761,Far_west,west
1016,31.74325,-101.493407,West,west
1017,31.725171,-102.413607,Far_west,west
1018,31.799171,-102.632933,Far_west,west
1019,31.979427,-102.132366,Far_west,west
1020,31.9925,-101.1167,West,west
1021,31.9925,-101.1167,West,west
1022,32.929014,-101.578617,North,west
1023,32.929014,-101.578617,North,west
1024,32.0015,-102.6337,Far_west,west
1025,32.039,-101.22,West,west
1026,32.039,-101.22,West,west
1027,32.321673,-102.042298,Far_west,west
1028,32.875073,-101.208955,North,west
1029,31.992384,-102.081464,Far_west,west
1030,29.802094,-103.22236,Far_west,west
1031,31.004969,-103.759065,Far_west,west
1032,31.219444,-102.19222,Far_west,west
1033,31.219444,-102.19222,Far_west,west
1034,31.991442,-101.302637,West,west
1035,31.991442,-101.302637,West,west
1036,31.10409,-102.60625,Far_west,west
1037,31.799158,-102.47409,Far_west,west
1038,30.772575,-102.505808,Far_west,west
1039,30.772575,-102.505808,Far_west,west
1040,32.335729,-102.697303,Far_west,west
1041,32.1408,-101.3986,West,west
1042,32.1408,-101.3986,West,west
1044,31.207988,-101.110787,West,west
1045,32.053604,-102.20166,Far_west,west
1046,30.575618,-101.331239,West,west
1047,31.5839,-102.9633,Far_west,west
1048,31.5839,-102.9633,Far_west,west
1049,31.5839,-102.9633,Far_west,west
1050,31.5839,-102.9633,Far_west,west
1051,31.5839,-102.9633,Far_west,west
1052,31.5839,-102.9633,Far_west,west
1053,31.5839,-102.9633,Far_west,west
1054,32.489818,-101.754488,North,west
1055,32.92701,-101.764414,North,west
1056,32.2353,-101.8367,Far_west,west
1057,32.2353,-101.8367,Far_west,west
1058,30.8847,-101.9208,Far_west,west
1061,32.273178,-101.422386,West,west
1062,32.273178,-101.422386,West,west
1063,32.273178,-101.422386,West,west
1064,32.001129,-102.312423,Far_west,west
1065,32.100823,-101.451385,West,west
1066,32.100823,-101.451385,West,west
1067,32.1217,-101.3853,West,west
1068,31.517628,-101.918007,Far_west,west
1069,30.9178,-102.0867,Far_west,west
1070,30.9178,-102.0867,Far_west,west
1071,31.8403,-102.3264,Far_west,west
1072,31.8403,-102.3264,Far_west,west
1073,31.8403,-102.3264,Far_west,west
1074,31.8403,-102.3264,Far_west,west
1075,31.8403,-102.3264,Far_west,west
1076,31.8403,-102.3264,Far_west,west
1077,31.8403,-102.3264,Far_west,west
1079,31.8403,-102.3264,Far_west,west
1081,31.8403,-102.3264,Far_west,west
1082,30.807272,-102.355628,Far_west,west
1083,30.747459,-102.790792,Far_west,west
1084,31.9361,-101.2983,West,west
1085,31.696251,-103.138992,Far_west,west
1086,31.803547,-103.599914,Far_west,west
1087,30.596998,-101.78453,Far_west,west
1088,31.2092,-102.2417,Far_west,west
1089,32.929648,-102.133506,North,west
1090,31.995,-102.828333,Far_west,west
1091,33.658671,-101.531037,North,west
1093,31.843422,-102.868295,Far_west,west
1094,31.843422,-102.868295,Far_west,west
1095,31.624,-101.65,West,west
1096,31.624,-101.65,West,west
1097,31.624,-101.65,West,west
1099,31.703258,-102.701206,Far_west,west
1100,31.703258,-102.701206,Far_west,west
1101,32.460054,-102.672809,Far_west,west
1102,32.460054,-102.672809,Far_west,west
1103,32.377,-101.368,North,west
1104,32.377,-101.368,North,west
1105,31.683,-101.152,West,west
1106,31.683,-101.152,West,west
1107,32.055,-101.46,West,west
1108,32.055,-101.46,West,west
1109,32.22,-102.68,Far_west,west
1110,32.22,-102.68,Far_west,west
1111,32.239,-101.014,West,west
1112,32.239,-101.014,West,west
1113,31.7983,-101.9043,Far_west,west
1114,31.7983,-101.9043,Far_west,west
1115,32.21,-102.314,Far_west,west
1116,32.21,-102.314,Far_west,west
1117,32.271,-102.1,Far_west,west
1118,32.271,-102.1,Far_west,west
1119,32.173,-101.28,West,west
1120,32.173,-101.28,West,west
1121,32.414,-101.558,North,west
1122,32.414,-101.558,North,west
1123,31.726,-101.836,Far_west,west
1124,31.726,-101.836,Far_west,west
1125,31.939,-102.78,Far_west,west
1126,31.939,-102.78,Far_west,west
1127,32.411,-101.826,North,west
1128,32.411,-101.826,North,west
1129,31.865,-102.426,Far_west,west
1130,31.865,-102.426,Far_west,west
1131,32.309,-101.902,Far_west,west
1132,32.309,-101.902,Far_west,west
1133,32.319,-101.362,West,west
1134,32.319,-101.362,West,west
2001,33.63291,-95.39071,North,north
2002,33.628143,-96.367605,North,north
2003,33.628143,-96.367605,North,north
2007,33.615167,-95.900109,North,north
2008,34.857258,-100.512868,North,west
2009,33.973297,-98.721096,North,west
2010,33.915315,-99.740278,North,west
2011,35.238333,-101.310833,North,west
2012,35.238333,-101.310833,North,west
2013,35.238333,-101.310833,North,west
2014,34.447226,-100.809848,North,west
2015,33.471617,-97.445189,North,north
2016,33.627623,-96.767394,North,north
2017,35.4275,-101.253056,North,west
2018,35.4275,-101.253056,North,west
2019,35.4275,-101.253056,North,west
2020,33.943784,-98.523064,North,west
2021,33.6968,-95.5577,North,north
2022,33.6968,-95.5577,North,north
2023,33.6968,-95.5577,North,north
2024,33.6968,-95.5577,North,north
2025,33.864515,-98.491046,North,west
2026,35.830763,-100.765905,North,west
2027,33.481551,-95.269247,North,north
2028,34.004783,-98.388757,North,west
2029,34.432267,-101.237233,North,west
2030,33.708311,-96.240654,North,north
2031,33.710684,-100.384217,North,west
2032,33.857868,-95.649137,North,north
2033,33.500378,-96.146489,North,north
2034,33.830932,-96.839764,North,north
2035,33.431837,-99.853667,North,west
2036,33.894941,-98.54367,North,west
2037,33.54915,-97.32958,North,north
2038,33.55352,-96.282897,North,north
2039,33.455991,-97.751818,North,north
2040,33.663063,-94.997258,North,north
2041,35.386038,-101.578572,North,west
2042,35.386038,-101.578572,North,west
2043,33.737974,-96.839543,North,north
2044,33.743893,-96.936121,North,north
2045,33.969523,-98.509016,North,west
2046,33.800717,-96.725989,North,north
2047,33.623645,-96.427874,North,north
2048,33.752201,-100.967402,North,west
2049,34.102943,-99.118746,North,west
2050,33.39167,-95.42519,North,north
2051,33.75849,-98.202251,North,west
2052,34.90076,-100.994549,North,west
2053,33.520572,-97.95612,North,north
2054,33.9133,-98.4931,North,west
2055,33.9133,-98.4931,North,west
2058,35.4789,-101.2439,North,west
2060,33.576823,-95.809701,North,north
2061,34.292913,-99.367734,North,west
2062,34.292913,-99.367734,North,west
2063,33.8181,-96.5692,North,north
2064,33.745236,-95.744327,North,north
2065,33.661583,-97.17635,North,north
2066,33.183064,-100.245133,North,west
2067,33.799085,-98.50984,North,west
2068,33.509722,-98.360833,North,west
2069,33.450768,-96.742245,North,north
2070,33.493056,-98.581944,North,west
2071,33.493056,-98.581944,North,west
2072,33.537706,-96.906575,North,north
2073,32.96736,-100.56428,North,west
2074,32.96736,-100.56428,North,west
2076,32.96736,-100.56428,North,west
2077,33.733006,-97.428406,North,north
2078,33.733006,-97.428406,North,north
2079,33.994322,-100.287247,North,west
2080,33.793074,-97.963802,North,north
2081,33.615539,-96.072156,North,north
2082,33.8625,-98.5894,North,west
2083,33.8625,-98.5894,North,west
2084,33.8625,-98.5894,North,west
2085,33.8625,-98.5894,North,west
2086,33.626904,-97.687873,North,north
2087,33.341053,-100.714732,North,west
2088,33.495278,-98.5,North,west
2089,33.495278,-98.5,North,west
2090,33.498221,-94.890845,North,north
2091,33.57824,-99.1921,North,west
2092,33.727126,-96.470794,North,north
2093,35.3503,-101.54,North,west
2096,33.713671,-101.433811,North,west
2097,33.713671,-101.433811,North,west
2098,33.713671,-101.433811,North,west
2099,33.713671,-101.433811,North,west
2101,33.582573,-96.617893,North,north
2102,33.582573,-96.617893,North,north
2103,33.582573,-96.617893,North,north
2104,33.582573,-96.617893,North,north
2105,33.582573,-96.617893,North,north
2106,33.498186,-96.378894,North,north
2107,33.604131,-96.550405,North,north
2108,33.345366,-99.624257,North,west
2109,34.103273,-98.622467,North,west
2110,33.703851,-97.372009,North,north
2111,33.527396,-98.884782,North,west
2112,34.008308,-98.25932,North,west
2113,33.6308,-95.59,North,north
2114,33.6308,-95.59,North,north
2115,33.6308,-95.59,North,north
2116,33.6308,-95.59,North,north
2117,33.6308,-95.59,North,north
2118,33.6308,-95.59,North,north
2119,33.6308,-95.59,North,north
2120,33.6308,-95.59,North,north
2121,33.801868,-95.151966,North,north
2122,33.778716,-95.996823,North,north
2123,35.442778,-101.372778,North,west
2124,33.43566,-96.549913,North,north
2125,33.464643,-96.892724,North,north
2126,33.458028,-97.128552,North,north
2127,35.653889,-100.538611,North,west
2128,35.653889,-100.538611,North,west
2129,33.439125,-96.311485,North,north
2130,33.186882,-99.595332,North,west
2131,33.186882,-99.595332,North,west
2133,33.741367,-97.535329,North,north
3001,30.036701,-99.163039,West,south
3002,30.036701,-99.163039,West,south
3003,32.3606,-100.3389,West,west
3004,32.3606,-100.3389,West,west
3005,29.64447,-99.682471,West,south
3006,32.857004,-100.124032,North,west
3007,32.473621,-100.032723,North,west
3008,31.736902,-99.567791,North_central,west
3009,30.441414,-100.56062,West,west
3010,29.6747,-100.078588,West,south
3011,30.653746,-98.918266,West,south
3012,30.437069,-98.708714,West,south
3013,32.335677,-99.667488,West,west
3014,30.731599,-98.385422,West,south
3015,32.415212,-100.573539,North,west
3016,32.255978,-100.320309,West,west
3017,32.255978,-100.320309,West,west
3018,31.048557,-100.623114,West,west
3019,31.048557,-100.623114,West,west
3020,31.048557,-100.623114,West,west
3021,32.783669,-99.720186,North,west
3022,32.3358,-100.9156,West,west
3023,32.940911,-99.850964,North,west
3024,30.883539,-100.595464,West,west
3025,31.157093,-98.763991,West,south
3026,32.6256,-99.4928,North,west
3027,32.6256,-99.4928,North,west
3028,32.6256,-99.4928,North,west
3029,31.257224,-98.376742,North_central,south
3030,31.50972,-100.322075,West,west
3031,32.274081,-99.826041,West,west
3032,32.333551,-99.927724,West,west
3033,32.631073,-101.008494,North,west
3034,32.631073,-101.008494,North,west
3035,30.93982,-99.079893,West,south
3036,31.5481,-99.1872,North_central,north
3037,32.4694,-100.6664,North,west
3038,32.4694,-100.6664,North,west
3039,32.4694,-100.6664,North,west
3040,31.738576,-99.934162,West,west
3041,32.05,-100.6917,West,west
3042,32.05,-100.6917,West,west
3046,32.3122,-100.5303,West,west
3047,32.3122,-100.5303,West,west
3048,32.3122,-100.5303,West,west
3049,32.796921,-99.880885,North,west
3050,29.83722,-101.212436,West,west
3051,29.83722,-101.212436,West,west
3052,30.095115,-99.628211,West,south
3053,32.214024,-100.05712,West,west
3054,32.214024,-100.05712,West,west
3055,32.214024,-100.05712,West,west
3056,32.214024,-100.05712,West,west
3057,32.214024,-100.05712,West,west
3058,31.951958,-101.018936,West,west
3059,31.951958,-101.018936,West,west
3060,31.951958,-101.018936,West,west
3061,31.951958,-101.018936,West,west
3062,31.951958,-101.018936,West,west
3063,31.951958,-101.018936,West,west
3064,32.199366,-100.491908,West,west
3065,32.199366,-100.491908,West,west
3066,31.176951,-99.616412,North_central,west
3067,32.4301,-100.235652,North,west
3068,32.4301,-100.235652,North,west
3069,32.120249,-99.753027,West,west
3070,32.2878,-100.1,West,west
3071,32.2878,-100.1,West,west
3072,31.534768,-100.113803,West,west
3073,29.234722,-100.209167,Southern,south
3074,29.234722,-100.209167,Southern,south
3075,30.843122,-99.570053,West,west
3076,29.395621,-100.439985,West,south
3077,32.362783,-99.817314,West,west
3078,32.5886,-100.6728,North,west
3079,32.5886,-100.6728,North,west
3080,32.5886,-100.6728,North,west
3081,32.5886,-100.6728,North,west
3082,32.318221,-100.176986,West,west
3083,32.318221,-100.176986,West,west
3084,32.318221,-100.176986,West,west
3085,32.4375,-100.7444,North,west
3086,32.4375,-100.7444,North,west
3087,32.4375,-100.7444,North,west
3088,32.5144,-99.6564,North,west
3089,32.5144,-99.6564,North,west
3091,32.5144,-99.6564,North,west
3092,32.5144,-99.6564,North,west
3093,29.988092,-100.286076,West,south
3094,32.311556,-100.061589,West,west
3095,32.311556,-100.061589,West,west
3096,32.94793,-101.147784,North,west
3097,32.94793,-101.147784,North,west
3098,32.94793,-101.147784,North,west
3099,32.415823,-99.90623,North,west
3100,32.630473,-99.830642,North,west
3101,30.936768,-98.467066,West,south
3102,32.576489,-99.665323,North,west
3103,32.291861,-100.210748,West,west
3104,30.7507,-98.4176,West,south
3105,30.7507,-98.4176,West,south
3106,30.7507,-98.4176,West,south
3107,30.159136,-99.345011,West,south
3108,31.088158,-98.01069,North_central,south
3109,32.931944,-101.143611,North,west
3110,32.931944,-101.143611,North,west
3111,31.951944,-100.791389,West,west
3112,31.951944,-100.791389,West,west
3113,31.951944,-100.791389,West,west
3114,31.268843,-100.563525,West,west
3115,32.969722,-100.524167,North,west
3116,32.718056,-100.793333,North,west
3117,32.718056,-100.793333,North,west
3119,29.325033,-100.391847,West,south
3120,29.325033,-100.391847,West,south
3121,32.4969,-100.5797,North,west
3122,32.4969,-100.5797,North,west
3123,29.151012,-100.01587,Southern,south
3124,30.280938,-98.876683,West,south
3125,32.462235,-99.715894,North,west
3126,29.291845,-99.612368,West,south
3127,32.290833,-100.4219,West,west
3128,32.404869,-100.711396,North,west
3129,32.3983,-100.6481,North,west
3130,31.802748,-101.055625,West,west
3131,32.303889,-100.021667,West,west
3132,31.262546,-99.843961,West,west
3133,32.7204,-100.9952,North,west
3134,32.7204,-100.9952,North,west
3136,32.7204,-100.9952,North,west
3137,32.4081,-100.1286,North,west
3138,30.897544,-100.107479,West,west
3139,31.858516,-100.165338,West,west
3140,32.052075,-99.69465,West,west
3141,32.3472,-100.3703,West,west
3142,31.289523,-100.15267,West,west
3143,31.515316,-99.380601,North_central,west
3144,31.411505,-99.682323,West,west
3145,32.664859,-100.212875,North,west
3146,30.45867,-100.06915,West,south
3147,31.102377,-98.25934,West,south
4002,29.358523,-100.777486,West,west
4003,26.461461,-98.285881,Southern,south
4004,27.833509,-99.685482,Southern,south
4005,27.833509,-99.685482,Southern,south
4006,27.32,-99.0,Southern,south
4007,26.189433,-98.322929,Southern,south
4008,29.079849,-98.642309,South_central,south
4009,27.022112,-97.498478,Southern,south
4010,27.022112,-97.498478,Southern,south
4011,27.100448,-98.789966,Southern,south
4012,26.083177,-97.96214,Southern,south
4013,26.3403,-98.19,Southern,south
4014,28.476396,-100.276888,Southern,south
4015,28.476396,-100.276888,Southern,south
4016,28.790915,-98.717634,Southern,south
4017,27.627121,-97.269242,Southern,south
4018,28.197778,-97.444953,Southern,south
4019,26.090103,-97.798453,Southern,south
4020,27.5925,-97.500833,Southern,south
4021,26.376651,-97.993045,Southern,south
4022,28.041684,-99.399193,Southern,south
4023,28.941736,-98.851298,Southern,south
4024,28.7044,-98.4775,Southern,south
4025,28.7044,-98.4775,Southern,south
4026,28.7044,-98.4775,Southern,south
4027,26.166944,-98.325,Southern,south
4028,28.7128,-97.214167,Coast,south
4029,28.7128,-97.214167,Coast,south
4030,28.7128,-97.214167,Coast,south
4031,27.128233,-99.33083,Southern,south
4032,27.444204,-97.865597,Southern,south
4033,27.513811,-99.502143,Southern,south
4034,26.111189,-98.241746,Southern,south
4035,27.811083,-97.595813,Southern,south
4036,28.888748,-99.562652,Southern,south
4037,28.2078,-97.522673,Southern,south
4038,28.407712,-97.71062,Southern,south
4039,26.169846,-98.329793,Southern,south
4040,26.169846,-98.329793,Southern,south
4041,26.230677,-98.114039,Southern,south
4042,26.230677,-98.114039,Southern,south
4043,26.649,-99.0387,Southern,south
4044,26.5575,-99.1642,Southern,south
4045,26.5575,-99.1642,Southern,south
4046,26.5575,-99.1642,Southern,south
4047,26.5575,-99.1642,Southern,south
4048,26.242813,-98.494493,Southern,south
4049,26.364843,-97.545341,Southern,south
4050,26.364843,-97.545341,Southern,south
4051,27.5697,-97.8228,Southern,south
4052,27.5697,-97.8228,Southern,south
4053,26.911014,-97.773774,Southern,south
4054,28.246189,-97.650894,Southern,south
4055,27.819419,-97.392456,Southern,south
4056,27.882778,-97.242778,Southern,south
4057,27.882778,-97.242778,Southern,south
4058,27.882778,-97.242778,Southern,south
4059,27.882778,-97.242778,Southern,south
4060,27.882778,-97.242778,Southern,south
4064,27.81922,-97.535461,Southern,south
4065,27.81922,-97.535461,Southern,south
4066,26.158622,-97.989155,Southern,south
4067,26.179999,-97.725607,Southern,south
4068,26.296101,-98.0096,Southern,south
4069,27.8175,-97.4814,Southern,south
4070,25.943923,-97.317944,Southern,south
4071,25.943923,-97.317944,Southern,south
4072,27.768021,-97.399135,Southern,south
4073,26.208,-98.3992,Southern,south
4074,26.208,-98.3992,Southern,south
4075,26.208,-98.3992,Southern,south
4076,26.208,-98.3992,Southern,south
4077,26.208,-98.3992,Southern,south
4078,27.729894,-97.385247,Southern,south
4079,26.318913,-98.370054,Southern,south
4080,27.6064,-97.3117,Southern,south
4081,27.6064,-97.3117,Southern,south
4082,27.6064,-97.3117,Southern,south
4083,27.6064,-97.3117,Southern,south
4084,27.6064,-97.3117,Southern,south
4085,27.6064,-97.3117,Southern,south
4086,26.249888,-97.511842,Southern,south
4087,27.695151,-97.269443,Southern,south
4088,26.149684,-98.189714,Southern,south
4089,26.269683,-97.867012,Southern,south
4090,26.269683,-97.867012,Southern,south
4099,27.992706,-97.743983,Southern,south
4100,27.833756,-97.496523,Southern,south
4101,27.634677,-99.258329,Southern,south
4102,26.074676,-97.52318,Southern,south
4103,26.451111,-98.1775,Southern,south
4104,27.9386,-97.4586,Southern,south
4105,27.9386,-97.4586,Southern,south
4106,26.125979,-97.377599,Southern,south
4107,26.1619,-98.058657,Southern,south
4108,27.88929,-97.258417,Southern,south
4109,27.683277,-97.406289,Southern,south
4110,26.235,-97.271778,Southern,south
4111,26.232466,-97.823173,Southern,south
4112,27.139147,-97.90137,Southern,south
4113,27.5667,-99.5089,Southern,south
4114,27.5667,-99.5089,Southern,south
4115,27.5667,-99.5089,Southern,south
4116,27.5667,-99.5089,Southern,south
4117,28.764536,-98.48596,Southern,south
4118,28.257475,-98.143051,Southern,south
4119,26.523359,-99.017108,Southern,south
4120,27.752006,-97.436501,Southern,south
4121,26.100103,-97.798453,Southern,south
4122,26.34172,-98.175759,Southern,south
4123,27.662514,-97.371365,Southern,south
4124,26.880517,-98.216213,Southern,south
4125,28.621959,-97.937625,Southern,south
4126,25.988942,-97.443582,Southern,south
4127,27.65992,-98.07572,Southern,south
4128,26.582929,-98.521632,Southern,south
4129,27.634419,-98.496692,Southern,south
4130,27.835918,-98.62897,Southern,south
4131,28.9377,-99.10765,Southern,south
4132,28.9377,-99.10765,Southern,south
4133,28.9377,-99.10765,Southern,south
4139,28.093161,-97.962915,Southern,south
4140,27.223056,-97.789167,Southern,south
4141,27.223056,-97.789167,Southern,south
4143,28.703396,-99.191188,Southern,south
4144,27.986244,-98.060187,Southern,south
4145,27.892132,-97.384238,Southern,south
4146,27.373543,-99.350596,Southern,south
4147,27.373543,-99.350596,Southern,south
4148,28.310347,-98.573186,Southern,south
4149,28.120701,-97.19689,Southern,south
4150,27.73963,-97.46682,Southern,south
4151,27.0011,-97.5994,Southern,south
4152,27.0011,-97.5994,Southern,south
4153,27.0011,-97.5994,Southern,south
4154,26.321607,-98.476164,Southern,south
4155,26.253727,-98.567191,Southern,south
4156,27.703573,-97.345045,Southern,south
4157,26.296434,-98.299977,Southern,south
4158,27.819412,-97.419203,Southern,south
4159,27.819412,-97.419203,Southern,south
4160,27.819412,-97.419203,Southern,south
4161,27.819412,-97.419203,Southern,south
4162,27.819412,-97.419203,Southern,south
4164,26.274827,-98.654824,Southern,south
4165,27.122529,-97.557372,Southern,south
4166,27.122529,-97.557372,Southern,south
4167,26.477435,-97.921496,Southern,south
4168,27.8139,-97.4283,Southern,south
4169,28.170179,-97.817507,Southern,south
4170,27.873028,-97.092196,Southern,south
4171,26.106086,-97.629292,Southern,south
4172,28.935779,-98.428996,South_central,south
4173,28.291147,-96.899059,Coast,south
4174,29.203679,-98.776694,South_central,south
4175,27.751747,-99.126085,Southern,south
4176,27.576111,-98.905278,Southern,south
4177,27.576111,-98.905278,Southern,south
4178,28.568278,-97.579237,Southern,south
4179,27.849558,-98.385775,Southern,south
4180,27.777437,-97.114983,Southern,south
4181,27.9958,-97.2967,Southern,south
4182,27.9958,-97.2967,Southern,south
4183,26.500883,-97.599064,Southern,south
4184,26.500883,-97.599064,Southern,south
4185,26.930929,-99.162765,Southern,south
4186,26.364153,-97.780439,Southern,south
4187,28.293173,-99.214344,Southern,south
4188,28.951173,-100.593386,Southern,south
4189,28.524903,-99.50848,Southern,south
4190,27.456115,-99.417339,Southern,south
4191,26.569308,-97.442331,Southern,south
4192,25.94113,-97.53276,Southern,south
4193,25.94113,-97.53276,Southern,south
4194,26.34892,-97.6668,Southern,south
4195,27.488056,-99.005278,Southern,south
4196,27.488056,-99.005278,Southern,south
4197,27.488056,-99.005278,Southern,south
5003,32.911702,-96.674838,North_central,north
5004,32.158265,-96.329632,North_central,north
5005,32.527015,-98.008849,North_central,north
5006,32.969699,-96.797334,North_central,north
5007,33.231569,-97.109882,North,north
5008,32.790131,-99.24184,North,west
5009,32.864887,-96.790359,North_central,north
5010,33.031561,-96.673164,North,north
5011,31.299588,-96.608952,North_central,north
5012,33.214869,-97.209692,North,north
5013,31.842565,-98.805134,North_central,north
5014,33.276319,-97.514178,North,north
5015,32.928037,-97.283914,North_central,north
5016,32.928037,-97.283914,North_central,north
5017,33.198704,-97.311628,North,north
5018,33.052226,-98.328415,North,north
5019,33.052226,-98.328415,North,north
5020,33.052226,-98.328415,North,north
5021,32.7206,-97.5142,North_central,north
5022,32.7206,-97.5142,North_central,north
5024,31.417256,-97.755604,North_central,north
5025,32.276663,-97.508356,North_central,north
5026,32.639029,-97.335106,North_central,north
5027,32.667305,-97.416615,North_central,north
5028,32.823978,-97.048681,North_central,north
5029,31.291151,-97.260738,North_central,north
5030,32.853068,-97.6966,North_central,north
5031,33.151747,-96.483157,North,north
5032,32.746823,-96.802681,North_central,north
5033,32.648611,-96.644444,North_central,north
5034,32.648611,-96.644444,North_central,north
5043,32.945503,-96.375325,North_central,north
5044,33.041942,-97.597083,North,north
5045,32.282235,-98.196717,North_central,north
5046,32.282235,-98.196717,North_central,north
5047,32.503973,-97.188374,North_central,north
5048,32.503973,-97.188374,North_central,north
5049,33.1707,-96.1264,North,north
5050,33.1707,-96.1264,North,north
5051,33.1707,-96.1264,North,north
5052,33.1707,-96.1264,North,north
5053,33.090085,-96.740008,North,north
5054,31.503056,-96.520013,North_central,north
5055,33.1344,-98.6117,North,west
5056,33.1344,-98.6117,North,west
5057,33.1344,-98.6117,North,west
5058,33.1344,-98.6117,North,west
5059,32.277759,-96.105332,North_central,north
5060,32.277759,-96.105332,North_central,north
5063,32.775093,-97.14209,North_central,north
5064,32.775093,-97.14209,North_central,north
5070,32.781246,-96.878831,North_central,north
5071,31.576824,-97.127249,North_central,north
5072,32.997373,-96.788213,North_central,north
5073,31.706204,-99.151374,North_central,north
5074,33.241902,-96.807989,North,north
5075,31.553908,-98.049081,North_central,north
5076,32.819566,-96.184835,North_central,north
5077,32.819566,-96.184835,North_central,north
5078,33.273449,-96.990119,North,north
5079,31.513756,-97.152983,North_central,north
5080,31.34904,-97.21786,North_central,north
5081,31.114983,-97.845111,North_central,north
5082,32.692105,-97.086517,North_central,north
5083,33.172033,-96.69627,North,north
5084,33.172033,-96.69627,North,north
5085,32.665618,-96.873056,North_central,north
5086,32.719328,-97.155028,North_central,north
5087,32.139,-97.06,North_central,north
5088,31.8594,-97.3586,North_central,north
5089,31.8594,-97.3586,North_central,north
5090,32.831279,-96.771191,North_central,north
5091,32.038687,-96.807932,North_central,north
5092,32.280923,-97.16076,North_central,north
5093,32.986624,-97.377255,North_central,north
5094,32.23256,-96.706121,North_central,north
5095,33.110351,-97.005469,North,north
5096,33.021793,-96.615482,North,north
5097,32.814107,-97.091323,North_central,north
5098,32.581858,-97.420575,North_central,north
5099,33.03489,-97.124906,North,north
5100,32.770635,-96.746362,North_central,north
5101,31.891101,-98.614553,North_central,north
5102,32.976063,-96.74208,North_central,north
5103,32.976063,-96.74208,North_central,north
5104,32.620058,-97.274934,North_central,north
5105,32.9192,-96.9894,North_central,north
5108,32.636077,-96.964622,North_central,north
5109,32.562744,-96.752161,North_central,north
5110,32.764096,-98.276879,North_central,north
5111,32.960047,-96.838522,North_central,north
5112,32.001481,-97.8826,North_central,north
5113,33.310446,-97.369773,North,north
5114,32.568801,-96.255103,North_central,north
5115,33.16114,-96.239739,North,north
5116,33.034225,-96.811607,North,north
5117,32.691147,-97.262625,North_central,north
5118,32.428686,-99.159114,North,west
5119,33.014983,-98.053654,North_central,north
5120,31.748303,-99.032891,North_central,north
5121,31.748303,-99.032891,North_central,north
5122,32.841987,-96.702574,North_central,north
5123,31.202394,-96.814239,North_central,north
5124,31.202394,-96.814239,North_central,north
5125,32.784952,-97.100052,North_central,north
5126,32.912633,-96.736637,North_central,north
5127,31.769003,-97.804426,North_central,north
5128,32.753141,-96.839613,North_central,north
5129,31.5481,-98.49491,North_central,north
5130,33.021268,-96.741558,North,north
5131,31.051688,-97.499909,North_central,south
5132,31.051688,-97.499909,North_central,south
5133,32.362649,-97.924354,North_central,north
5134,32.804272,-98.892466,North_central,west
5135,32.495875,-98.66402,North_central,west
5136,33.457143,-95.667897,North,north
5137,31.475671,-97.083854,North_central,north
5138,31.475671,-97.083854,North_central,north
5139,32.923189,-96.891721,North_central,north
5140,31.486416,-97.706884,North_central,north
5141,33.321734,-96.378479,North,north
5142,31.285086,-97.390061,North_central,south
5143,32.775915,-97.180963,North_central,north
5144,31.627123,-97.215893,North_central,north
5145,32.72944,-96.996462,North_central,north
5146,32.938077,-96.556367,North_central,north
5147,33.075422,-96.802686,North,north
5148,32.874833,-96.996735,North_central,north
5149,32.878497,-96.707819,North_central,north
5150,33.276426,-98.382374,North,north
5151,31.988989,-97.52976,North_central,north
5152,32.969008,-96.580883,North_central,north
5153,33.098727,-97.723422,North,north
5154,32.116002,-97.343521,North_central,north
5155,32.759373,-98.666449,North_central,west
5156,31.931233,-98.927404,North_central,north
5157,32.599427,-96.864075,North_central,north
5158,32.771707,-96.616717,North_central,north
5159,31.029028,-96.934783,North_central,south
5160,33.208811,-97.055133,North,north
5161,32.824924,-96.679438,North_central,north
5162,31.661047,-96.955129,North_central,north
5163,31.075955,-97.604369,North_central,south
5164,33.1975,-97.1061,North,north
5165,33.1975,-97.1061,North,north
5166,33.1975,-97.1061,North,north
5167,33.1975,-97.1061,North,north
5168,32.868529,-96.876118,North_central,north
5169,32.338659,-98.476051,North_central,west
5170,32.338659,-98.476051,North_central,west
5171,32.043976,-96.91458,North_central,north
5172,32.682733,-97.782298,North_central,north
5173,33.056756,-96.730831,North,north
5174,31.8932,-96.8751,North_central,north
5175,33.149467,-97.096016,North,north
5176,32.904994,-98.324274,North_central,north
5177,32.635563,-97.148829,North_central,north
5178,32.851681,-96.43617,North_central,north
5179,32.067483,-96.585136,North_central,north
5180,32.067483,-96.585136,North_central,north
5181,32.928902,-96.619782,North_central,north
5182,31.476579,-97.728745,North_central,north
5183,32.962473,-96.89817,North_central,north
5184,32.775409,-97.435599,North_central,north
5185,33.093365,-97.462793,North,north
5186,32.452281,-97.072628,North_central,north
5187,33.250203,-98.925556,North,west
5188,33.050164,-96.87454,North,north
5189,32.802132,-96.788852,North_central,north
5190,32.587603,-98.333604,North_central,north
5191,31.916215,-97.710123,North_central,north
5192,30.936006,-97.934579,North_central,south
5193,30.936006,-97.934579,North_central,south
5194,32.66066,-96.911882,North_central,north
5195,33.114675,-97.173782,North,north
5196,33.205801,-98.365069,North,north
5197,33.205801,-98.365069,North,north
5198,33.205801,-98.365069,North,north
5199,32.759104,-97.329756,North_central,north
5200,32.799602,-98.126806,North_central,north
5201,31.710422,-96.818676,North_central,north
5202,32.229113,-96.475509,North_central,north
5203,32.999309,-96.841688,North_central,north
5204,33.101,-97.9574,North,north
5205,33.101,-97.9574,North,north
5206,33.101,-97.9574,North,north
5207,33.101,-97.9574,North,north
5208,33.101,-97.9574,North,north
5209,32.083522,-97.736712,North_central,north
5210,32.830658,-97.145157,North_central,north
5211,31.848506,-96.807276,North_central,north
5212,32.439873,-96.678049,North_central,north
5213,32.880196,-96.651555,North_central,north
5214,32.711405,-96.838591,North_central,north
5215,33.371246,-96.933242,North,north
5216,32.724047,-97.269432,North_central,north
5217,32.840011,-97.225295,North_central,north
5218,33.099993,-97.340499,North,north
5219,32.533273,-96.428985,North_central,north
5220,33.373051,-97.213359,North,north
5221,31.149208,-97.633196,North_central,south
5222,32.436676,-96.079558,North_central,north
5223,31.654919,-96.468137,North_central,north
5224,33.005262,-96.896742,North_central,north
5225,33.030354,-96.357203,North,north
5226,31.686677,-98.776277,North_central,north
5227,32.758408,-96.301323,North_central,north
5228,32.665447,-96.759451,North_central,north
5229,32.750602,-96.756846,North_central,north
5230,32.811847,-96.812903,North_central,north
5231,31.738177,-98.213739,North_central,north
5232,32.692186,-97.133304,North_central,north
5233,32.860285,-97.086028,North_central,north
5234,33.163129,-96.790192,North,north
5235,30.925736,-97.59865,North_central,south
5236,33.383611,-98.711944,North,west
5237,33.383611,-98.711944,North,west
5238,33.383611,-98.711944,North,west
5239,31.383333,-98.466667,North_central,north
5240,31.383333,-98.466667,North_central,north
5241,31.383333,-98.466667,North_central,north
5243,31.383333,-98.466667,North_central,north
5244,32.70065,-97.386965,North_central,north
5245,32.925765,-97.071545,North_central,north
5246,32.208483,-97.795247,North_central,north
5247,32.117538,-97.575601,North_central,north
5248,32.852971,-97.130443,North_central,north
5249,32.787009,-97.523856,North_central,north
5250,32.767119,-96.689321,North_central,north
5251,32.776671,-97.009389,North_central,north
5252,32.902679,-96.793393,North_central,north
5253,33.03271,-97.06007,North,north
5254,33.009335,-97.22672,North_central,north
5255,32.704456,-97.993148,North_central,north
5256,32.237512,-96.842324,North_central,north
5257,32.177712,-96.85118,North_central,north
5258,32.7563,-96.4916,North_central,north
5259,33.068055,-96.452481,North,north
5260,32.298365,-97.785515,North_central,north
5261,32.298365,-97.785515,North_central,north
5262,32.298365,-97.785515,North_central,north
5263,32.298365,-97.785515,North_central,north
5264,32.298594,-98.552257,North_central,west
5265,32.924009,-97.225148,North_central,north
5266,32.580181,-96.964675,North_central,north
5267,31.409518,-97.531134,North_central,north
5268,33.316269,-95.788968,North,north
5269,32.467194,-97.054333,North_central,north
5270,31.816191,-97.243292,North_central,north
5271,30.789254,-97.291628,North_central,south
5272,32.792496,-96.772763,North_central,north
5273,32.963417,-96.984664,North_central,north
5274,32.605192,-96.674333,North_central,north
5275,31.85346,-96.624458,North_central,north
5276,31.468564,-96.794168,North_central,north
5277,33.176495,-96.950551,North,north
5278,31.075303,-97.252433,North_central,south
5279,31.055833,-97.317222,North_central,south
5280,31.055833,-97.317222,North_central,south
5281,31.055833,-97.317222,North_central,south
5282,31.055833,-97.317222,North_central,south
5283,31.055833,-97.317222,North_central,south
5284,32.986,-96.085998,North_central,north
5285,33.315883,-97.857678,North,north
5286,32.075301,-98.34862,North_central,north
5287,32.59121,-97.039429,North_central,north
5288,33.420872,-95.945707,North,north
5289,32.944622,-96.801792,North_central,north
5290,31.8694,-97.3667,North_central,north
5291,32.913522,-97.433835,North_central,north
5292,32.847326,-97.482178,North_central,north
5293,32.425936,-97.539874,North_central,north
5294,32.873485,-96.747539,North_central,north
5295,33.166944,-96.601666,North,north
5296,33.166944,-96.601666,North,north
5304,33.089587,-96.607767,North,north
5305,33.089587,-96.607767,North,north
5306,32.695708,-97.631482,North_central,north
5307,33.070292,-96.912391,North,north
5308,32.8358,-96.5458,North_central,north
5309,32.828651,-96.745951,North_central,north
5310,32.868421,-97.252132,North_central,north
5311,32.84831,-96.825474,North_central,north
5312,32.900196,-97.561179,North_central,north
5313,32.63852,-96.695516,North_central,north
5314,31.662159,-97.506079,North_central,north
5315,33.261505,-97.238057,North,north
5316,32.817309,-96.630277,North_central,north
5317,32.337679,-97.734612,North_central,north
5318,32.337679,-97.734612,North_central,north
5319,32.337679,-97.734612,North_central,north
5320,32.337679,-97.734612,North_central,north
5321,32.337679,-97.734612,North_central,north
5322,32.7231,-96.9358,North_central,north
5323,32.7231,-96.9358,North_central,north
5324,32.7231,-96.9358,North_central,north
5325,32.7231,-96.9358,North_central,north
5326,32.7231,-96.9358,North_central,north
5327,31.77471,-96.828196,North_central,north
5328,31.346717,-97.082774,North_central,north
5329,32.711324,-96.781215,North_central,north
5330,32.754272,-97.083196,North_central,north
5331,33.338899,-96.752977,North,north
5332,32.904444,-97.386111,North_central,north
5333,32.521773,-96.807315,North_central,north
5334,32.2664,-99.518879,West,west
5335,32.885259,-96.942108,North_central,north
5336,32.897846,-96.550385,North_central,north
5337,33.143056,-98.161111,North,north
5338,32.56207,-97.631011,North_central,north
5339,32.959922,-97.148582,North_central,north
5340,32.786796,-96.819971,North_central,north
5341,33.068473,-96.963806,North,north
5344,32.893295,-96.864339,North_central,north
5345,32.022461,-97.133361,North_central,north
5346,32.707831,-97.338265,North_central,north
5347,32.556004,-99.164736,North,west
5348,32.18398,-97.07141,North_central,north
5349,32.617663,-96.778058,North_central,north
5350,32.857617,-96.576325,North_central,north
5351,32.857617,-96.576325,North_central,north
5352,32.792244,-96.744003,North_central,north
5353,32.643212,-96.916468,North_central,north
5354,32.725663,-96.558988,North_central,north
5355,32.302367,-97.037219,North_central,north
5356,32.964607,-96.649686,North_central,north
5357,33.114327,-96.693964,North,north
5358,31.474378,-96.957149,North_central,north
5359,31.474378,-96.957149,North_central,north
5360,31.474378,-96.957149,North_central,north
5361,33.1964,-97.9208,North,north
5362,33.1964,-97.9208,North,north
5370,33.081367,-97.061017,North,north
5371,32.552083,-96.539931,North_central,north
5372,32.925283,-96.8368,North_central,north
5373,32.803436,-97.267376,North_central,north
5374,32.716601,-96.620085,North_central,north
5375,32.6785,-97.330511,North_central,north
5376,32.676238,-96.936565,North_central,north
5377,31.112884,-97.729602,North_central,south
5378,31.539723,-97.195009,North_central,north
5379,32.859685,-97.291523,North_central,north
5380,32.32,-96.675,North_central,north
5381,32.32,-96.675,North_central,north
5382,32.32,-96.675,North_central,north
5383,32.32,-96.675,North_central,north
5384,32.710306,-96.678549,North_central,north
5385,32.710306,-96.678549,North_central,north
5386,32.991557,-96.663063,North_central,north
5387,32.742058,-97.38173,North_central,north
5388,31.620954,-97.09851,North_central,north
5389,31.620954,-97.09851,North_central,north
5390,30.998647,-97.259017,North_central,south
5391,30.998647,-97.259017,North_central,south
5393,31.694792,-97.374883,North_central,north
5394,32.7683,-99.4228,North,west
5395,32.7683,-99.4228,North,west
5396,32.7683,-99.4228,North,west
5397,32.7683,-99.4228,North,west
5399,32.7683,-99.4228,North,west
5400,33.245879,-96.631295,North,north
5401,32.33422,-97.731686,North_central,north
5402,32.33422,-97.731686,North_central,north
5403,32.33422,-97.731686,North_central,north
5404,32.33422,-97.731686,North_central,north
5405,32.33422,-97.731686,North_central,north
5407,31.819958,-97.517494,North_central,north
5408,33.174219,-96.356004,North,north
5409,32.689222,-97.18913,North_central,north
5410,31.009641,-97.746417,North_central,south
5411,31.009641,-97.746417,North_central,south
5412,33.012135,-96.534936,North,north
5413,32.6581,-98.3103,North_central,north
5414,32.6581,-98.3103,North_central,north
5415,32.6581,-98.3103,North_central,north
5416,32.6581,-98.3103,North_central,north
5417,32.6581,-98.3103,North_central,north
5418,32.6581,-98.3103,North_central,north
5419,32.6581,-98.3103,North_central,north
5420,32.975361,-97.310486,North_central,north
5421,33.066219,-96.309004,North,north
5422,33.019646,-96.961986,North,north
5425,32.813576,-96.878036,North_central,north
5426,32.366686,-96.245039,North_central,north
5427,32.360829,-96.915523,North_central,north
5428,32.8172,-97.180586,North_central,north
5429,32.816503,-97.359532,North_central,north
5430,32.754964,-97.791085,North_central,north
5431,32.943901,-96.452875,North_central,north
5432,32.848403,-97.903219,North_central,north
5433,32.7283,-97.2192,North_central,north
5434,33.00085,-97.444409,North_central,north
5435,32.600503,-98.17276,North_central,north
5436,32.930338,-96.787496,North_central,north
5437,31.696619,-97.073707,North_central,north
5438,32.7811,-97.354585,North_central,north
5439,32.372201,-96.784944,North_central,north
5440,32.722844,-97.080239,North_central,north
5441,32.652918,-97.379538,North_central,north
5442,32.749099,-97.272957,North_central,north
5443,32.728688,-97.317801,North_central,north
5444,32.4302,-97.0537,North_central,north
5445,32.4302,-97.0537,North_central,north
5446,31.453501,-97.195339,North_central,north
5447,32.639649,-97.217476,North_central,north
5448,32.664953,-97.024692,North_central,north
5449,32.664953,-97.024692,North_central,north
5450,33.285118,-96.566247,North,north
5451,31.219045,-97.968224,North_central,north
5452,31.219045,-97.968224,North_central,north
5453,32.3994,-97.4078,North_central,north
5454,33.004305,-96.075913,North,north
5455,33.372433,-97.669953,North,north
5456,32.116953,-98.98514,North_central,west
5457,32.891787,-97.149641,North_central,north
5458,30.884326,-97.378809,North_central,south
5459,30.884326,-97.378809,North_central,south
5461,31.137885,-97.373626,North_central,south
5462,32.660862,-96.840948,North_central,north
5463,32.825907,-96.966915,North_central,north
5464,33.146336,-96.856347,North,north
5465,33.146336,-96.856347,North,north
5466,31.467983,-97.735272,North_central,north
5467,32.787742,-96.79939,North_central,north
5468,32.703913,-96.871889,North_central,north
5469,32.708639,-97.363495,North_central,north
5470,31.529664,-97.260442,North_central,north
5471,32.371306,-98.377389,North_central,north
5472,33.169139,-99.266006,North,west
5473,32.266222,-97.655141,North_central,north
5474,31.86976,-97.01498,North_central,north
5475,32.414944,-97.196367,North_central,north
5476,32.043193,-96.350943,North_central,north
5477,31.050856,-97.644625,North_central,south
5478,32.796608,-96.954903,North_central,north
5479,32.532666,-97.306547,North_central,north
5480,32.532666,-97.306547,North_central,north
5481,32.63587,-97.503481,North_central,north
5482,32.835893,-96.795514,North_central,north
5483,32.88659,-97.208384,North_central,north
5484,32.006925,-99.290758,North_central,west
5485,32.122927,-96.723661,North_central,north
6001,29.47982,-98.29926,South_central,south
6002,29.65235,-98.656213,South_central,south
6003,30.1456,-97.2708,South_central,south
6004,30.1456,-97.2708,South_central,south
6005,30.1456,-97.2708,South_central,south
6006,30.1456,-97.2708,South_central,south
6007,30.1456,-97.2708,South_central,south
6008,30.1456,-97.2708,South_central,south
6011,29.600453,-98.047576,South_central,south
6012,30.303885,-97.218899,South_central,south
6013,29.371436,-98.593411,South_central,south
6014,29.700745,-97.301328,South_central,south
6015,29.283035,-98.737267,South_central,south
6016,29.460646,-98.571279,South_central,south
6017,29.575004,-98.220552,South_central,south
6018,30.228276,-97.618833,South_central,south
6019,30.293268,-97.76605,South_central,south
6020,30.558,-98.3721,South_central,south
6021,30.562551,-97.907897,South_central,south
6022,30.562551,-97.907897,South_central,south
6023,30.562551,-97.907897,South_central,south
6024,30.304265,-97.685722,South_central,south
6025,29.590028,-98.525262,South_central,south
6026,29.341337,-98.705628,South_central,south
6027,30.41432,-97.35518,South_central,south
6028,30.216168,-97.856006,South_central,south
6029,28.952237,-97.887161,South_central,south
6030,29.202338,-97.076333,Coast,south
6031,29.202338,-97.076333,Coast,south
6032,30.319748,-97.958224,South_central,south
6033,30.41217,-97.57405,South_central,south
6034,30.41217,-97.57405,South_central,south
6035,30.41217,-97.57405,South_central,south
6036,29.585862,-98.406811,South_central,south
6037,29.585862,-98.406811,South_central,south
6038,30.293424,-97.784408,South_central,south
6039,30.293424,-97.784408,South_central,south
6040,30.293424,-97.784408,South_central,south
6043,29.462006,-98.676785,South_central,south
6044,29.4151,-98.459123,South_central,south
6045,29.5889,-98.6139,South_central,south
6046,29.5889,-98.6139,South_central,south
6047,29.5889,-98.6139,South_central,south
6055,29.903262,-98.556446,South_central,south
6056,29.696878,-98.070726,South_central,south
6057,29.696878,-98.070726,South_central,south
6058,29.696878,-98.070726,South_central,south
6059,29.285285,-99.329182,South_central,south
6060,29.697453,-98.486728,South_central,south
6061,30.382481,-97.673467,South_central,south
6062,30.215075,-96.410272,South_central,south
6063,30.215075,-96.410272,South_central,south
6064,30.215075,-96.410272,South_central,south
6065,30.773295,-98.04518,South_central,south
6066,29.6244,-98.1419,South_central,south
6067,29.6244,-98.1419,South_central,south
6068,29.6244,-98.1419,South_central,south
6069,29.6244,-98.1419,South_central,south
6070,29.6244,-98.1419,South_central,south
6071,29.6244,-98.1419,South_central,south
6072,29.6244,-98.1419,South_central,south
6073,29.6244,-98.1419,South_central,south
6074,29.6244,-98.1419,South_central,south
6075,29.9172,-96.7506,South_central,south
6076,29.9172,-96.7506,South_central,south
6077,29.9172,-96.7506,South_central,south
6078,29.9172,-96.7506,South_central,south
6079,29.9172,-96.7506,South_central,south
6080,29.9172,-96.7506,South_central,south
6081,30.555288,-98.257593,South_central,south
6082,30.555288,-98.257593,South_central,south
6083,30.555288,-98.257593,South_central,south
6084,30.557044,-97.690286,South_central,south
6091,30.034449,-98.142776,South_central,south
6092,29.476954,-97.448924,South_central,south
6093,29.690514,-98.401812,South_central,south
6094,29.627214,-98.427068,South_central,south
6095,30.560042,-97.546124,South_central,south
6096,29.69611,-97.470663,South_central,south
6097,29.588638,-98.474585,South_central,south
6098,30.38798,-97.706853,South_central,south
6099,29.460597,-98.438554,South_central,south
6100,29.353553,-98.238308,South_central,south
6101,30.02547,-96.9945,South_central,south
6102,30.02547,-96.9945,South_central,south
6103,30.02547,-96.9945,South_central,south
6104,30.02547,-96.9945,South_central,south
6105,30.02547,-96.9945,South_central,south
6106,30.02547,-96.9945,South_central,south
6107,30.565871,-97.064032,South_central,south
6108,30.565871,-97.064032,South_central,south
6109,30.565871,-97.064032,South_central,south
6112,29.1998,-98.842165,South_central,south
6113,30.270569,-97.742589,South_central,south
6114,29.471464,-98.617755,South_central,south
6115,29.556038,-98.360283,South_central,south
6116,30.41477,-97.35701,South_central,south
6117,30.013899,-97.182148,South_central,south
6118,30.503949,-97.8242,South_central,south
6119,30.503949,-97.8242,South_central,south
6120,30.503949,-97.8242,South_central,south
6121,29.537264,-98.487882,South_central,south
6122,29.380036,-96.836189,Coast,south
6123,30.355657,-97.644682,South_central,south
6124,29.758823,-98.190462,South_central,south
6125,29.293499,-98.057016,South_central,south
6126,30.178419,-97.888662,South_central,south
6127,30.891129,-96.907601,North_central,south
6128,29.305467,-98.531136,South_central,south
6129,29.678291,-99.316592,South_central,south
6130,30.132806,-97.874687,South_central,south
6131,29.89476,-98.390967,South_central,south
6132,30.32223,-97.740167,South_central,south
6133,29.727617,-97.15845,South_central,south
6134,30.710857,-97.413885,North_central,south
6135,30.043016,-96.699188,South_central,south
6136,30.647924,-97.753177,South_central,south
6137,30.3899,-97.9073,South_central,south
6138,29.689692,-98.911216,South_central,south
6139,29.844013,-97.357996,South_central,south
6140,30.818633,-97.502485,North_central,south
6141,29.4289,-98.3433,South_central,south
6142,29.4289,-98.3433,South_central,south
6143,29.4289,-98.3433,South_central,south
6150,29.545289,-98.556564,South_central,south
6151,29.686278,-96.933605,South_central,south
6152,29.257046,-98.384045,South_central,south
6153,29.257046,-98.384045,South_central,south
6154,30.224134,-98.134815,South_central,south
6155,29.271667,-98.444722,South_central,south
6156,30.581216,-98.208732,South_central,south
6157,29.747683,-98.65027,South_central,south
6158,30.286936,-96.189365,South_central,south
6159,29.547068,-98.262642,South_central,south
6160,30.269969,-97.683557,South_central,south
6161,29.593056,-97.973215,South_central,south
6162,29.593056,-97.973215,South_central,south
6163,29.593056,-97.973215,South_central,south
6164,29.593056,-97.973215,South_central,south
6165,29.593056,-97.973215,South_central,south
6166,29.593056,-97.973215,South_central,south
6167,29.593056,-97.973215,South_central,south
6168,29.43445,-98.61765,South_central,south
6169,29.357251,-98.886655,South_central,south
6170,29.357251,-98.886655,South_central,south
6171,29.357251,-98.886655,South_central,south
6172,29.097035,-97.282413,Coast,south
6173,29.097035,-97.282413,Coast,south
6174,29.49163,-98.397127,South_central,south
6175,30.2867,-97.7356,South_central,south
6176,30.111915,-98.033573,South_central,south
6177,29.537782,-98.734752,South_central,south
6178,29.537782,-98.734752,South_central,south
6179,29.660485,-98.583454,South_central,south
6180,29.350393,-98.10703,South_central,south
6181,30.339696,-97.523512,South_central,south
6182,29.3525,-98.5761,South_central,south
6183,30.167624,-96.923038,South_central,south
6184,30.268138,-97.86919,South_central,south
6185,30.261084,-97.959435,South_central,south
6186,30.430749,-97.840085,South_central,south
6187,30.418557,-97.802545,South_central,south
6188,29.695979,-96.42546,Coast,south
6189,29.695979,-96.42546,Coast,south
6190,29.5649,-97.083825,South_central,south
6191,29.620088,-98.334481,South_central,south
6192,30.541565,-96.676232,North_central,south
6193,30.541565,-96.676232,North_central,south
6194,30.126966,-97.739969,South_central,south
6195,30.024253,-96.451051,South_central,south
6196,29.940066,-97.568294,South_central,south
6197,29.501708,-98.569451,South_central,south
6198,29.501708,-98.569451,South_central,south
6199,29.501708,-98.569451,South_central,south
6200,29.43993,-98.458718,South_central,south
6201,29.387986,-98.526019,South_central,south
6202,29.659595,-97.785202,South_central,south
6203,29.488906,-98.456235,South_central,south
6204,29.44123,-98.480515,South_central,south
6205,30.16711,-97.823998,South_central,south
6206,30.354823,-96.840158,South_central,south
6207,30.449996,-97.971806,South_central,south
6208,30.429937,-97.717796,South_central,south
6209,29.501055,-98.853494,South_central,south
6210,30.556,-98.3384,South_central,south
6211,30.556,-98.3384,South_central,south
6212,30.556,-98.3384,South_central,south
6213,30.556,-98.3384,South_central,south
6214,30.556,-98.3384,South_central,south
6217,30.37835,-97.951209,South_central,south
6218,29.871471,-97.676772,South_central,south
6219,30.351538,-97.732571,South_central,south
6220,29.538074,-98.415198,South_central,south
6221,28.867033,-98.240425,South_central,south
6222,30.206844,-97.79742,South_central,south
6223,30.206844,-97.79742,South_central,south
6224,30.402654,-97.761064,South_central,south
6225,29.464611,-98.493653,South_central,south
6226,30.182914,-98.566548,South_central,south
6227,30.243032,-97.765081,South_central,south
6228,29.880162,-97.966164,South_central,south
6229,29.880162,-97.966164,South_central,south
6230,29.880162,-97.966164,South_central,south
6231,30.078514,-97.838012,South_central,south
6232,30.150985,-97.607312,South_central,south
6233,30.3033,-97.6128,South_central,south
6234,29.400889,-98.730674,South_central,south
6235,29.400889,-98.730674,South_central,south
6236,29.400889,-98.730674,South_central,south
6237,30.960219,-97.12452,North_central,south
6238,30.230475,-97.714082,South_central,south
6239,29.308056,-98.3242,South_central,south
6240,29.308056,-98.3242,South_central,south
6241,29.308056,-98.3242,South_central,south
6242,29.308056,-98.3242,South_central,south
6243,29.308056,-98.3242,South_central,south
6250,29.518637,-98.362961,South_central,south
6251,29.971139,-98.228231,South_central,south
6252,30.402261,-98.359569,South_central,south
6253,28.857734,-97.428562,Coast,south
6254,30.2098,-97.6129,South_central,south
6255,30.2098,-97.6129,South_central,south
6256,30.2098,-97.6129,South_central,south
6257,30.2098,-97.6129,South_central,south
6258,30.2098,-97.6129,South_central,south
6259,30.2098,-97.6129,South_central,south
6260,30.2098,-97.6129,South_central,south
6261,29.391283,-98.618734,South_central,south
6262,30.748955,-97.875708,South_central,south
6263,28.733411,-97.894958,Southern,south
6264,28.733411,-97.894958,Southern,south
6265,29.129714,-97.311236,Coast,south
6275,29.395776,-98.464401,South_central,south
6276,29.243915,-98.622442,South_central,south
6277,29.875,-97.807,South_central,south
6278,29.875,-97.807,South_central,south
6279,29.54277,-97.937078,South_central,south
6280,29.54277,-97.937078,South_central,south
6281,29.525969,-98.277499,South_central,south
6282,30.430044,-98.112655,South_central,south
6283,29.43659,-98.205116,South_central,south
6284,29.271,-98.456,South_central,south
6285,29.859217,-98.706275,South_central,south
6286,29.859217,-98.706275,South_central,south
6287,29.422404,-98.525943,South_central,south
6288,29.422404,-98.525943,South_central,south
6289,30.348236,-97.768136,South_central,south
6290,30.492379,-97.748312,South_central,south
6291,29.624725,-98.624048,South_central,south
6292,30.1458,-97.55,South_central,south
6293,30.1458,-97.55,South_central,south
6294,30.1458,-97.55,South_central,south
6295,30.1458,-97.55,South_central,south
6296,30.1458,-97.55,South_central,south
6297,30.1458,-97.55,South_central,south
6298,29.7806,-97.9894,South_central,south
6299,29.7806,-97.9894,South_central,south
6300,29.7806,-97.9894,South_central,south
6301,29.7806,-97.9894,South_central,south
6302,29.7806,-97.9894,South_central,south
6303,29.7806,-97.9894,South_central,south
6304,29.7806,-97.9894,South_central,south
6306,30.331818,-97.704294,South_central,south
6307,29.421133,-98.570938,South_central,south
6308,29.427375,-99.141134,South_central,south
6309,29.427375,-99.141134,South_central,south
6310,29.474147,-98.348083,South_central,south
6311,29.806557,-96.686537,South_central,south
6312,29.44665,-98.387361,South_central,south
6313,30.321025,-97.884751,South_central,south
6314,29.769466,-98.453225,South_central,south
6315,30.841795,-97.809699,North_central,south
6316,30.841795,-97.809699,North_central,south
6319,30.841795,-97.809699,North_central,south
6320,29.418151,-98.394314,South_central,south
6321,29.073446,-98.080406,South_central,south
6322,29.073446,-98.080406,South_central,south
6323,29.404404,-98.505028,South_central,south
6324,29.309722,-98.3203,South_central,south
6325,30.852653,-97.148898,North_central,south
6326,30.471301,-96.438114,South_central,south
6327,29.488624,-96.652467,Coast,south
6328,29.972312,-98.904706,South_central,south
6329,28.871642,-97.696944,Southern,south
6330,30.183798,-97.684275,South_central,south
6331,30.458396,-97.755344,South_central,south
6332,29.609914,-98.746764,South_central,south
6333,29.503453,-98.664636,South_central,south
6334,29.503453,-98.664636,South_central,south
6335,29.503453,-98.664636,South_central,south
6336,29.707222,-99.095171,South_central,south
6337,29.516401,-98.52303,South_central,south
6338,30.700385,-96.83055,North_central,south
6339,30.094098,-97.495104,South_central,south
6340,29.428917,-97.735834,South_central,south
6341,30.1223,-96.258442,South_central,south
6342,30.501747,-97.647206,South_central,south
6343,30.501747,-97.647206,South_central,south
6344,30.501747,-97.647206,South_central,south
6345,30.289963,-97.714696,South_central,south
6346,29.070547,-98.48181,South_central,south
6349,30.397351,-97.842586,South_central,south
6350,30.397351,-97.842586,South_central,south
6351,30.397351,-97.842586,South_central,south
6352,29.634097,-98.497426,South_central,south
6353,30.543356,-97.64559,South_central,south
6354,30.534355,-97.725618,South_central,south
6355,30.534355,-97.725618,South_central,south
6356,29.468413,-98.528889,South_central,south
6357,29.135837,-99.168888,Southern,south
6358,30.659122,-97.618195,South_central,south
6359,30.800718,-98.283025,West,south
6360,30.800718,-98.283025,West,south
7001,28.83905,-96.889623,Coast,south
7002,29.72475,-95.176479,Coast,houston
7003,29.72475,-95.176479,Coast,houston
7004,29.72475,-95.176479,Coast,houston
7005,29.72475,-95.176479,Coast,houston
7006,29.72475,-95.176479,Coast,houston
7007,29.72475,-95.176479,Coast,houston
7008,29.72475,-95.176479,Coast,houston
7009,29.72475,-95.176479,Coast,houston
7010,30.086834,-95.990493,Coast,houston
7011,30.28584,-95.312397,South_central,houston
7012,29.687606,-95.95226,Coast,houston
7013,29.97967,-95.572835,Coast,houston
7014,29.8108,-95.2539,Coast,houston
7016,29.8161,-95.10773,Coast,houston
7017,29.815893,-95.522964,Coast,houston
7018,28.8947,-97.135,Coast,south
7019,28.8947,-97.135,Coast,south
7020,28.8947,-97.135,Coast,south
7021,28.8947,-97.135,Coast,south
7022,28.8947,-97.135,Coast,south
7023,28.8947,-97.135,Coast,south
7024,28.8947,-97.135,Coast,south
7026,29.49233,-94.98483,Coast,houston
7027,30.100394,-95.356377,Coast,houston
7028,29.652393,-95.521183,Coast,houston
7029,28.5105,-96.7706,Coast,south
7030,28.5105,-96.7706,Coast,south
7031,28.5105,-96.7706,Coast,south
7032,28.5105,-96.7706,Coast,south
7033,28.5105,-96.7706,Coast,south
7034,28.5105,-96.7706,Coast,south
7035,30.307375,-95.438548,South_central,houston
7036,30.307375,-95.438548,South_central,houston
7037,29.670004,-95.708089,Coast,houston
7038,29.670004,-95.708089,Coast,houston
7039,29.670004,-95.708089,Coast,houston
7040,30.054436,-94.921994,Coast,houston
7041,30.054436,-94.921994,Coast,houston
7042,28.7883,-97.01,Coast,south
7043,28.7883,-97.01,Coast,south
7044,28.7883,-97.01,Coast,south
7045,28.7883,-97.01,Coast,south
7046,28.7883,-97.01,Coast,south
7047,29.837561,-95.733756,Coast,houston
7048,29.837561,-95.733756,Coast,houston
7049,29.837561,-95.733756,Coast,houston
7050,30.156257,-95.74926,Coast,houston
7051,29.8634,-95.341409,Coast,houston
7052,29.600434,-95.515549,Coast,houston
7053,29.4731,-95.6244,Coast,houston
7054,29.883214,-95.111345,Coast,houston
7055,29.724893,-95.363752,Coast,houston
7056,30.194985,-95.548211,Coast,houston
7057,30.194985,-95.548211,Coast,houston
7058,28.6917,-96.5417,Coast,south
7059,28.6917,-96.5417,Coast,south
7060,28.6917,-96.5417,Coast,south
7061,28.6917,-96.5417,Coast,south
7062,28.6917,-96.5417,Coast,south
7063,28.6917,-96.5417,Coast,south
7064,28.6917,-96.5417,Coast,south
7065,28.6917,-96.5417,Coast,south
7066,28.6917,-96.5417,Coast,south
7067,29.911171,-95.341182,Coast,houston
7068,29.122,-96.276,Coast,south
7069,29.122,-96.276,Coast,south
7070,29.619365,-95.191192,Coast,houston
7071,28.444644,-96.491788,Coast,south
7072,29.456766,-95.031051,Coast,houston
7073,29.310535,-94.775768,Coast,houston
7074,29.310535,-94.775768,Coast,houston
7075,29.723185,-95.128856,Coast,houston
7076,29.75,-94.9256,Coast,houston
7077,29.75,-94.9256,Coast,houston
7078,29.75,-94.9256,Coast,houston
7079,29.75,-94.9256,Coast,houston
7080,29.75,-94.9256,Coast,houston
7083,29.50069,-95.08195,Coast,houston
7084,29.50069,-95.08195,Coast,houston
7085,29.263123,-95.258004,Coast,houston
7086,29.739444,-95.194722,Coast,houston
7087,29.620312,-95.605693,Coast,houston
7088,29.64609,-95.794526,Coast,houston
7089,29.812687,-95.583634,Coast,houston
7090,30.160534,-95.669154,Coast,houston
7091,29.545325,-95.350068,Coast,houston
7092,29.734813,-95.416098,Coast,houston
7093,29.741325,-95.560254,Coast,houston
7094,29.826448,-95.426267,Coast,houston
7095,28.795,-96.0481,Coast,south
7096,28.795,-96.0481,Coast,south
7097,28.795,-96.0481,Coast,south
7098,28.795,-96.0481,Coast,south
7099,28.795,-96.0481,Coast,south
7100,29.718525,-95.274137,Coast,houston
7101,29.694472,-95.649627,Coast,houston
7102,30.094886,-95.585826,Coast,houston
7103,29.743564,-95.30891,Coast,houston
7104,29.713414,-95.134508,Coast,houston
7105,29.713414,-95.134508,Coast,houston
7106,29.713414,-95.134508,Coast,houston
7107,29.713414,-95.134508,Coast,houston
7108,29.713414,-95.134508,Coast,houston
7109,29.713414,-95.134508,Coast,houston
7110,29.713414,-95.134508,Coast,houston
7111,29.713414,-95.134508,Coast,houston
7112,29.713414,-95.134508,Coast,houston
7116,29.631324,-96.076894,Coast,south
7117,29.917695,-95.489993,Coast,houston
7118,30.059307,-95.470689,Coast,houston
7119,29.661032,-95.229784,Coast,houston
7120,29.726017,-95.638249,Coast,houston
7123,28.429626,-96.574173,Coast,south
7124,29.795344,-95.36759,Coast,houston
7125,29.484448,-95.621636,Coast,houston
7126,29.484448,-95.621636,Coast,houston
7127,29.484448,-95.621636,Coast,houston
7128,30.324546,-95.505008,South_central,houston
7129,28.852327,-96.556418,Coast,south
7130,29.759124,-95.009648,Coast,houston
7131,29.759124,-95.009648,Coast,houston
7132,29.759124,-95.009648,Coast,houston
7133,29.759124,-95.009648,Coast,houston
7134,29.759124,-95.009648,Coast,houston
7135,29.759124,-95.009648,Coast,houston
7136,29.759124,-95.009648,Coast,houston
7137,29.759124,-95.009648,Coast,houston
7143,30.161219,-95.189761,Coast,houston
7144,29.6981,-95.2547,Coast,houston
7145,29.9522,-95.2422,Coast,houston
7147,29.652205,-95.54623,Coast,houston
7148,29.89036,-95.392527,Coast,houston
7149,28.695562,-96.794157,Coast,south
7150,30.471374,-95.363872,South_central,houston
7151,30.471374,-95.363872,South_central,houston
7152,29.733777,-95.433346,Coast,houston
7153,28.623423,-96.189925,Coast,south
7154,30.188194,-95.416291,Coast,houston
7155,29.685706,-95.434764,Coast,houston
7156,30.062169,-95.383966,Coast,houston
7157,30.062169,-95.383966,Coast,houston
7158,30.053105,-95.157943,Coast,houston
7159,29.9417,-95.5306,Coast,houston
7160,29.9417,-95.5306,Coast,houston
7161,29.9417,-95.5306,Coast,houston
7162,29.9417,-95.5306,Coast,houston
7163,29.9417,-95.5306,Coast,houston
7164,29.9417,-95.5306,Coast,houston
7165,29.9417,-95.5306,Coast,houston
7166,29.9417,-95.5306,Coast,houston
7167,29.9417,-95.5306,Coast,houston
7168,29.9417,-95.5306,Coast,houston
7169,29.9417,-95.5306,Coast,houston
7170,29.9417,-95.5306,Coast,houston
7171,29.378097,-94.932773,Coast,houston
7172,29.378097,-94.932773,Coast,houston
7173,30.046777,-95.221022,Coast,houston
7174,29.573552,-95.130613,Coast,houston
7175,30.040876,-95.528919,Coast,houston
7176,30.040876,-95.528919,Coast,houston
7177,30.040876,-95.528919,Coast,houston
7178,29.934695,-95.394872,Coast,houston
7179,29.537301,-95.474615,Coast,houston
7180,29.798249,-95.416933,Coast,houston
7181,29.881487,-95.452619,Coast,houston
7182,29.792687,-96.012215,Coast,houston
7183,29.701847,-95.534537,Coast,houston
7184,29.480277,-95.620277,Coast,houston
7185,29.480277,-95.620277,Coast,houston
7186,29.721048,-95.39536,Coast,houston
7187,29.721048,-95.39536,Coast,houston
7188,29.721048,-95.39536,Coast,houston
7198,30.061727,-95.681504,Coast,houston
7199,29.997775,-95.669444,Coast,houston
7200,29.997775,-95.669444,Coast,houston
7201,29.997775,-95.669444,Coast,houston
7202,30.099931,-96.065554,South_central,houston
7203,29.137519,-95.667972,Coast,houston
7204,29.6744,-94.9139,Coast,houston
7205,29.6744,-94.9139,Coast,houston
7206,29.6744,-94.9139,Coast,houston
7213,29.303555,-95.032327,Coast,houston
7214,29.66688,-95.335133,Coast,houston
7215,30.178248,-95.50096,Coast,houston
7216,29.771545,-95.411083,Coast,houston
7217,29.773179,-95.314327,Coast,houston
7218,30.306163,-95.68639,South_central,houston
7219,29.45527,-96.088253,Coast,south
7220,29.670869,-95.58599,Coast,houston
7221,29.699688,-95.584817,Coast,houston
7222,29.721825,-95.318275,Coast,houston
7223,29.988446,-95.531201,Coast,houston
7224,29.703454,-95.398317,Coast,houston
7225,29.8586,-95.580768,Coast,houston
7226,29.656113,-95.378696,Coast,houston
7227,29.827486,-95.65992,Coast,houston
7228,29.827486,-95.65992,Coast,houston
7229,29.827486,-95.65992,Coast,houston
7230,29.537482,-95.969548,Coast,houston
7231,29.613602,-95.11937,Coast,houston
7232,29.378697,-94.943829,Coast,houston
7233,30.079593,-95.932264,Coast,houston
7234,30.106685,-95.297121,Coast,houston
7235,29.93433,-95.74763,Coast,houston
7236,29.987805,-95.353412,Coast,houston
7237,29.560311,-95.98036,Coast,houston
7238,30.075658,-94.733441,Coast,houston
7239,29.868546,-94.603021,Coast,houston
7240,29.647267,-95.451516,Coast,houston
7241,29.771225,-95.511751,Coast,houston
7242,29.918595,-95.441194,Coast,houston
7243,29.87404,-95.018244,Coast,houston
7244,29.45566,-95.31001,Coast,houston
7245,30.00824,-95.438996,Coast,houston
7246,29.909215,-95.651234,Coast,houston
7247,29.191,-95.663,Coast,houston
7248,29.736295,-95.523292,Coast,houston
7249,29.800187,-95.328888,Coast,houston
7250,29.753624,-95.35981,Coast,houston
7251,30.047619,-95.833733,Coast,houston
7252,29.228486,-95.427444,Coast,houston
7253,29.228486,-95.427444,Coast,houston
7254,30.377954,-95.37714,South_central,houston
7255,29.74097,-95.391302,Coast,houston
7256,29.583542,-95.460693,Coast,houston
7257,29.561554,-95.279739,Coast,houston
7258,29.740079,-95.446409,Coast,houston
7259,29.586959,-95.225601,Coast,houston
7260,29.848372,-95.016398,Coast,houston
7261,28.8433,-95.8631,Coast,south
7262,28.8433,-95.8631,Coast,south
7263,29.6225,-95.0458,Coast,houston
7264,29.6225,-95.0458,Coast,houston
7265,29.6225,-95.0458,Coast,houston
7266,29.6225,-95.0458,Coast,houston
7267,29.6225,-95.0458,Coast,houston
7268,29.6225,-95.0458,Coast,houston
7269,29.6225,-95.0458,Coast,houston
7271,29.848463,-95.977102,Coast,houston
7272,29.618714,-95.324221,Coast,houston
7273,29.426389,-94.976667,Coast,houston
7274,28.67673,-97.198682,Coast,south
7275,28.67673,-97.198682,Coast,south
7276,29.83159,-95.379553,Coast,houston
7277,29.109147,-96.528761,Coast,south
7278,29.7731,-94.9019,Coast,houston
7279,29.7731,-94.9019,Coast,houston
7280,29.7731,-94.9019,Coast,houston
7281,29.7731,-94.9019,Coast,houston
7282,29.751645,-94.92312,Coast,houston
7283,29.751645,-94.92312,Coast,houston
7284,29.751645,-94.92312,Coast,houston
7285,29.751645,-94.92312,Coast,houston
7286,29.751645,-94.92312,Coast,houston
7290,30.123428,-95.517064,Coast,houston
7291,30.017301,-95.286217,Coast,houston
7292,29.943892,-95.531254,Coast,houston
7293,29.364468,-95.131078,Coast,houston
7294,29.506866,-94.520121,Coast,houston
7295,29.999296,-95.400207,Coast,houston
7296,29.776093,-95.603037,Coast,houston
7297,29.64536,-95.45169,Coast,houston
7298,29.830024,-95.474409,Coast,houston
7299,29.397447,-96.384508,Coast,south
7300,30.221853,-95.338811,Coast,houston
7301,29.53864,-95.1361,Coast,houston
7302,28.933093,-95.734948,Coast,south
7303,28.85788,-96.353868,Coast,south
7304,29.289415,-96.065399,Coast,south
7305,29.289415,-96.065399,Coast,south
7306,29.289415,-96.065399,Coast,south
7307,29.289415,-96.065399,Coast,south
7308,29.289415,-96.065399,Coast,south
7309,29.289415,-96.065399,Coast,south
7312,29.002,-95.394,Coast,houston
7313,29.002,-95.394,Coast,houston
7314,29.987117,-96.252942,Coast,south
7315,29.853215,-95.831456,Coast,houston
7316,29.61065,-95.386863,Coast,houston
7317,29.515074,-95.192133,Coast,houston
7318,29.62042,-95.268939,Coast,houston
7319,30.007063,-95.488362,Coast,houston
7320,28.9802,-95.342,Coast,houston
7321,28.9802,-95.342,Coast,houston
7322,28.9802,-95.342,Coast,houston
7323,28.9802,-95.342,Coast,houston
7324,28.9802,-95.342,Coast,houston
7325,28.9802,-95.342,Coast,houston
7326,28.9802,-95.342,Coast,houston
7327,29.2639,-95.8997,Coast,south
7328,29.2639,-95.8997,Coast,south
7329,29.2639,-95.8997,Coast,south
7330,29.704019,-95.460905,Coast,houston
7331,29.7189,-95.2319,Coast,houston
7332,29.7189,-95.2319,Coast,houston
7333,29.7189,-95.2319,Coast,houston
7334,29.7189,-95.2319,Coast,houston
7335,29.7189,-95.2319,Coast,houston
7336,29.62431,-95.567968,Coast,houston
7337,29.042415,-96.689715,Coast,south
7338,29.685621,-95.304159,Coast,houston
7339,29.33355,-95.82544,Coast,houston
7340,29.795148,-96.107713,Coast,south
7341,29.74063,-95.829571,Coast,houston
7342,29.74063,-95.829571,Coast,houston
7343,29.74063,-95.829571,Coast,houston
7344,29.860021,-95.382184,Coast,houston
7345,29.647012,-95.27663,Coast,houston
7346,29.4828,-95.6311,Coast,houston
7347,29.4828,-95.6311,Coast,houston
7348,29.4828,-95.6311,Coast,houston
7349,29.4828,-95.6311,Coast,houston
7350,29.4828,-95.6311,Coast,houston
7351,29.4828,-95.6311,Coast,houston
7352,29.4828,-95.6311,Coast,houston
7353,29.4828,-95.6311,Coast,houston
7354,29.4828,-95.6311,Coast,houston
7355,29.4828,-95.6311,Coast,houston
7356,29.4828,-95.6311,Coast,houston
7357,29.4828,-95.6311,Coast,houston
7362,29.748202,-95.468948,Coast,houston
7363,29.253166,-94.924652,Coast,houston
7364,29.522218,-96.218695,Coast,south
7365,29.862532,-95.29998,Coast,houston
7366,29.836952,-95.121744,Coast,houston
7367,29.836952,-95.121744,Coast,houston
7368,29.836952,-95.121744,Coast,houston
7369,29.836952,-95.121744,Coast,houston
7370,29.836952,-95.121744,Coast,houston
7371,29.836952,-95.121744,Coast,houston
7372,29.836952,-95.121744,Coast,houston
7373,29.836952,-95.121744,Coast,houston
7380,28.979167,-95.306944,Coast,houston
7381,29.852379,-95.254076,Coast,houston
7382,29.69843,-95.3569,Coast,houston
7383,29.364128,-95.435068,Coast,houston
7384,29.68025,-95.404913,Coast,houston
7385,29.874575,-95.527099,Coast,houston
7386,29.687947,-95.515725,Coast,houston
7387,29.994499,-95.177499,Coast,houston
7388,29.796871,-95.49165,Coast,houston
7389,30.4356,-95.5214,South_central,houston
7390,30.4356,-95.5214,South_central,houston
7391,30.4356,-95.5214,South_central,houston
7392,29.838138,-94.900661,Coast,houston
7393,29.191296,-95.967518,Coast,south
7394,30.009659,-95.040827,Coast,houston
7395,29.853067,-95.435966,Coast,houston
7396,29.769285,-95.681292,Coast,houston
7397,29.56318,-95.80023,Coast,houston
7398,29.647916,-95.18978,Coast,houston
7399,29.75415,-95.409498,Coast,houston
7400,29.822201,-95.219429,Coast,houston
7401,29.822201,-95.219429,Coast,houston
7402,29.822201,-95.219429,Coast,houston
7403,29.7028,-95.0718,Coast,houston
7404,29.952629,-95.446609,Coast,houston
7405,29.278188,-94.83329,Coast,houston
7406,28.650278,-96.539722,Coast,south
7407,28.650278,-96.539722,Coast,south
7408,28.650278,-96.539722,Coast,south
7409,29.745681,-95.742143,Coast,houston
7410,29.745681,-95.742143,Coast,houston
7411,30.136972,-95.46836,Coast,houston
7412,29.281605,-95.295533,Coast,houston
7413,29.349096,-96.191821,Coast,south
7414,28.69637,-96.9453,Coast,south
7415,28.69637,-96.9453,Coast,south
7416,28.69637,-96.9453,Coast,south
7417,29.646811,-95.450539,Coast,houston
7418,29.620736,-95.48615,Coast,houston
7419,29.7314,-95.0839,Coast,houston
7420,30.216858,-95.647214,South_central,houston
7421,30.216858,-95.647214,South_central,houston
7422,29.432362,-95.250698,Coast,houston
7423,29.432362,-95.250698,Coast,houston
7424,29.432362,-95.250698,Coast,houston
7425,29.926556,-95.603242,Coast,houston
7426,28.960572,-95.558277,Coast,houston
7427,29.750233,-95.615384,Coast,houston
7428,28.991289,-95.407481,Coast,houston
7429,28.991289,-95.407481,Coast,houston
7430,28.991289,-95.407481,Coast,houston
7431,30.233845,-95.495681,South_central,houston
7432,30.953672,-95.905344,North_central,north
8001,31.132442,-96.13919,North_central,north
8002,32.26754,-95.077715,East,north
8003,31.136452,-95.934344,North_central,north
8004,31.340783,-94.82617,East,north
8005,31.340783,-94.82617,East,north
8006,32.218325,-95.413415,East,north
8007,32.11274,-95.347503,East,north
8008,32.271436,-95.521442,East,north
8009,30.316397,-95.84999,South_central,north
8010,31.235882,-96.22928,North_central,north
8011,31.93201,-95.980743,North_central,north
8012,30.527987,-96.011435,South_central,north
8013,32.816432,-95.424745,East,north
8014,31.092367,-95.499937,East,north
8015,31.230511,-94.509986,East,north
8016,30.661252,-96.322612,North_central,north
8017,32.035939,-95.418796,East,north
8018,32.321937,-95.302223,East,north
8019,32.321937,-95.302223,East,north
8020,32.4744,-95.7156,East,north
8021,31.81932,-94.520617,East,north
8022,31.465312,-94.367277,East,north
8023,31.365833,-94.743611,East,north
8025,31.863226,-95.484612,East,north
8026,32.537897,-95.435716,East,north
8027,32.221577,-95.220644,East,north
8028,32.250339,-94.936535,East,north
8029,32.646573,-95.687531,East,north
8030,30.65991,-95.973798,South_central,north
8031,30.65991,-95.973798,South_central,north
8032,30.65991,-95.973798,South_central,north
8033,30.65991,-95.973798,South_central,north
8037,30.959521,-95.715509,East,north
8038,33.167979,-95.608219,North,north
8039,32.535169,-95.643977,East,north
8040,32.158557,-95.643712,East,north
8041,31.723329,-94.628596,East,north
8042,31.186933,-94.758734,East,north
8043,31.8907,-96.1131,North_central,north
8044,31.8907,-96.1131,North_central,north
8045,31.8907,-96.1131,North_central,north
8046,31.8907,-96.1131,North_central,north
8047,31.8907,-96.1131,North_central,north
8048,31.8907,-96.1131,North_central,north
8049,31.8907,-96.1131,North_central,north
8050,31.8907,-96.1131,North_central,north
8051,31.8907,-96.1131,North_central,north
8052,32.304235,-95.390814,East,north
8053,32.244008,-95.807608,East,north
8054,31.473728,-96.009175,North_central,north
8055,31.779325,-95.19267,East,north
8056,32.482238,-95.106353,East,north
8057,31.8206,-96.0544,North_central,north
8058,31.8206,-96.0544,North_central,north
8059,31.8206,-96.0544,North_central,north
8062,31.796249,-94.85434,East,north
8063,31.631742,-94.740721,East,north
8064,31.782559,-96.093621,North_central,north
8065,32.160767,-96.195272,North_central,north
8066,33.21732,-95.4621,North,north
8067,31.4219,-96.2525,North_central,north
8068,31.4219,-96.2525,North_central,north
8069,31.4219,-96.2525,North_central,north
8070,31.4219,-96.2525,North_central,north
8071,31.4219,-96.2525,North_central,north
8072,31.946003,-95.813468,East,north
8073,32.880733,-95.749061,North_central,north
8074,32.017826,-94.619743,East,north
8075,32.017826,-94.619743,East,north
8076,32.017826,-94.619743,East,north
8077,32.017826,-94.619743,East,north
8078,32.017826,-94.619743,East,north
8079,32.017826,-94.619743,East,north
8080,32.017826,-94.619743,East,north
8081,32.413107,-95.443348,East,north
8082,31.1803,-96.4866,North_central,north
8083,31.1803,-96.4866,North_central,north
8084,31.1803,-96.4866,North_central,north
8086,31.1803,-96.4866,North_central,north
8087,31.1803,-96.4866,North_central,north
8088,31.1803,-96.4866,North_central,north
8089,32.418412,-95.21307,East,north
8090,31.606693,-95.58334,East,north
8091,31.896737,-96.467327,North_central,north
8092,31.557267,-95.863721,East,north
8093,33.241961,-94.857848,North,north
8094,30.561385,-96.272583,South_central,north
8095,30.561385,-96.272583,South_central,north
8096,32.715013,-95.854461,North_central,north
8097,31.832132,-94.90064,East,north
8098,31.832132,-94.90064,East,north
8099,31.832132,-94.90064,East,north
8100,32.301523,-95.177964,East,north
8101,31.61295,-95.06209,East,north
8102,31.09828,-96.66368,North_central,north
8103,31.32952,-96.152778,North_central,north
8104,30.369294,-96.054766,South_central,north
8105,33.284418,-95.163557,North,north
8106,33.284418,-95.163557,North,north
8107,33.024442,-95.197098,North,north
8108,32.703269,-95.994666,North_central,north
8109,32.094348,-95.906047,East,north
8110,32.989261,-95.912936,North,north
8111,31.301706,-94.641414,East,north
8112,31.93985,-94.989834,East,north
8113,31.93985,-94.989834,East,north
8114,31.93985,-94.989834,East,north
8115,31.93985,-94.989834,East,north
8116,31.93985,-94.989834,East,north
8118,31.188898,-95.255739,East,north
8119,31.925449,-94.704029,East,north
8120,30.797736,-96.312084,North_central,north
8121,31.945137,-95.25698,East,north
8122,30.743004,-96.548436,North_central,north
8123,32.12747,-96.01423,North_central,north
8124,33.098096,-95.803234,North,north
8125,31.509051,-94.527216,East,north
8126,33.0917,-95.0417,North,north
8127,33.0917,-95.0417,North,north
8128,33.0917,-95.0417,North,north
8132,31.4789,-96.229757,North_central,north
8133,32.235066,-95.321028,East,north
8134,32.235066,-95.321028,East,north
8135,32.362434,-95.315262,East,north
8136,32.925093,-95.568154,East,north
8137,31.390774,-95.126653,East,north
8138,32.362631,-95.086688,East,north
8139,30.617778,-96.343333,South_central,north
8140,30.617778,-96.343333,South_central,north
8141,30.881424,-96.62542,North_central,north
8142,33.201315,-95.319229,North,north
8143,30.705329,-96.069829,South_central,north
8144,31.76524,-96.329922,North_central,north
8145,33.01419,-95.460935,North,north
8146,32.239409,-94.728328,East,north
8147,32.124519,-96.101277,North_central,north
8148,32.124519,-96.101277,North_central,north
8149,32.124519,-96.101277,North_central,north
8150,31.138382,-94.375214,East,north
8151,31.417425,-95.481652,East,north
8152,30.64741,-96.372316,North_central,north
8153,32.518146,-95.888865,North_central,north
8154,32.469555,-95.307879,East,north
8155,31.091925,-96.69503,North_central,north
8156,31.091925,-96.69503,North_central,north
8157,31.091925,-96.69503,North_central,north
8158,30.7217,-96.4608,North_central,north
8159,30.7217,-96.4608,North_central,north
8160,30.7217,-96.4608,North_central,north
12500,32.2606,-94.5706,East,north
12501,32.2606,-94.5706,East,north
12502,32.2606,-94.5706,East,north
12503,32.2606,-94.5706,East,north
12504,32.2606,-94.5706,East,north
12505,32.7563,-96.4916,North_central,north
12506,32.7563,-96.4916,North_central,north
12507,32.7563,-96.4916,North_central,north
12508,32.7563,-96.4916,North_central,north
12509,32.7563,-96.4916,North_central,north
12510,32.7563,-96.4916,North_central,north
12511,32.7563,-96.4916,North_central,north
12512,32.7563,-96.4916,North_central,north
12513,32.7563,-96.4916,North_central,north
12514,32.4302,-97.0537,North_central,north
12515,32.4302,-97.0537,North_central,north
12516,32.4302,-97.0537,North_central,north
12517,32.4302,-97.0537,North_central,north
12518,32.4302,-97.0537,North_central,north
12519,32.4302,-97.0537,North_central,north
12520,31.055833,-97.317222,North_central,south
12521,31.055833,-97.317222,North_central,south
12522,31.055833,-97.317222,North_central,south
12523,29.309722,-98.3203,South_central,south
12524,29.309722,-98.3203,South_central,south
12525,29.309722,-98.3203,South_central,south
12526,29.6244,-98.1419,South_central,south
12527,29.6244,-98.1419,South_central,south
12528,32.7283,-97.2192,North_central,north
12529,32.7283,-97.2192,North_central,north
12530,32.7283,-97.2192,North_central,north
12531,32.7283,-97.2192,North_central,north
12532,33.101,-97.9574,North,north
12533,33.101,-97.9574,North,north
12534,33.101,-97.9574,North,north
12535,27.6064,-97.3117,Southern,south
12536,32.8358,-96.5458,North_central,north
12537,32.8358,-96.5458,North_central,north
12538,32.8358,-96.5458,North_central,north
12540,29.7731,-94.9019,Coast,houston
12541,29.7731,-94.9019,Coast,houston
12542,28.6917,-96.5417,Coast,south
12543,28.6917,-96.5417,Coast,south
12544,29.191296,-95.967518,Coast,south
12545,29.191296,-95.967518,Coast,south
12546,29.191296,-95.967518,Coast,south
12547,31.8594,-97.3586,North_central,north
12548,31.8594,-97.3586,North_central,north
12549,31.8594,-97.3586,North_central,north
12550,31.8594,-97.3586,North_central,north
12551,31.8594,-97.3586,North_central,north
12552,29.7189,-95.2319,Coast,houston
12553,29.7189,-95.2319,Coast,houston
12554,32.214024,-100.05712,West,west
12555,33.0583,-97.9103,North,north
12556,33.0583,-97.9103,North,north
12557,33.0583,-97.9103,North,north
12558,33.0583,-97.9103,North,north
12559,33.0583,-97.9103,North,north
12560,26.3403,-98.19,Southern,south
12561,26.3403,-98.19,Southern,south
12562,26.3403,-98.19,Southern,south
12563,26.3403,-98.19,Southern,south
12564,31.951958,-101.018936,West,west
12565,28.7128,-97.214167,Coast,south
12566,27.819412,-97.419203,Southern,south
12567,29.378097,-94.932773,Coast,houston
12568,29.378097,-94.932773,Coast,houston
12569,29.378097,-94.932773,Coast,houston
12570,29.378097,-94.932773,Coast,houston
12571,29.378097,-94.932773,Coast,houston
12572,29.378097,-94.932773,Coast,houston
12573,29.2878,-96.0683,Coast,south
12574,29.2878,-96.0683,Coast,south
12575,29.2878,-96.0683,Coast,south
12576,29.2878,-96.0683,Coast,south
12577,29.2878,-96.0683,Coast,south
12578,29.2878,-96.0683,Coast,south
12579,29.2878,-96.0683,Coast,south
12580,29.2878,-96.0683,Coast,south
12581,34.485162,-101.971401,North,west
12582,34.485162,-101.971401,North,west
12583,34.485162,-101.971401,North,west
12584,29.013637,-96.220536,Coast,south
12585,29.013637,-96.220536,Coast,south
12586,29.013637,-96.220536,Coast,south
12588,30.998647,-97.259017,North_central,south
12589,30.998647,-97.259017,North_central,south
12590,31.461242,-96.824928,North_central,north
12591,31.461242,-96.824928,North_central,north
12592,31.461242,-96.824928,North_central,north
12593,31.171652,-101.881147,Far_west,west
12594,31.171652,-101.881147,Far_west,west
12595,31.171652,-101.881147,Far_west,west
12596,29.4731,-95.6244,Coast,houston
12597,29.4731,-95.6244,Coast,houston
12598,29.4731,-95.6244,Coast,houston
12599,29.4731,-95.6244,Coast,houston
12600,32.403056,-97.700556,North_central,north
12601,32.403056,-97.700556,North_central,north
12602,32.403056,-97.700556,North_central,north
12603,32.403056,-97.700556,North_central,north
12604,32.403056,-97.700556,North_central,north
12605,32.403056,-97.700556,North_central,north
12606,32.403056,-97.700556,North_central,north
12607,31.79261,-100.69729,West,west
12609,31.79261,-100.69729,West,west
12610,29.257046,-98.384045,South_central,south
12611,29.257046,-98.384045,South_central,south
12612,29.257046,-98.384045,South_central,south
12613,30.558,-98.3721,South_central,south
12614,30.558,-98.3721,South_central,south
12615,30.558,-98.3721,South_central,south
12616,30.558,-98.3721,South_central,south
12617,34.913,-102.2706,North,west
12618,34.913,-102.2706,North,west
12619,34.913,-102.2706,North,west
12620,30.1478,-97.2714,South_central,south
12621,30.1478,-97.2714,South_central,south
12622,30.1478,-97.2714,South_central,south
12623,30.1478,-97.2714,South_central,south
12624,30.1478,-97.2714,South_central,south
12626,27.8139,-97.4283,Southern,south
12627,27.8139,-97.4283,Southern,south
12628,27.8139,-97.4283,Southern,south
12629,30.91,-101.263,West,west
12630,30.91,-101.263,West,west
12631,30.91,-101.263,West,west
12632,34.4067,-101.59661,North,west
12633,34.4067,-101.59661,North,west
12634,34.4067,-101.59661,North,west
12635,29.122,-96.276,Coast,south
12636,33.119213,-98.852577,North,west
12637,33.119213,-98.852577,North,west
12638,33.119213,-98.852577,North,west
12639,29.02939,-96.2362,Coast,south
12640,29.02939,-96.2362,Coast,south
12641,29.02939,-96.2362,Coast,south
12643,26.34172,-98.175759,Southern,south
12644,26.34172,-98.175759,Southern,south
12645,26.34172,-98.175759,Southern,south
12646,31.262546,-99.843961,West,west
12647,31.262546,-99.843961,West,west
12648,29.8161,-95.10773,Coast,houston
12649,29.8161,-95.10773,Coast,houston
12650,29.8161,-95.10773,Coast,houston
12651,29.8161,-95.10773,Coast,houston
12652,29.8161,-95.10773,Coast,houston
12653,29.8161,-95.10773,Coast,houston
12654,29.8161,-95.10773,Coast,houston
12655,29.8161,-95.10773,Coast,houston
12656,31.5481,-99.1872,North_central,north
12657,31.5481,-99.1872,North_central,north
12658,31.5481,-99.1872,North_central,north
12659,32.883528,-100.746389,North,west
12661,32.883528,-100.746389,North,west
12662,32.883528,-100.746389,North,west
12663,32.901081,-100.982695,North,west
12664,32.901081,-100.982695,North,west
12665,32.901081,-100.982695,North,west
12666,32.901081,-100.982695,North,west
12667,31.8414,-102.315,Far_west,west
12668,31.8414,-102.315,Far_west,west
12669,31.8414,-102.315,Far_west,west
12670,31.8414,-102.315,Far_west,west
12671,31.8414,-102.315,Far_west,west
12672,31.8414,-102.315,Far_west,west
12673,31.8414,-102.315,Far_west,west
12675,33.39167,-95.42519,North,north
12676,33.169139,-99.266006,North,west
12677,33.169139,-99.266006,North,west
12678,33.169139,-99.266006,North,west
12679,32.116388,-102.528333,Far_west,west
12680,32.116388,-102.528333,Far_west,west
12681,32.116388,-102.528333,Far_west,west
12682,28.991289,-95.407481,Coast,houston
12683,28.991289,-95.407481,Coast,houston
12684,28.991289,-95.407481,Coast,houston
12685,28.991289,-95.407481,Coast,houston
12686,28.991289,-95.407481,Coast,houston
12687,31.219444,-102.19222,Far_west,west
12688,31.219444,-102.19222,Far_west,west
12689,29.426389,-94.976667,Coast,houston
12690,29.0728,-95.745,Coast,houston
12691,29.0728,-95.745,Coast,houston
12692,29.0728,-95.745,Coast,houston
12693,29.0728,-95.745,Coast,houston
12694,29.0728,-95.745,Coast,houston
12695,29.0728,-95.745,Coast,houston
12696,29.33355,-95.82544,Coast,houston
12697,29.33355,-95.82544,Coast,houston
12699,29.378697,-94.943829,Coast,houston
12700,29.378697,-94.943829,Coast,houston
12701,29.378697,-94.943829,Coast,houston
12702,29.378697,-94.943829,Coast,houston
12703,29.378697,-94.943829,Coast,houston
12704,29.943892,-95.531254,Coast,houston
12705,29.943892,-95.531254,Coast,houston
12706,29.943892,-95.531254,Coast,houston
12708,32.139,-97.06,North_central,north
12709,33.261505,-97.238057,North,north
12710,33.261505,-97.238057,North,north
12711,33.261505,-97.238057,North,north
12712,31.710422,-96.818676,North_central,north
12713,31.710422,-96.818676,North_central,north
12715,33.22392,-95.730767,North,north
12716,33.22392,-95.730767,North,north
12717,33.22392,-95.730767,North,north
12718,32.5557,-101.660063,North,west
12719,32.5557,-101.660063,North,west
12720,32.5557,-101.660063,North,west
12721,32.3358,-100.9156,West,west
12722,32.3358,-100.9156,West,west
12723,32.3358,-100.9156,West,west
12724,32.3358,-100.9156,West,west
12725,32.3358,-100.9156,West,west
12726,32.3358,-100.9156,West,west
12727,32.3358,-100.9156,West,west
12728,33.068055,-96.452481,North,north
12729,33.068055,-96.452481,North,north
12730,33.068055,-96.452481,North,north
12731,33.068055,-96.452481,North,north
12732,33.068055,-96.452481,North,north
12733,32.926389,-101.647778,North,west
12734,32.926389,-101.647778,North,west
12735,33.85245,-99.06509,North,west
12736,33.85245,-99.06509,North,west
12737,33.85245,-99.06509,North,west
12739,27.88929,-97.258417,Southern,south
12740,27.88929,-97.258417,Southern,south
12741,27.88929,-97.258417,Southern,south
12742,29.64536,-95.45169,Coast,houston
12743,29.848372,-95.016398,Coast,houston
12745,33.915315,-99.740278,North,west
12746,29.159228,-96.141572,Coast,south
12747,29.159228,-96.141572,Coast,south
12748,29.159228,-96.141572,Coast,south
12749,29.263123,-95.258004,Coast,houston
12750,29.263123,-95.258004,Coast,houston
12751,33.303497,-101.65722,North,west
12752,33.303497,-101.65722,North,west
12753,33.303497,-101.65722,North,west
12754,33.746323,-99.665516,North,west
12755,33.746323,-99.665516,North,west
12756,33.746323,-99.665516,North,west
12758,33.201315,-95.319229,North,north
12759,33.201315,-95.319229,North,north
12760,29.822201,-95.219429,Coast,houston
12761,29.49233,-94.98483,Coast,houston
12763,32.072844,-96.22393,North_central,north
12764,32.072844,-96.22393,North_central,north
12765,32.072844,-96.22393,North_central,north
12766,29.228486,-95.427444,Coast,houston
12769,33.481551,-95.269247,North,north
12771,31.819958,-97.517494,North_central,north
12773,28.170179,-97.817507,Southern,south
12774,31.10409,-102.60625,Far_west,west
12775,31.10409,-102.60625,Far_west,west
12776,31.091925,-96.69503,North_central,north
12777,31.091925,-96.69503,North_central,north
12779,33.457143,-95.667897,North,north
12780,33.457143,-95.667897,North,north
12782,29.45566,-95.31001,Coast,houston
12783,33.021601,-99.61463,North,west
12785,33.021601,-99.61463,North,west
12786,33.021601,-99.61463,North,west
12788,32.772889,-101.39102,North,west
12789,32.772889,-101.39102,North,west
12790,32.772889,-101.39102,North,west
12791,31.207988,-101.110787,West,west
12792,31.207988,-101.110787,West,west
12794,31.5481,-98.49491,North_central,north
12795,31.729906,-101.29894,West,west
12796,31.729906,-101.29894,West,west
12797,31.729906,-101.29894,West,west
12799,33.186882,-99.595332,North,west
12800,26.500883,-97.599064,Southern,south
12802,27.576111,-98.905278,Southern,south
12803,32.069167,-102.585556,Far_west,west
12804,32.069167,-102.585556,Far_west,west
12805,32.069167,-102.585556,Far_west,west
12806,32.069167,-102.585556,Far_west,west
12807,34.196962,-101.381494,North,west
12808,34.196962,-101.381494,North,west
12809,34.196962,-101.381494,North,west
12810,31.181377,-101.318787,West,west
12811,31.181377,-101.318787,West,west
12812,31.181377,-101.318787,West,west
12813,33.150904,-101.679188,North,west
12814,33.150904,-101.679188,North,west
12815,33.150904,-101.679188,North,west
12816,27.614411,-98.7945,Southern,south
12818,27.614411,-98.7945,Southern,south
12819,30.594908,-101.453021,West,west
12820,30.594908,-101.453021,West,west
12821,30.594908,-101.453021,West,west
12822,32.287873,-102.840399,Far_west,west
12823,32.287873,-102.840399,Far_west,west
12824,32.287873,-102.840399,Far_west,west
12826,31.549868,-96.904072,North_central,north
12827,31.549868,-96.904072,North_central,north
12828,33.284418,-95.163557,North,north
12829,31.77471,-96.828196,North_central,north
12830,31.77471,-96.828196,North_central,north
12831,28.4279,-97.4544,Southern,south
12833,28.4279,-97.4544,Southern,south
12834,31.36,-103.33,Far_west,west
12835,31.36,-103.33,Far_west,west
12836,31.36,-103.33,Far_west,west
12837,34.72,-102.253333,North,west
12838,34.72,-102.253333,North,west
12839,34.72,-102.253333,North,west
12841,31.85346,-96.624458,North_central,north
12842,32.28938,-99.291596,North_central,west
12844,32.28938,-99.291596,North_central,west
12845,35.653889,-100.538611,North,west
12846,34.511944,-102.051944,North,west
12847,34.511944,-102.051944,North,west
12848,34.511944,-102.051944,North,west
12849,28.650278,-96.539722,Coast,south
12850,28.650278,-96.539722,Coast,south
12852,29.894053,-97.270537,South_central,south
12853,29.894053,-97.270537,South_central,south
12854,29.894053,-97.270537,South_central,south
12855,31.2092,-102.2417,Far_west,west
12856,31.2092,-102.2417,Far_west,west
12858,28.621959,-97.937625,Southern,south
12859,28.621959,-97.937625,Southern,south
12860,29.227109,-95.430756,Coast,houston
12861,29.227109,-95.430756,Coast,houston
12862,29.364128,-95.435068,Coast,houston
12863,32.3994,-97.4078,North_central,north
12864,32.3994,-97.4078,North_central,north
12865,32.3994,-97.4078,North_central,north
12866,35.093889,-101.326111,North,west
12867,35.093889,-101.326111,North,west
12868,35.093889,-101.326111,North,west
12870,29.7314,-95.0839,Coast,houston
12871,29.7314,-95.0839,Coast,houston
12872,29.7314,-95.0839,Coast,houston
12873,29.7314,-95.0839,Coast,houston
12874,30.705329,-96.069829,South_central,north
12875,30.705329,-96.069829,South_central,north
12876,31.70038,-104.458136,Far_west,west
12878,31.70038,-104.458136,Far_west,west
12879,29.240399,-96.011535,Coast,south
12880,29.240399,-96.011535,Coast,south
12881,29.240399,-96.011535,Coast,south
12882,33.825,-101.099722,North,west
12883,33.825,-101.099722,North,west
12884,33.825,-101.099722,North,west
12885,32.437418,-99.108907,North,west
12887,32.437418,-99.108907,North,west
12888,28.628,-97.724,Southern,south
12890,28.628,-97.724,Southern,south
12891,31.165245,-103.125868,Far_west,west
12892,31.165245,-103.125868,Far_west,west
12893,31.030996,-102.488209,Far_west,west
12894,31.030996,-102.488209,Far_west,west
12895,31.030996,-102.488209,Far_west,west
12896,25.94113,-97.53276,Southern,south
12897,32.863769,-100.975128,North,west
12898,32.863769,-100.975128,North,west
12899,32.863769,-100.975128,North,west
12900,33.320637,-100.982201,North,west
12902,33.320637,-100.982201,North,west
12903,32.819566,-96.184835,North_central,north
12904,32.819566,-96.184835,North_central,north
12905,32.819566,-96.184835,North_central,north
12906,26.465556,-98.411111,Southern,south
12907,26.465556,-98.411111,Southern,south
12908,33.345366,-99.624257,North,west
12909,31.843422,-102.868295,Far_west,west
12910,31.435932,-99.796613,West,west
12911,31.435932,-99.796613,West,west
12912,33.25102,-95.193426,North,north
12913,33.25102,-95.193426,North,north
12914,28.655277,-98.001388,Southern,south
12915,28.655277,-98.001388,Southern,south
12916,33.426498,-95.357449,North,north
12917,33.426498,-95.357449,North,north
12918,32.275814,-102.844806,Far_west,west
12919,32.275814,-102.844806,Far_west,west
12920,31.86976,-97.01498,North_central,north
12921,31.896737,-96.467327,North_central,north
12922,29.388758,-94.947928,Coast,houston
12923,29.388758,-94.947928,Coast,houston
12924,30.960219,-97.12452,North_central,south
12925,31.029028,-96.934783,North_central,south
12926,31.45,-96.86,North_central,north
12927,31.45,-96.86,North_central,north
12928,31.45,-96.86,North_central,north
12929,33.21732,-95.4621,North,north
12930,27.32,-99.0,Southern,south
12931,27.5925,-97.500833,Southern,south
12932,33.310446,-97.369773,North,north
12933,29.723185,-95.128856,Coast,houston
12934,29.723185,-95.128856,Coast,houston
12935,28.896781,-95.865183,Coast,south
12936,28.896781,-95.865183,Coast,south
12937,33.732181,-99.726392,North,west
12938,33.732181,-99.726392,North,west
12939,32.84879,-100.866458,North,west
12940,32.84879,-100.866458,North,west
12941,32.3122,-100.5303,West,west
12942,28.905346,-96.978078,Coast,south
12943,28.905346,-96.978078,Coast,south
12944,28.905346,-96.978078,Coast,south
12945,34.380532,-100.099625,North,west
12946,34.380532,-100.099625,North,west
12947,29.560311,-95.98036,Coast,houston
12948,29.806984,-97.07408,South_central,south
12949,29.806984,-97.07408,South_central,south
12950,31.468564,-96.794168,North_central,north
12951,31.045676,-96.858633,North_central,south
12952,31.045676,-96.858633,North_central,south
12953,33.599167,-95.525056,North,north
12954,33.599167,-95.525056,North,north
12955,32.552083,-96.539931,North_central,north
12956,26.376651,-97.993045,Southern,south
12957,28.2078,-97.522673,Southern,south
12958,33.6968,-95.5577,North,north
12959,26.461461,-98.285881,Southern,south
12960,26.649,-99.0387,Southern,south
12961,32.124519,-96.101277,North_central,north
12962,34.6675,-102.577778,North,west
12963,34.6675,-102.577778,North,west
12964,34.102943,-99.118746,North,west
12965,33.35,-99.54,North,west
12966,33.35,-99.54,North,west
12967,29.45527,-96.088253,Coast,south
12968,32.160767,-96.195272,North_central,north
12969,32.160767,-96.195272,North_central,north
12970,26.522222,-97.691111,Southern,south
12971,26.522222,-97.691111,Southern,south
12972,29.358425,-95.746388,Coast,houston
12973,29.358425,-95.746388,Coast,houston
12974,28.974482,-95.993814,Coast,south
12975,28.974482,-95.993814,Coast,south
12976,27.580489,-97.640077,Southern,south
12977,27.580489,-97.640077,Southern,south
12978,33.609313,-99.58229,North,west
12979,33.609313,-99.58229,North,west
12980,32.741383,-101.621793,North,west
12981,32.741383,-101.621793,North,west
12982,29.295201,-95.42685,Coast,houston
12983,29.295201,-95.42685,Coast,houston
12984,30.936,-101.607,West,west
12985,30.936,-101.607,West,west
12986,33.639193,-95.629049,North,north
12987,33.639193,-95.629049,North,north
12988,29.109147,-96.528761,Coast,south
12989,29.109147,-96.528761,Coast,south
12990,28.197778,-97.444953,Southern,south
12991,27.553355,-97.675284,Southern,south
12992,27.553355,-97.675284,Southern,south
12993,27.553355,-97.675284,Southern,south
12994,28.988761,-95.395417,Coast,houston
12995,28.988761,-95.395417,Coast,houston
12996,32.781168,-100.006455,North,west
12997,32.781168,-100.006455,North,west
12998,32.273178,-101.422386,West,west
12999,33.433264,-95.574442,North,north
13000,33.433264,-95.574442,North,north
13001,33.433264,-95.574442,North,north
13002,32.7,-101.741111,North,west
13003,32.7,-101.741111,North,west
13004,35.200164,-102.315517,North,west
13005,35.200164,-102.315517,North,west
13006,30.967591,-97.165108,North_central,south
13007,30.967591,-97.165108,North_central,south
13008,30.651189,-96.091337,South_central,north
13009,30.651189,-96.091337,South_central,north
13010,27.03028,-99.388388,Southern,south
13011,27.03028,-99.388388,Southern,south
13012,33.182414,-99.389888,North,west
13013,33.182414,-99.389888,North,west
13014,31.74325,-101.493407,West,west
13015,29.87404,-95.018244,Coast,houston
13016,30.7217,-96.4608,North_central,north
13017,33.509722,-98.360833,North,west
13018,32.089488,-98.178531,North_central,north
13019,32.089488,-98.178531,North_central,north
13020,32.796921,-99.880885,North,west
13021,32.783669,-99.720186,North,west
13022,31.186,-103.128,Far_west,west
13023,31.186,-103.128,Far_west,west
13024,29.291845,-99.612368,West,south
13025,26.475278,-97.691111,Southern,south
13026,26.475278,-97.691111,Southern,south
13027,31.191687,-102.317227,Far_west,west
13028,31.191687,-102.317227,Far_west,west
13029,33.841272,-99.657805,North,west
13030,33.841272,-99.657805,North,west
13031,29.209729,-96.029597,Coast,south
13032,29.209729,-96.029597,Coast,south
13033,26.34892,-97.6668,Southern,south
13034,26.69842,-99.05745,Southern,south
13035,26.69842,-99.05745,Southern,south
13036,26.941667,-97.6425,Southern,south
13037,26.941667,-97.6425,Southern,south
13038,34.49,-101.97,North,west
13039,34.49,-101.97,North,west
13040,29.137519,-95.667972,Coast,houston
13041,33.719262,-99.023013,North,west
13042,33.719262,-99.023013,North,west
13043,33.719262,-99.023013,North,west
13044,29.350992,-100.562028,West,south
13045,29.350992,-100.562028,West,south
13046,34.170488,-99.563436,North,west
13047,34.170488,-99.563436,North,west
13048,26.364153,-97.780439,Southern,south
13049,27.992706,-97.743983,Southern,south
13050,27.9958,-97.2967,Southern,south
13051,31.8225,-98.690556,North_central,north
13052,31.8225,-98.690556,North_central,north
13053,26.33072,-97.5857,Southern,south
13054,26.33072,-97.5857,Southern,south
13055,34.311111,-101.251111,North,west
13056,34.311111,-101.251111,North,west
13057,34.748056,-102.174444,North,west
13058,34.748056,-102.174444,North,west
13059,35.254184,-101.186622,North,west
13060,35.254184,-101.186622,North,west
13061,26.388611,-98.806111,Southern,south
13062,26.388611,-98.806111,Southern,south
13063,26.380556,-98.818333,Southern,south
13064,26.380556,-98.818333,Southern,south
13065,34.080556,-101.323611,North,west
13066,34.080556,-101.323611,North,west
13067,27.44,-98.91,Southern,south
13068,27.44,-98.91,Southern,south
13069,31.684511,-98.603358,North_central,north
13070,31.684511,-98.603358,North_central,north
13071,32.104125,-100.162375,West,west
13072,32.104125,-100.162375,West,west
13073,31.517,-100.6,West,west
13074,31.517,-100.6,West,west
13075,26.523692,-98.745522,Southern,south
13076,26.523692,-98.745522,Southern,south
13077,33.26102,-95.193426,North,north
13078,33.26102,-95.193426,North,north
13079,32.811041,-99.91749,North,west
13080,32.811041,-99.91749,North,west
13081,29.191,-95.663,Coast,houston
13082,27.634677,-99.258329,Southern,south
13083,28.44208,-99.75582,Southern,south
13084,28.44208,-99.75582,Southern,south
13085,33.781077,-100.883227,North,west
13086,33.781077,-100.883227,North,west
13087,30.992905,-102.289475,Far_west,west
13088,30.992905,-102.289475,Far_west,west
13089,33.889462,-101.80158,North,west
13090,33.889462,-101.80158,North,west
13091,33.32056,-100.981664,North,west
13092,33.32056,-100.981664,North,west
13093,26.652863,-98.014871,Southern,south
13094,26.652863,-98.014871,Southern,south
13095,29.150279,-95.651179,Coast,houston
13096,29.150279,-95.651179,Coast,houston
13097,29.063305,-95.735431,Coast,houston
13098,29.063305,-95.735431,Coast,houston
13099,29.1779,-95.7612,Coast,houston
13100,29.1779,-95.7612,Coast,houston
13101,29.39,-95.78,Coast,houston
13102,29.39,-95.78,Coast,houston
13103,31.09828,-96.66368,North_central,north
13104,28.947973,-99.067186,Southern,south
13105,28.947973,-99.067186,Southern,south
13106,30.996511,-97.001505,North_central,south
13107,30.996511,-97.001505,North_central,south
13108,26.45,-98.48,Southern,south
13109,26.45,-98.48,Southern,south
13110,29.620088,-98.334481,South_central,south
13111,33.213466,-99.47612,North,west
13112,33.213466,-99.47612,North,west
13113,29.484448,-95.621636,Coast,houston
13114,33.467803,-95.370856,North,north
13115,33.467803,-95.370856,North,north
13116,26.249888,-97.511842,Southern,south
13117,31.39376,-98.35936,North_central,north
13118,31.39376,-98.35936,North_central,north
13119,31.727237,-101.582,Far_west,west
13120,31.727237,-101.582,Far_west,west
13121,32.533273,-96.428985,North_central,north
13122,28.68851,-96.509833,Coast,south
13123,28.68851,-96.509833,Coast,south
13124,35.295,-102.721111,North,west
13125,35.295,-102.721111,North,west
13126,29.2567,-98.3825,South_central,south
13127,33.004305,-96.075913,North,north
13128,26.195278,-97.466111,Southern,south
13129,26.195278,-97.466111,Southern,south
13130,31.995,-102.828333,Far_west,west
13131,27.184652,-97.59818,Southern,south
13132,27.184652,-97.59818,Southern,south
13133,33.268,-99.468,North,west
13134,33.268,-99.468,North,west
13135,34.072251,-99.264676,North,west
13136,34.072251,-99.264676,North,west
13137,30.995503,-102.223537,Far_west,west
13138,30.995503,-102.223537,Far_west,west
13139,35.442778,-101.372778,North,west
13140,31.255,-102.272,Far_west,west
13141,31.255,-102.272,Far_west,west
13142,31.242177,-99.421266,North_central,south
13143,31.242177,-99.421266,North_central,south
13144,31.719983,-104.442292,Far_west,west
13145,31.719983,-104.442292,Far_west,west
13146,33.54915,-97.32958,North,north
13147,30.885123,-102.42261,Far_west,west
13148,30.885123,-102.42261,Far_west,west
13149,35.18172,-100.934408,North,west
13150,35.18172,-100.934408,North,west
13151,29.281605,-95.295533,Coast,houston
13152,29.378164,-94.92195,Coast,houston
13153,29.378164,-94.92195,Coast,houston
13154,29.378164,-94.92195,Coast,houston
13155,31.157269,-101.831603,Far_west,west
13156,31.157269,-101.831603,Far_west,west
13157,32.1981,-100.2686,West,west
13158,32.1981,-100.2686,West,west
13159,35.259819,-102.06431,North,west
13160,35.259819,-102.06431,North,west
13161,34.378546,-102.053717,North,west
13162,34.378546,-102.053717,North,west
13163,29.0919,-96.09,Coast,south
13164,29.0919,-96.09,Coast,south
13165,34.769544,-102.052422,North,west
13166,34.769544,-102.052422,North,west
13167,27.954976,-97.300202,Southern,south
13168,27.954976,-97.300202,Southern,south
13169,31.754037,-101.67516,Far_west,west
13170,31.754037,-101.67516,Far_west,west
13171,35.276944,-102.682778,North,west
13172,35.276944,-102.682778,North,west
13173,31.694792,-97.374883,North_central,north
13174,32.386,-102.949,Far_west,west
13175,32.386,-102.949,Far_west,west
13176,29.694838,-95.040622,Coast,houston
13177,29.694838,-95.040622,Coast,houston
13178,29.694838,-95.040622,Coast,houston
13179,31.360331,-99.551356,North_central,south
13180,31.360331,-99.551356,North_central,south
13181,30.904629,-102.915916,Far_west,west
13182,30.904629,-102.915916,Far_west,west
13183,31.214,-100.255,West,west
13184,31.214,-100.255,West,west
13185,32.875073,-101.208955,North,west
13186,30.960209,-103.306662,Far_west,west
13187,30.960209,-103.306662,Far_west,west
13188,32.116002,-97.343521,North_central,north
13189,30.57552,-102.551292,Far_west,west
13190,30.57552,-102.551292,Far_west,west
13191,32.635105,-98.677196,North_central,west
13192,32.635105,-98.677196,North_central,west
13193,32.428686,-99.159114,North,west
13194,34.070333,-101.187628,North,west
13195,34.070333,-101.187628,North,west
13196,28.8433,-95.8631,Coast,south
13197,33.752201,-100.967402,North,west
13198,31.085435,-100.67882,West,west
13199,31.085435,-100.67882,West,west
13200,35.205278,-101.434167,North,west
13201,35.205278,-101.434167,North,west
13202,33.628222,-99.411169,North,west
13203,33.628222,-99.411169,North,west
13204,33.645964,-99.532944,North,west
13205,33.645964,-99.532944,North,west
13206,34.432267,-101.237233,North,west
13207,34.668882,-102.351727,North,west
13208,34.668882,-102.351727,North,west
13209,33.8093,-101.342405,North,west
13210,33.8093,-101.342405,North,west
13211,31.241808,-102.29027,Far_west,west
13212,31.241808,-102.29027,Far_west,west
13213,31.703258,-102.701206,Far_west,west
13214,31.254361,-102.31165,Far_west,west
13215,31.254361,-102.31165,Far_west,west
13216,30.010255,-94.486313,Coast,houston
13217,30.010255,-94.486313,Coast,houston
13218,31.233457,-102.308519,Far_west,west
13219,31.233457,-102.308519,Far_west,west
13220,33.00659,-99.60541,North,west
13221,33.00659,-99.60541,North,west
13222,33.01659,-99.60541,North,west
13223,33.01659,-99.60541,North,west
13224,28.430335,-97.452375,Southern,south
13225,28.430335,-97.452375,Southern,south
13226,28.440335,-97.452375,Southern,south
13227,28.440335,-97.452375,Southern,south
13228,27.577207,-99.276018,Southern,south
13229,27.577207,-99.276018,Southern,south
13230,32.72233,-101.638499,North,west
13231,32.72233,-101.638499,North,west
13232,29.227753,-95.428061,Coast,houston
13233,29.227753,-95.428061,Coast,houston
13234,29.023637,-96.220536,Coast,south
13235,29.023637,-96.220536,Coast,south
13236,32.452281,-97.072628,North_central,north
13237,33.457356,-97.289614,North,north
13238,33.457356,-97.289614,North,north
13239,29.72753,-100.79431,West,west
13240,29.72753,-100.79431,West,west
13241,31.112474,-100.028142,West,west
13242,31.112474,-100.028142,West,west
13243,32.308524,-99.164198,North_central,west
13244,32.308524,-99.164198,North_central,west
13245,32.18398,-97.07141,North_central,north
13246,32.290833,-100.4219,West,west
13247,26.288889,-97.496389,Southern,south
13248,26.288889,-97.496389,Southern,south
13249,31.7983,-101.9043,Far_west,west
13250,26.523359,-99.017108,Southern,south
13251,26.090103,-97.798453,Southern,south
13252,32.23256,-96.706121,North_central,north
13253,29.753517,-94.997277,Coast,houston
13254,30.009659,-95.040827,Coast,houston
13255,30.009659,-95.040827,Coast,houston
13256,27.918286,-97.98045,Southern,south
13257,27.918286,-97.98045,Southern,south
13258,32.7204,-100.9952,North,west
13259,28.883196,-99.178605,Southern,south
13260,28.883196,-99.178605,Southern,south
13261,32.067483,-96.585136,North_central,north
13262,32.3983,-100.6481,North,west
13263,33.703851,-97.372009,North,north
13264,31.534768,-100.113803,West,west
13265,30.228276,-97.618833,South_central,south
13266,33.210732,-97.418986,North,north
13267,33.210732,-97.418986,North,north
13268,33.404486,-96.082472,North,north
13269,33.404486,-96.082472,North,north
13270,33.5211,-101.7906,North,west
13271,29.242304,-95.658144,Coast,houston
13272,29.242304,-95.658144,Coast,houston
13273,33.030354,-96.357203,North,north
13274,31.000883,-102.281744,Far_west,west
13275,31.000883,-102.281744,Far_west,west
13276,29.647267,-95.451516,Coast,houston
13277,30.993056,-102.270833,Far_west,west
13278,30.993056,-102.270833,Far_west,west
13279,31.9361,-101.2983,West,west
13280,31.888,-100.825,West,west
13281,31.888,-100.825,West,west
13282,32.308524,-99.164498,North_central,west
13283,32.308524,-99.164498,North_central,west
13284,32.303889,-100.021667,West,west
13285,29.409669,-95.73405,Coast,houston
13286,29.409669,-95.73405,Coast,houston
13287,29.2293,-95.1952,Coast,houston
13288,33.143056,-98.161111,North,north
13289,26.411689,-98.571554,Southern,south
13290,26.411689,-98.571554,Southern,south
13291,31.446237,-99.902973,West,west
13292,31.446237,-99.902973,West,west
13293,31.738177,-98.213739,North_central,north
13294,31.09331,-102.35964,Far_west,west
13295,31.09331,-102.35964,Far_west,west
13296,25.9131,-97.5214,Southern,south
13297,28.69954,-100.40353,Southern,south
13298,28.69954,-100.40353,Southern,south
13299,32.4081,-100.1286,North,west
13300,32.290724,-100.865736,West,west
13301,32.290724,-100.865736,West,west
13302,31.197285,-103.361771,Far_west,west
13303,31.197285,-103.361771,Far_west,west
13304,31.45115,-103.361771,Far_west,west
13305,31.45115,-103.361771,Far_west,west
13306,32.7171,-101.9378,North,west
13307,32.7171,-101.9378,North,west
13308,32.371306,-98.377389,North_central,north
13309,31.346717,-97.082774,North_central,north
13310,31.356717,-97.082774,North_central,north
13311,31.356717,-97.082774,North_central,north
13312,32.747058,-100.954661,North,west
13313,29.216667,-99.716111,Southern,south
13314,29.216667,-99.716111,Southern,south
13315,33.04,-99.5525,North,west
13316,33.04,-99.5525,North,west
13317,32.715611,-101.926522,North,west
13318,32.715611,-101.926522,North,west
13319,31.4308,-103.7289,Far_west,west
13320,31.4308,-103.7289,Far_west,west
13321,32.460054,-102.672809,Far_west,west
13322,32.904444,-97.386111,North_central,north
13323,26.169846,-98.329793,Southern,south
13324,26.166944,-98.325,Southern,south
13325,30.737745,-99.231778,West,south
13326,30.737745,-99.231778,West,south
13327,30.748955,-97.875708,South_central,south
13328,29.16801,-95.445062,Coast,houston
13329,29.16801,-95.445062,Coast,houston
13330,33.3256,-97.31433,North,north
13331,33.3256,-97.31433,North,north
13332,30.41217,-97.57405,South_central,south
13333,29.170545,-95.741574,Coast,houston
13334,29.170545,-95.741574,Coast,houston
13335,29.225956,-99.700281,Southern,south
13336,29.225956,-99.700281,Southern,south
13337,29.21997,-99.746383,Southern,south
13338,29.21997,-99.746383,Southern,south
13339,30.924381,-102.953583,Far_west,west
13340,30.924381,-102.953583,Far_west,west
13341,29.646811,-95.450539,Coast,houston
13342,31.54,-97.409,North_central,north
13343,31.54,-97.409,North_central,north
13344,29.271,-98.456,South_central,south
13345,27.456115,-99.417339,Southern,south
13346,29.56318,-95.80023,Coast,houston
13347,29.50069,-95.08195,Coast,houston
13348,28.852327,-96.556418,Coast,south
13349,34.225882,-99.477986,North,west
13350,34.225882,-99.477986,North,west
13351,32.3472,-100.3703,West,west
13352,26.125979,-97.377599,Southern,south
13353,27.488056,-99.005278,Southern,south
13354,29.002,-95.394,Coast,houston
13355,28.64807,-96.54621,Coast,south
13356,28.7853,-97.0093,Coast,south
13357,28.698477,-96.946125,Coast,south
13358,29.88193,-95.11148,Coast,houston
13359,32.92544,-101.219397,North,west
13360,32.92544,-101.219397,North,west
13361,30.931467,-102.201433,Far_west,west
13362,30.931467,-102.201433,Far_west,west
13363,33.500378,-96.146489,North,north
13364,30.9614,-102.414067,Far_west,west
13365,30.9614,-102.414067,Far_west,west
13366,32.236944,-100.4833,West,west
13367,32.236944,-100.4833,West,west
13368,32.467194,-97.054333,North_central,north
13369,29.289809,-95.298609,Coast,houston
13370,29.289809,-95.298609,Coast,houston
13371,30.9514,-102.414067,Far_west,west
13372,30.9514,-102.414067,Far_west,west
13373,27.18,-98.916667,Southern,south
13374,27.18,-98.916667,Southern,south
13375,28.675088,-96.956014,Coast,south
13376,28.675088,-96.956014,Coast,south
13377,33.6039,-101.8408,North,west
13378,29.475278,-95.634167,Coast,houston
13379,29.475278,-95.634167,Coast,houston
13380,32.318524,-99.164198,North_central,west
13381,32.318524,-99.164198,North_central,west
13382,31.78,-97.51,North_central,north
13383,31.78,-97.51,North_central,north
13384,28.979167,-95.306944,Coast,houston
13385,29.806021,-100.804452,West,west
13386,29.806021,-100.804452,West,west
13387,30.310524,-96.47887,South_central,south
13388,30.310524,-96.47887,South_central,south
13389,30.495668,-103.450965,Far_west,west
13390,33.5493,-97.1798,North,north
13391,29.449827,-101.06011,West,west
13392,34.105,-101.0986,North,west
13393,31.060893,-94.1062,East,north
13394,28.430988,-97.889555,Southern,south
13395,34.060333,-101.187628,North,west
13396,26.492862,-98.448267,Southern,south
13397,30.96,-103.35,Far_west,west
13398,30.3419,-94.0656,Coast,houston
13399,30.98784,-102.26831,Far_west,west
13400,30.45512,-103.4747,Far_west,west
13401,32.713326,-101.885218,North,west
13402,29.056,-95.686,Coast,houston
13403,32.85583,-100.991681,North,west
13404,29.15923,-95.6626,Coast,houston
13405,35.9454,-101.9005,North,west
13406,29.2558,-95.2103,Coast,houston
13407,28.5707,-96.8333,Coast,south
13408,29.37612,-94.946477,Coast,houston
13409,32.2075,-101.388333,West,west
13410,27.8322,-97.5281,Southern,south
13411,30.238492,-97.508812,South_central,south
13412,34.299,-99.399,North,west
13413,31.87,-100.828,West,west
13414,31.692358,-102.69743,Far_west,west
13415,31.23924,-102.32169,Far_west,west
13416,31.815992,-104.085297,Far_west,west
13417,33.585257,-101.886093,North,west
13418,29.304177,-98.400339,South_central,south
13419,35.964272,-101.540238,North,west
13420,35.924858,-101.541363,North,west
13421,33.166173,-96.172617,North,north
13422,29.205355,-96.023384,Coast,south
13423,27.421553,-98.834962,Southern,south
13424,32.494346,-101.276601,North,west
13425,26.230501,-97.912557,Southern,south
13426,28.987572,-95.969842,Coast,south
13427,26.408729,-98.937425,Southern,south
13428,26.390951,-98.820386,Southern,south
13429,31.5481,-99.1872,North_central,north
