Utility ID_x,Utility Name_x,Plant Code,Plant Name_x,Street Address,City,State_x,Zip,County_x,Latitude,Longitude,NERC Region,Balancing Authority Code,Balancing Authority Name,Name of Water Source,Primary Purpose (NAICS Code),Regulatory Status,Sector_x,Sector Name_x,FERC Cogeneration Status,FERC Cogeneration Docket Number,FERC Small Power Producer Status,FERC Small Power Producer Docket Number,FERC Exempt Wholesale Generator Status,FERC Exempt Wholesale Generator Docket Number,Ash Impoundment?,Ash Impoundment Lined?,Ash Impoundment Status,Transmission or Distribution System Owner,Transmission or Distribution System Owner ID,Transmission or Distribution System Owner State,Grid Voltage (kV),Grid Voltage 2 (kV),Grid Voltage 3 (kV),Energy Storage,Natural Gas LDC Name,Natural Gas Pipeline Name 1,Natural Gas Pipeline Name 2,Natural Gas Pipeline Name 3,Pipeline Notes,Natural Gas Storage,Liquefied Natural Gas Storage,Utility ID_y,Utility Name_y,Plant Name_y,State_y,County_y,Generator ID,Technology,Prime Mover,Unit Code,Ownership,Duct Burners,Can Bypass Heat Recovery Steam Generator?,RTO/ISO LMP Node Designation,RTO/ISO Location Designation for Reporting Wholesale Sales Data to FERC,Nameplate Capacity (MW),Nameplate Power Factor,Summer Capacity (MW),Winter Capacity (MW),Minimum Load (MW),Uprate or Derate Completed During Year,Month Uprate or Derate Completed,Year Uprate or Derate Completed,Status,Synchronized to Transmission Grid,Operating Month,Operating Year,Planned Retirement Month,Planned Retirement Year,Associated with Combined Heat and Power System,Sector Name_y,Sector_y,Topping or Bottoming,Energy Source 1,Energy Source 2,Energy Source 3,Energy Source 4,Energy Source 5,Energy Source 6,Startup Source 1,Startup Source 2,Startup Source 3,Startup Source 4,Solid Fuel Gasification System?,Carbon Capture Technology?,Turbines or Hydrokinetic Buoys,Time from Cold Shutdown to Full Load,Fluidized Bed Technology?,Pulverized Coal Technology?,Stoker Technology?,Other Combustion Technology?,Subcritical Technology?,Supercritical Technology?,Ultrasupercritical Technology?,Planned Net Summer Capacity Uprate (MW),Planned Net Winter Capacity Uprate (MW),Planned Uprate Month,Planned Uprate Year,Planned Net Summer Capacity Derate (MW),Planned Net Winter Capacity Derate (MW),Planned Derate Month,Planned Derate Year,Planned New Prime Mover,Planned Energy Source 1,Planned New Nameplate Capacity (MW),Planned Repower Month,Planned Repower Year,Other Planned Modifications?,Other Modifications Month,Other Modifications Year,Multiple Fuels?,Cofire Fuels?,Switch Between Oil and Natural Gas?
55727,Orion Engineered Carbons,10072,Engineered Carbons Borger Cogen,Hwy 1559,Borger,TX,79007,Hutchinson,35.66704,-101.432004,MRO,SWPP,Southwest Power Pool,City of Borger,325,NR,6,Industrial Non-CHP,N,,Y,92-52-000,N,,N,X,,Southwestern Public Service Co,17718,TX,69, , ,N,,EL PASO NATURAL GAS COMPANY LLC,,,,N,,55727,Orion Engineered Carbons,Engineered Carbons Borger Cogen,TX,Hutchinson,GEN1,Other Gases,ST,,S,X,X,NA ( behind the meter ),NA ( behind the meter ),20.0,1,18.8,18.8,5,N, , ,OP,X,10,1982, , ,N,Industrial Non-CHP,6,X,OG,NG,,,,,NG,,,,N,N, ,12H,,,,,,,, , , , , , , , ,,, , , ,, , ,Y,Y,N
54769,INEOS USA LLC,10154,Power Island,2.5 mi S of FM 2917 on FM 2004,Alvin,TX,77512,Brazoria,29.2293,-95.1952,TRE,ERCO,"Electric Reliability Council of Texas, Inc.",Chocolate Bayou Water Co,32512,NR,7,Industrial CHP,Y,84-510-000,N,,N,,N,X,,CenterPoint Energy,8901,TX,138, , ,N,,ENERGY TRANSFER FUEL LP,KINDER MORGAN TEJAS PIPELINE LLC,,,N,X,54769,INEOS USA LLC,Power Island,TX,Brazoria,GEN1,Natural Gas Fired Combustion Turbine,GT,,S,X,X,,,41.0,0.85,30,38,29,N, , ,OP,X,11,1985, , ,Y,Industrial CHP,7,T,NG,,,,,,,,,,N,N, ,12H,,,,,,,, , , , , , , , ,,, , , ,, , ,N,N,N
54705,Seadrift Coke L P,10167,Seadrift Coke LP,8618 Hwy. 185 North,Port Lavaca,TX,77979,Calhoun,28.513929,-96.794154,TRE,ERCO,"Electric Reliability Council of Texas, Inc.",Guadalupe Blanco River Ath,324,NR,7,Industrial CHP,N,,N,,N,,N,X,,AEP Texas Central Company,3278,TX,200, , ,N,,,,,- For plants that receive natural gas only,N,,54705,Seadrift Coke L P,Seadrift Coke LP,TX,Calhoun,GEN1,Petroleum Coke,ST,,S,X,X,South Zone Node,South Zone Node,7.6,1,7.6,7.6,1,N, , ,OP,X,11,1983, , ,Y,Industrial CHP,7,B,PC,,,,,,NG,OG,,,N,N, ,OVER,,,,Y,Y,,, , , , , , , , ,,, , , ,, , ,N,N,N
3432,Ticona Polymers Inc,10243,Ticona Polymers Inc,US Route 77 South,Bishop,TX,78343,Nueces,27.5697,-97.8228,TRE,ERCO,"Electric Reliability Council of Texas, Inc.",Municipality/ Wells,325211,NR,7,Industrial CHP,Y,88-176-000,N,,N,,N,X,,AEP Texas Central Company,3278,TX,138, , ,N,,ENTERPRISE INTRASTATE LLC,KINDER MORGAN TEJAS PIPELINE LLC,,,N,N,3432,Ticona Polymers Inc,Ticona Polymers Inc,TX,Nueces,GEN5,Natural Gas Fired Combustion Turbine,GT,,S,X,X,,,44.2,0.9,32.5,38,18,N, , ,OP,X,4,1989, , ,Y,Industrial CHP,7,T,NG,,,,,,,,,,N,N,0,12H,,,,,,,, , , , , , , , ,,, , , ,, , ,N,N,N
29925,Enterprise Products Optg LP,10261,Enterprise Products Operating,10207 FM 1942,Mont Belvieu,TX,77580,Chambers,29.8247,-94.9197,TRE,ERCO,"Electric Reliability Council of Texas, Inc.",,325,NR,7,Industrial CHP,Y,84-306-000,N,,N,,N,X,,CenterPoint Energy,8901,TX,138, , ,N,Other - See pipeline notes.,,,,This facility is fed internal to the plant and not connected to an LDC,N,N,29925,Enterprise Products Optg LP,Enterprise Products Operating,TX,Chambers,GEN3,Natural Gas Fired Combustion Turbine,GT,,S,X,X,,,3.4,0.8,3,2.8,2.8,N, , ,OP,X,11,1991, , ,Y,Industrial CHP,7,T,NG,,,,,,,,,,N,N, ,12H,,,,,,,, , , , , , , , ,,, , , ,, , ,N,N,N
327,Air Liquide Large Industries U S LP,10298,Bayou Cogen Plant,11777 Bay Area Blvd,Pasadena,TX,77507,Harris,29.6225,-95.0458,TRE,ERCO,"Electric Reliability Council of Texas, Inc.",Coastal Water Authority,325,NR,7,Industrial CHP,Y,83-403-000,N,,N,,N,X,,CenterPoint Energy,8901,TX,138, , ,N,,HOUSTON PL CO LP,KINDER MORGAN TEJAS PIPELINE LLC,KINDER MORGAN TEXAS PIPELINE LLC,,N,,327,Air Liquide Large Industries U S LP,Bayou Cogen Plant,TX,Harris,GT1,Natural Gas Fired Combustion Turbine,GT,,S,X,X,,,79.6,0.8,75,93,65,N, , ,OP,X,5,2014, , ,Y,Industrial CHP,7,T,NG,OG,,,,,,,,,N,N, ,12H,,,,,,,, , , , , , , , ,,, , , ,N, , ,Y,Y,
56488,Ascend Performance Materials,10418,Ascend Performance Materials Texas Inc.,FM RD 2917,Alvin,TX,77512,Brazoria,29.2558,-95.2103,TRE,ERCO,"Electric Reliability Council of Texas, Inc.",Brazos River,325,NR,7,Industrial CHP,N,,N,,N,,N,X,,CenterPoint Energy,8901,TX,138, , ,N,Other - See pipeline notes.,KINDER MORGAN TEJAS PIPELINE LLC,,,Our natural gas supplier is Kinder Morgan.,N,X,56488,Ascend Performance Materials,Ascend Performance Materials Texas Inc.,TX,Brazoria,GEN1,Natural Gas Steam Turbine,ST,,S,X,X,,,6.0,0.8,5.2,5.2,2.3,N, , ,OP,X,6,1993, , ,Y,Industrial CHP,7,B,NG,,,,,,NG,,,,N,N,0,OVER,,,,N,,N,N, , , , , , , , ,,, , , ,N, , ,N,N,N
6091,Exxon Mobil Refining and Supply Co.,10436,ExxonMobil Baytown Refinery,Decker Drive,Baytown,TX,77520,Harris,29.753517,-94.997277,TRE,ERCO,"Electric Reliability Council of Texas, Inc.",San Jacinto River Authority,324,NR,7,Industrial CHP,Y,89-41-001,N,,N,,N,X,,CenterPoint Energy,8901,TX,138, , ,N,,HOUSTON PL CO LP,KINDER MORGAN TEJAS PIPELINE LLC,KINDER MORGAN TEXAS PIPELINE LLC,,N,N,6091,Exxon Mobil Refining and Supply Co.,ExxonMobil Baytown Refinery,TX,Harris,GT38,Natural Gas Fired Combustion Turbine,GT,,S,X,X,EXN_G8,EXN_G8,45.7,0.85,31,35,18,N, , ,OP,X,8,1989, , ,Y,Industrial CHP,7,T,NG,,,,,,,,,,N,N, ,12H,,,,,,,, , , , , , , , ,,, , , ,, , ,N,N,N
6541,Formosa Plastics Corp,10554,Formosa Utility Venture Ltd,201 Formosa Drive,Point Comfort,TX,77978,Calhoun,28.6917,-96.5417,TRE,ERCO,"Electric Reliability Council of Texas, Inc.",Lake Texana,325211,NR,7,Industrial CHP,Y,90-6-002,N,,N,,N,X,,AEP Texas Central Company,3278,TX,138, , ,N,,Other - Please explain in pipeline notes below.,,,The pipeline belongs to Formosa Plastics Corp. It is an in-plant transfer line.,N,N,6541,Formosa Plastics Corp,Formosa Utility Venture Ltd,TX,Calhoun,3ST1,Natural Gas Fired Combined Cycle,CA,CHP2,S,N,X,,,40.0,0.85,38,40,10,N, , ,OP,X,1,2023, , ,Y,Industrial CHP,7,B,NG,,,,,,,,,,N,N, ,12H,,,,,,,, , , , , , , , ,,, , , ,, , ,N,N,N
914,Total Petrochemicals USA Inc,10568,Port Arthur Texas Refinery,Hwy 366 and 32nd St.,Port Arthur,TX,77642,Jefferson,29.964938,-93.891283,SERC,MISO,"Midcontinent Independent Transmission System Operator, Inc..",Municipality,32411,NR,7,Industrial CHP,Y,87-274-002,N,,N,,N,X,,Entergy Gulf States - LA LLC,55936,LA,230, , ,N,,HOUSTON PL CO LP,DCP MIDSTREAM LP,,,N,N,914,Total Petrochemicals USA Inc,Port Arthur Texas Refinery,TX,Jefferson,GEN1,Natural Gas Fired Combustion Turbine,GT,,S,X,X,,,38.4,0.9,30.3,35.8,20,N, , ,OP,X,8,1988, , ,Y,Industrial CHP,7,T,NG,,,,,,,,,,N,N,0,12H,,,,,,,, , , , , , , , ,,, , , ,, , ,N,N,N
6091,Exxon Mobil Refining and Supply Co.,10692,ExxonMobil Baytown Turbine,3525 Decker Drive,Baytown,TX,77522,Harris,29.759124,-95.009648,TRE,ERCO,"Electric Reliability Council of Texas, Inc.",San Jacinto River Authority,32512,NR,7,Industrial CHP,Y,89-41-000,N,,N,,N,X,,CenterPoint Energy,8901,TX,138, , ,N,,HOUSTON PL CO LP,KINDER MORGAN TEJAS PIPELINE LLC,KINDER MORGAN TEXAS PIPELINE LLC,,N,N,6091,Exxon Mobil Refining and Supply Co.,ExxonMobil Baytown Turbine,TX,Harris,GEN1,Natural Gas Fired Combustion Turbine,GT,,S,X,X,EXN_G1,EXN_G1,39.7,0.85,29,35,25,N, , ,OP,X,2,1989, , ,Y,Industrial CHP,7,T,NG,,,,,,,,,,N,N, ,12H,,,,,,,, , , , , , , , ,,, , , ,, , ,N,N,N
57160,The Dow Chemical Company,10789,Sabine River Operations,2735 FM 1006,Orange,TX,77631,Orange,30.0552,-93.7579,SERC,MISO,"Midcontinent Independent Transmission System Operator, Inc..",Sabine River Authority,325211,NR,7,Industrial CHP,Y,"85-59-000, 87-223-000, 00-49-006",N,,N,,N,X,,Entergy Texas Inc.,55937,TX,138, , ,N,,KINDER MORGAN TEXAS PIPELINE LLC,ENTERPRISE TEXAS PIPELINE,,,N,N,57160,The Dow Chemical Company,Sabine River Operations,TX,Orange,GEN1,Natural Gas Fired Combined Cycle,CT,CCL1,S,X,N,EES.CONC,EES.CONC,89.9,0.92,82,98,60,N, , ,OP,X,3,1987, , ,Y,Industrial CHP,7,T,NG,,,,,,,,,,N,N, ,12H,,,,,,,, , , , , , , , ,,, , , ,, , ,N,N,N
50006,Invista,10790,Victoria Texas Plant,2695 Old Bloomington Rd North,Victoria,TX,77905,Victoria,28.675088,-96.956014,TRE,ERCO,"Electric Reliability Council of Texas, Inc.",Guadalupe River,325211,NR,7,Industrial CHP,Y,85-60-000,N,,N,,N,X,,AEP Texas Central Company,3278,TX,138, , ,N,,TRANSCONTINENTAL GAS PIPELINE,ENERGY TRANSFER FUEL LP,KINDER MORGAN TEJAS PIPELINE LLC,,N,X,50006,Invista,Victoria Texas Plant,TX,Victoria,GEN1,Natural Gas Fired Combustion Turbine,GT,,S,X,X,,,102.4,0.85,75,88,20,N, , ,OP,X,4,1987, , ,Y,Industrial CHP,7,T,NG,,,,,,NG,,,,N,N, ,12H,,,,,,,, , , , , , , , ,,, , , ,, , ,N,N,N
54888,NRG Texas Power LLC,298,Limestone,"Route1, Box 85",Jewett,TX,75846,Limestone,31.4219,-96.2525,TRE,ERCO,"Electric Reliability Council of Texas, Inc.",Lake Limestone,22,NR,2,IPP Non-CHP,N,,N,,N,,Y,Y,OP,CenterPoint Energy,8901,TX,345, , ,N,ATMOS ENERGY CORPORATION,,,,,X,X,54888,NRG Texas Power LLC,Limestone,TX,Limestone,1,Conventional Steam Coal,ST,,S,X,X,LEG_LEG_G1,LEG_LEG_G1,893.0,0.94,824,824,300,N, , ,OP,X,12,1985, , ,N,IPP Non-CHP,2,X,SUB,NG,LIG,PC,,,NG,,,,N,N, ,OVER,,Y,,,Y,,, , , , , , , , ,,, , , ,, , ,Y,Y,N
54683,Maverick Cty Water Control & Improvement,3437,Eagle Pass,264 Power Plant Road FM 1904,Eagle Pass,TX,78852,Maverick,28.829535,-100.552234,TRE,ERCO,"Electric Reliability Council of Texas, Inc.",Maverick County Irrigation Dis,22,NR,2,IPP Non-CHP,N,,N,,Y,04-63-000,N,X,,AEP Texas Central Company,3278,TX,138, , ,N,,,,,,N,X,54683,Maverick Cty Water Control & Improvement,Eagle Pass,TX,Maverick,1,Conventional Hydroelectric,HY,,S,X,X,,,3.2,1,2,2,0.1,N, , ,OP,X,8,1932, , ,N,IPP Non-CHP,2,X,WAT,,,,,,,,,,N,N,0,1H,,,,,,,, , , , , , , , ,,, , , ,, , ,N,,
16604,City of San Antonio - (TX),3439,Laredo,7300 CPL Rd,Laredo,TX,78041,Webb,27.5667,-99.5089,TRE,ERCO,"Electric Reliability Council of Texas, Inc.",Rio Grande River,22,RE,1,Electric Utility,N,,N,,Y,04-64-000,N,X,,AEP Texas Central Company,3278,TX,138, , ,N,,KINDER MORGAN TEXAS PIPELINE LLC,,,,N,X,16604,City of San Antonio - (TX),Laredo,TX,Webb,4,Natural Gas Fired Combustion Turbine,GT,,S,X,X,,,131.8,0.85,90.1,97.4,35,N, , ,OP,X,8,2008, , ,N,Electric Utility,1,X,NG,,,,,,,,,,N,N, ,10M,,,,,,,, , , , , , , , ,,, , , ,, , ,N,,
16604,City of San Antonio - (TX),3441,Nueces Bay,2002 Navigation,Corpus Christi,TX,78403,Nueces,27.819412,-97.419203,TRE,ERCO,"Electric Reliability Council of Texas, Inc.",Corpus Christi Ship Channel,22,RE,1,Electric Utility,N,,N,,Y,04-56-000,N,X,,AEP Texas Central Company,3278,TX,138, , ,N,,TEXAS EASTERN TRANSMISSION LP,KINDER MORGAN TEJAS PIPELINE LLC,,,N,X,16604,City of San Antonio - (TX),Nueces Bay,TX,Nueces,7,Natural Gas Fired Combined Cycle,CA,CC1,S,Y,X,,,351.0,0.9,319,325,100,N, , ,OP,X,7,1972, , ,N,Electric Utility,1,X,NG,,,,,,,,,,N,N, ,12H,,,,,,,, , , , , , , , ,,, , , ,, , ,N,,
60638,"Victoria WLE, LP",3443,Victoria,1205 S Bottom St,Victoria,TX,77901,Victoria,28.7883,-97.01,TRE,ERCO,"Electric Reliability Council of Texas, Inc.",Wells and Guadalupe River,22,NR,2,IPP Non-CHP,N,,N,,Y,04-61-000,N,X,,AEP Texas Central Company,3278,TX,138, , ,N,Other - See pipeline notes.,,,,Kinder Morgan,N,X,60638,"Victoria WLE, LP",Victoria,TX,Victoria,5,Natural Gas Fired Combined Cycle,CA,CC1,S,Y,X,VIC_VICTORG5,,180.0,0.85,112,112,55,N, , ,OP,X,3,1963, , ,N,IPP Non-CHP,2,X,NG,,,,,,,,,,N,N, ,12H,,,,,,,, , , , , , , , ,,, , , ,N, , ,N,N,
55983,Luminant Generation Company LLC,3452,Lake Hubbard,555 Barnes Rd,Sunnyvale,TX,75182,Dallas,32.8358,-96.5458,TRE,ERCO,"Electric Reliability Council of Texas, Inc.",Lake Ray Hubbard,22,NR,2,IPP Non-CHP,N,,N,,N,,N,X,,Oncor Electric Delivery Company LLC,44372,TX,138, , ,N,ATMOS ENERGY CORPORATION,,,,,N,N,55983,Luminant Generation Company LLC,Lake Hubbard,TX,Dallas,1,Natural Gas Steam Turbine,ST,,S,X,X,,,396.5,0.9,392,392,56,N, , ,OP,X,6,1970, , ,N,IPP Non-CHP,2,X,NG,DFO,,,,,NG,,,,N,N, ,12H,,,,,,,, , , , , , , , ,,, , , ,, , ,Y,N,N
62026,"Mountain Creek Power, LLC",3453,Mountain Creek,2233A Mt. Creek Pkwy.,Dallas,TX,75211,Dallas,32.7231,-96.9358,TRE,ERCO,"Electric Reliability Council of Texas, Inc.",Mountain Creek Lake,22,NR,2,IPP Non-CHP,N,,N,,N,,N,X,,Oncor Electric Delivery Company LLC,44372,TX,138, , ,N,ATMOS ENERGY CORPORATION,ENERGY TRANSFER FUEL LP,,,,N,X,62026,"Mountain Creek Power, LLC",Mountain Creek,TX,Dallas,6,Natural Gas Steam Turbine,ST,,S,X,X,MCSES_UNIT6,MCSES_UNIT6,135.7,0.85,122,122,15,N, , ,OP,X,2,1956, , ,N,IPP Non-CHP,2,X,NG,,,,,,NG,,,,N,N, ,OVER,,,,,N,,, , , , , , , , ,,, , , ,, , ,N,N,N
5701,El Paso Electric Co,3456,Newman,4900 Stan Roberts St.,El Paso,TX,79934,El Paso,31.983587,-106.431777,WECC,EPE,El Paso Electric Company,Wells/Treated Municipal Waste,22,RE,1,Electric Utility,N,,N,,N,,,X,,El Paso Electric Co,5701,TX,115, , ,N,Other - See pipeline notes.,Other - Please explain in pipeline notes below.,,,Kinder Morgran & ONEOK,N,,5701,El Paso Electric Co,Newman,TX,El Paso,1,Natural Gas Steam Turbine,ST,,S,X,X,,,81.6,0.85,73,78,21,N, , ,OP,X,5,1960,12,2027,N,Electric Utility,1,X,NG,DFO,,,,,NG,,,,N,, ,OVER,,,,,,,, , , , , , , , ,,, , , ,, , ,Y,Y,Y
55937,Entergy Texas Inc.,3457,Lewis Creek,11191 Longstreet Road,Willis,TX,77318,Montgomery,30.4356,-95.5214,SERC,MISO,"Midcontinent Independent Transmission System Operator, Inc..",Lewis Creek Reservoir,22,RE,1,Electric Utility,N,,N,,N,,N,X,,Entergy Texas Inc.,55937,TX,138, , ,N,,KINDER MORGAN TEJAS PIPELINE LLC,KINDER MORGAN TEXAS PIPELINE LLC,TEXAS EASTERN TRANSMISSION LP,,N,,55937,Entergy Texas Inc.,Lewis Creek,TX,Montgomery,1,Natural Gas Steam Turbine,ST,,S,X,X,EES.L_CREEK1,,271.4,0.87,250,252.2,50,N, , ,OP,X,12,1970,6,2034,N,Electric Utility,1,X,NG,,,,,,NG,,,,N,, ,12H,,,,,,,, , , , , , , , ,,, , , ,, , ,N,,
55937,Entergy Texas Inc.,3459,Sabine,1000 Powerhouse Road,Orange,TX,77630,Orange,30.0242,-93.878,SERC,MISO,"Midcontinent Independent Transmission System Operator, Inc..",Sabine Lake,22,RE,1,Electric Utility,N,,N,,N,,N,X,,Entergy Texas Inc.,55937,TX,138, , ,N,,PB ENERGY STORAGE SERVICES INC,,,,N,,55937,Entergy Texas Inc.,Sabine,TX,Orange,1,Natural Gas Steam Turbine,ST,,S,X,X,EES.SABINE1,EES.SABINE1,239.4,0.85,202.5,203.3,50,N, , ,OP,X,1,1962,10,2026,N,Electric Utility,1,X,NG,,,,,,NG,,,,N,, ,OVER,,,,,,,, , , , , , , , ,,, , , ,, , ,N,N,N
54888,NRG Texas Power LLC,3460,Cedar Bayou,7705 West Bay Road,Baytown,TX,77523,Chambers,29.75,-94.9256,TRE,ERCO,"Electric Reliability Council of Texas, Inc.",Upper Galveston Bay,22,NR,2,IPP Non-CHP,N,,N,,N,,N,X,,CenterPoint Energy,8901,TX,138, , ,N,,KINDER MORGAN TEJAS PIPELINE LLC,KINDER MORGAN TEXAS PIPELINE LLC,ENBRIDGE PIPELINES EAST TEXAS,,X,X,54888,NRG Texas Power LLC,Cedar Bayou,TX,Chambers,1,Natural Gas Steam Turbine,ST,,S,X,X,CBY_CBY_G1,CBY_CBY_G1,765.0,0.9,745,745,65,N, , ,OP,X,12,1970, , ,N,IPP Non-CHP,2,X,NG,,,,,,NG,,,,N,N, ,OVER,,,,,,,, , , , , , , , ,,, , , ,, , ,N,,
54888,NRG Texas Power LLC,3464,Greens Bayou,12070 Old Beaumont Highway,Houston,TX,77049,Harris,29.822201,-95.219429,TRE,ERCO,"Electric Reliability Council of Texas, Inc.",Lake Houston,22,NR,2,IPP Non-CHP,N,,N,,N,,N,X,,CenterPoint Energy,8901,TX,138, , ,N,,KINDER MORGAN TEXAS PIPELINE LLC,,,,X,X,54888,NRG Texas Power LLC,Greens Bayou,TX,Harris,73,Natural Gas Fired Combustion Turbine,GT,,S,X,X,GBY_GT,GBY_GT,72.0,0.9,57,67,30,N, , ,OP,X,12,1976, , ,N,IPP Non-CHP,2,X,NG,,,,,,NG,,,,N,N, ,1H,,,,,,,, , , , , , , , ,,, , , ,, , ,N,,
54888,NRG Texas Power LLC,3469,T H Wharton,16301 Highway 249,Houston,TX,77064,Harris,29.9417,-95.5306,TRE,ERCO,"Electric Reliability Council of Texas, Inc.",Water Wells,22,NR,2,IPP Non-CHP,N,,N,,N,,N,X,,CenterPoint Energy,8901,TX,138,345, ,N,,KINDER MORGAN TEJAS PIPELINE LLC,KINDER MORGAN TEXAS PIPELINE LLC,,,X,X,54888,NRG Texas Power LLC,T H Wharton,TX,Harris,3,Natural Gas Fired Combined Cycle,CA,THW3,S,N,X,THW_CC1,THW_CC1,113.1,0.85,110,110,27,N, , ,OP,X,8,1974, , ,N,IPP Non-CHP,2,X,NG,,,,,,NG,,,,N,N, ,12H,,,,,,,, , , , , , , , ,,, , , ,, , ,N,,
54888,NRG Texas Power LLC,3470,W A Parish,2500 Y. U. Jones Road,Thompsons,TX,77481,Fort Bend,29.4828,-95.6311,TRE,ERCO,"Electric Reliability Council of Texas, Inc.",Smithers Lake,22,NR,2,IPP Non-CHP,N,,N,,N,,N,X,,CenterPoint Energy,8901,TX,345, , ,N,,KINDER MORGAN TEJAS PIPELINE LLC,,,,N,X,54888,NRG Texas Power LLC,W A Parish,TX,Fort Bend,1,Natural Gas Steam Turbine,ST,,S,X,X,WAP_WAP_G1,WAP_WAP_G1,187.8,0.85,169,169,30,N, , ,OP,X,6,1958, , ,N,IPP Non-CHP,2,X,NG,,,,,,NG,,,,N,N, ,12H,,,,,,,, , , , , , , , ,,, , , ,, , ,N,,
17698,Southwestern Electric Power Co,3476,Knox Lee,306 Knox Lee,Longview,TX,75603,Gregg,32.3766,-94.6415,MRO,SWPP,Southwest Power Pool,Lake Cherokee,22,RE,1,Electric Utility,N,,N,,N,,N,X,,Southwestern Electric Power Co,17698,TX,138, , ,N,,ENBRIDGE PIPELINES EAST TEXAS,KINDER MORGAN TEXAS PIPELINE LLC,ENABLE GAS TRANSMISSION LLC,,N,X,17698,Southwestern Electric Power Co,Knox Lee,TX,Gregg,5,Natural Gas Steam Turbine,ST,,S,X,X,,,351.0,0.9,342,348,75,N, , ,OP,X,4,1974, , ,N,Electric Utility,1,X,NG,,,,,,NG,,,,N,N, ,12H,,,,,,,, , , , , , , , ,,, , , ,, , ,N,N,N
17698,Southwestern Electric Power Co,3478,Wilkes,Highway 49,Avinger,TX,75630,Marion,32.848163,-94.547986,MRO,SWPP,Southwest Power Pool,Johnson Creek Reserv,22,RE,1,Electric Utility,N,,N,,N,,N,X,,Southwestern Electric Power Co,17698,TX,345, , ,N,,ENABLE GAS TRANSMISSION LLC,KINDER MORGAN TEXAS PIPELINE LLC,ENBRIDGE PIPELINES EAST TEXAS,,N,X,17698,Southwestern Electric Power Co,Wilkes,TX,Marion,1,Natural Gas Steam Turbine,ST,,S,X,X,,,180.0,0.85,174,174,30,N, , ,OP,X,5,1964, , ,N,Electric Utility,1,X,NG,DFO,RFO,,,,NG,,,,N,N, ,12H,,,,,,,, , , , , , , , ,,, , , ,, , ,Y,Y,Y
17718,Southwestern Public Service Co,3482,Jones,5721 E FM 3020,Lubbock,TX,79408,Lubbock,33.5239,-101.7392,MRO,SWPP,Southwest Power Pool,Municipality,22,RE,1,Electric Utility,N,,N,,N,,N,X,,Southwestern Public Service Co,17718,TX,230, , ,N,,MARKWEST NEW MEXICO L P,ONEOK WES TEX TRANSMISSION LLC,,,N,N,17718,Southwestern Public Service Co,Jones,TX,Lubbock,1,Natural Gas Steam Turbine,ST,,S,X,X,SPS.JONES1,SPS.JONES1,247.5,0.9,243,243,56,N, , ,OP,X,1,1971,12,2031,N,Electric Utility,1,X,NG,DFO,,,,,NG,,,,N,N, ,OVER,,,,,,,, , , , , , , , ,,, , , ,, , ,Y,Y,Y
17718,Southwestern Public Service Co,3484,Nichols,7201 N. Lakeside Drive,Amarillo,TX,79108,Potter,35.283357,-101.746423,MRO,SWPP,Southwest Power Pool,Municipality,22,RE,1,Electric Utility,N,,N,,N,,N,X,,Southwestern Public Service Co,17718,TX,230,115, ,N,,EL PASO NATURAL GAS CO LLC,ONEOK WES TEX TRANSMISSION LLC,,,N,N,17718,Southwestern Public Service Co,Nichols,TX,Potter,1,Natural Gas Steam Turbine,ST,,S,X,X,SPS.NICHOLS1,SPS.NICHOLS1,113.6,0.85,107,107,25,N, , ,OP,X,1,1960, , ,N,Electric Utility,1,X,NG,,,,,,NG,,,,N,N, ,OVER,,,,,,,, , , , , , , , ,,, , , ,, , ,N,N,
17718,Southwestern Public Service Co,3485,Plant X,5m  S. on Earth on FM Rd 1055,Earth,TX,79031,Lamb,34.1661,-102.4114,MRO,SWPP,Southwest Power Pool,Wells,22,RE,1,Electric Utility,N,,N,,N,,N,X,,Southwestern Public Service Co,17718,TX,230,115, ,N,,EL PASO NATURAL GAS COMPANY LLC,ONEOK WES TEX TRANSMISSION LLC,,,N,N,17718,Southwestern Public Service Co,Plant X,TX,Lamb,4,Natural Gas Steam Turbine,ST,,S,X,X,SPS.PLANTX4,SPS.PLANTX4,190.4,0.85,190,190,55,N, , ,OP,X,1,1964,12,2027,N,Electric Utility,1,X,NG,DFO,,,,,NG,,,,N,N, ,OVER,,,,,,,, , , , , , , , ,,, , , ,, , ,Y,Y,Y
55983,Luminant Generation Company LLC,3490,Graham,PO Box 248,Graham,TX,76450,Young,33.1344,-98.6117,TRE,ERCO,"Electric Reliability Council of Texas, Inc.",Lake Graham,22,NR,2,IPP Non-CHP,N,,N,,N,,N,X,,Oncor Electric Delivery Company LLC,44372,TX,345,138, ,N,,ENERGY TRANSFER FUEL LP,,,,N,N,55983,Luminant Generation Company LLC,Graham,TX,Young,1,Natural Gas Steam Turbine,ST,,S,X,X,,,247.7,0.85,239,239,46,N, , ,OP,X,12,1960, , ,N,IPP Non-CHP,2,X,NG,DFO,,,,,NG,,,,N,N, ,12H,,,,,,,, , , , , , , , ,,, , , ,, , ,Y,Y,Y
6035,"Constellation Power, Inc",3491,Handley,6604 East Rosedale St.,Fort Worth,TX,76112,Tarrant,32.7283,-97.2192,TRE,ERCO,"Electric Reliability Council of Texas, Inc.",Lake Arlington,22,NR,2,IPP Non-CHP,N,,N,,Y,14-82-000,N,X,,Oncor Electric Delivery Company LLC,44372,TX,138, , ,N,ATMOS ENERGY CORPORATION,ENERGY TRANSFER FUEL LP,,,Site has duel Pipe Line interconnections,N,X,6035,"Constellation Power, Inc",Handley,TX,Tarrant,3,Natural Gas Steam Turbine,ST,,S,X,X,HLSES_UNIT3,HLSES_UNIT3,404.8,0.8,375,375,50,N, , ,OP,X,7,1963, , ,N,IPP Non-CHP,2,X,NG,,,,,,NG,,,,N,N,0,12H,,,,,,,, , , , , , , , ,,, , , ,N, , ,N,,N
55983,Luminant Generation Company LLC,3492,Morgan Creek,3177 Hwy 163 South,Colorado City,TX,79512,Mitchell,32.3358,-100.9156,TRE,ERCO,"Electric Reliability Council of Texas, Inc.",Lake Colorado City,22,NR,2,IPP Non-CHP,N,,N,,N,,N,X,,Oncor Electric Delivery Company LLC,44372,TX,138, , ,N,,ENERGY TRANSFER FUEL LP,,,,N,N,55983,Luminant Generation Company LLC,Morgan Creek,TX,Mitchell,CT1,Petroleum Liquids,GT,,S,X,X,,,89.4,0.9,66,82,30,N, , ,OP,X,7,1988, , ,N,IPP Non-CHP,2,X,DFO,NG,,,,,,,,,N,N, ,1H,,,,,,,, , , , , , , , ,,, , , ,, , ,Y,N,Y
55983,Luminant Generation Company LLC,3494,Permian Basin,600 North Yucca Dr.,Monahans,TX,79756,Ward,31.5839,-102.9633,TRE,ERCO,"Electric Reliability Council of Texas, Inc.",Wells,22,NR,2,IPP Non-CHP,N,,N,,N,,N,X,,Oncor Electric Delivery Company LLC,44372,TX,138, , ,N,,ENERGY TRANSFER FUEL LP,,,,N,N,55983,Luminant Generation Company LLC,Permian Basin,TX,Ward,CT1,Natural Gas Fired Combustion Turbine,GT,,S,X,X,,,89.4,0.9,63,79,41,N, , ,OP,X,5,1988, , ,N,IPP Non-CHP,2,X,NG,DFO,,,,,,,,,N,N, ,1H,,,,,,,, , , , , , , , ,,, , , ,, , ,Y,N,Y
55983,Luminant Generation Company LLC,3504,Stryker Creek,1895 FM 2420 E,Jacksonville,TX,75785,Cherokee,31.93985,-94.989834,TRE,ERCO,"Electric Reliability Council of Texas, Inc.",Stryker Creek Reservoir,22,NR,2,IPP Non-CHP,N,,N,,N,,N,X,,Oncor Electric Delivery Company LLC,44372,TX,138, , ,N,,ENERGY TRANSFER FUEL LP,,,,N,N,55983,Luminant Generation Company LLC,Stryker Creek,TX,Cherokee,D1,Petroleum Liquids,IC,,S,X,X,,,2.0,0.8,2,2,2,N, , ,OP,X,7,1966, , ,N,IPP Non-CHP,2,X,DFO,,,,,,,,,,N,N, ,10M,,,,,,,, , , , , , , , ,,, , , ,, , ,N,N,N
55983,Luminant Generation Company LLC,3507,Trinidad (TX),1320 McEntire,Trinidad,TX,75163,Henderson,32.124519,-96.101277,TRE,ERCO,"Electric Reliability Council of Texas, Inc.",Trinidad Lake,22,NR,2,IPP Non-CHP,N,,N,,N,,N,X,,Oncor Electric Delivery Company LLC,44372,TX,138, , ,N,,ENERGY TRANSFER FUEL LP,,,,N,N,55983,Luminant Generation Company LLC,Trinidad (TX),TX,Henderson,6,Natural Gas Steam Turbine,ST,,S,X,X,,,239.3,0.85,235,235,50,N, , ,OP,X,5,1965, , ,N,IPP Non-CHP,2,X,NG,,,,,,NG,,,,N,N, ,12H,,,,,,,, , , , , , , , ,,, , , ,, , ,N,N,N
1015,Austin Energy,3548,Decker Creek,8003 Decker Ln,Austin,TX,78724,Travis,30.3033,-97.6128,TRE,ERCO,"Electric Reliability Council of Texas, Inc.",Lake Walter E. Long,22,RE,1,Electric Utility,N,,N,,N,,,X,,Austin Energy,1015,TX,138, , ,N,,ENTERPRISE TEXAS PIPELINE,,,,N,,1015,Austin Energy,Decker Creek,TX,Travis,GT1,Natural Gas Fired Combustion Turbine,GT,,S,X,X,,,51.5,0.9,52,60,49,N, , ,OP,X,9,1988, , ,N,Electric Utility,1,X,NG,,,,,,,,,,,, ,10M,,,,,,,, , , , , , , , ,,, , , ,, , ,N,N,N
2409,Brownsville Public Utilities Board,3559,Silas Ray,94 West 13th St Power Plant Dr,Brownsville,TX,78520,Cameron,25.9131,-97.5214,TRE,ERCO,"Electric Reliability Council of Texas, Inc.",Rio Grande River,22,RE,1,Electric Utility,N,,N,,N,,N,X,,Brownsville Public Utilities Board,2409,TX,138, , ,N,TEXAS GAS SERVICE,,,,,N,N,2409,Brownsville Public Utilities Board,Silas Ray,TX,Cameron,10,Natural Gas Fired Combustion Turbine,GT,,S,X,X,SILASRAY_SILAS_10,SILASRAY_SILAS_10,61.0,0.85,45,48,15,N, , ,OP,X,12,2004, , ,N,Electric Utility,1,X,NG,,,,,,,,,,N,, ,1H,,,,,,,, , , , , , , , ,,, , , ,, , ,N,,
2442,City of Bryan - (TX),3561,Bryan (TX),601 Atkins Street,Bryan,TX,77801,Brazos,30.64741,-96.372316,TRE,ERCO,"Electric Reliability Council of Texas, Inc.",Municipality,22,RE,1,Electric Utility,N,,N,,N,,N,X,,City of Bryan - (TX),2442,TX,69, , ,N,,ENTERPRISE TEXAS PIPELINE,,,,N,X,2442,City of Bryan - (TX),Bryan (TX),TX,Brazos,7,Natural Gas Fired Combustion Turbine,GT,,S,X,X,ATK ATKG,,22.0,0.9,21,21,5,N, , ,OP,X,5,1975, , ,N,Electric Utility,1,X,NG,,,,,,NG,,,,N,N, ,1H,,,,,Y,,, , , , , , , , ,,, , , ,, , ,N,N,N
6958,City of Garland - (TX),3576,Ray Olinger,13835 Cr 489,Navada,TX,75173,Collin,33.068055,-96.452481,TRE,ERCO,"Electric Reliability Council of Texas, Inc.",Lake Lavon,22,RE,1,Electric Utility,N,,N,,N,,N,X,,City of Garland - (TX),6958,TX,138, , ,N,ATMOS ENERGY CORPORATION,ENERGY TRANSFER COMPANY TEXAS PL LTD,ENERGY TRANSFER COMPANY TEXAS PL LTD,,,N,X,6958,City of Garland - (TX),Ray Olinger,TX,Collin,1,Natural Gas Steam Turbine,ST,,S,X,X,,,75.0,0.85,75,75,10,N, , ,OP,X,7,1967, , ,N,Electric Utility,1,X,NG,,,,,,NG,,,,N,N, ,OVER,,,,,,,, , , , , , , , ,,, , , ,, , ,N,,
7751,Guadalupe Blanco River Authority,3582,Dunlap TP 1,394 Canal Lane,New Brannfels,TX,78155,Guadalupe,29.640187,-98.045934,TRE,ERCO,"Electric Reliability Council of Texas, Inc.",Guadalupe River,22,RE,1,Electric Utility,N,,N,,N,,N,X,,Guadalupe Valley Elec Coop Inc,7752,TX,34.5, , ,N,,,,,,X,X,7751,Guadalupe Blanco River Authority,Dunlap TP 1,TX,Guadalupe,1,Conventional Hydroelectric,HY,,S,X,X,,,1.8,0.8,1.8,1.8,1.7,N, , ,OP,X,1,1927, , ,N,Electric Utility,1,X,WAT,,,,,,,,,,N,N, ,1H,,,,,,,, , , , , , , , ,,, , , ,, , ,N,,
11269,Lower Colorado River Authority,3594,Austin,3629 Lake Austin Blvd,Austin,TX,78703,Travis,30.293424,-97.784408,TRE,ERCO,"Electric Reliability Council of Texas, Inc.",Lake Austin,22,RE,1,Electric Utility,N,,N,,N,,N,X,,Austin Energy,1015,TX,138, , ,N,,,,,,X,X,11269,Lower Colorado River Authority,Austin,TX,Travis,1,Conventional Hydroelectric,HY,,S,X,X,,,9.0,1,8.2,8.2,7,N, , ,OP,X,4,1940, , ,N,Electric Utility,1,X,WAT,,,,,,,,,,N,N, ,10M,,,,,,,, , , , , , , , ,,, , , ,N, , ,N,,
11269,Lower Colorado River Authority,3595,Buchanan Dam (TX),815 Buchanan Plant Rd,Buchanan Dam,TX,78609,Llano,30.7507,-98.4176,TRE,ERCO,"Electric Reliability Council of Texas, Inc.",Lake Buchanan,22,RE,1,Electric Utility,N,,N,,N,,N,X,,Lower Colorado River Authority,11269,,138, , ,N,,,,,,X,X,11269,Lower Colorado River Authority,Buchanan Dam (TX),TX,Llano,1,Conventional Hydroelectric,HY,,S,X,X,,,18.3,1,18.3,18.3,11,N, , ,OP,X,1,1938, , ,N,Electric Utility,1,X,WAT,,,,,,,,,,N,N, ,10M,,,,,,,, , , , , , , , ,,, , , ,N, , ,N,,
11269,Lower Colorado River Authority,3597,Granite Shoals,3138 North Wirtz Dam Rd,Marble Falls,TX,78654,Burnet,30.556,-98.3384,TRE,ERCO,"Electric Reliability Council of Texas, Inc.",Lake Lyndon B. Johnson,22,RE,1,Electric Utility,N,,N,,N,,N,X,,Lower Colorado River Authority,11269,,138, , ,N,,,,,,X,X,11269,Lower Colorado River Authority,Granite Shoals,TX,Burnet,1,Conventional Hydroelectric,HY,,S,X,X,,,27.0,0.9,27,27,23,N, , ,OP,X,6,1951, , ,N,Electric Utility,1,X,WAT,,,,,,,,,,N,N, ,10M,,,,,,,, , , , , , , , ,,, , , ,N, , ,N,,
11269,Lower Colorado River Authority,3598,Inks,422 Inks Dam Rd.,Buchanan Dam,TX,78609,Burnet,30.731599,-98.385422,TRE,ERCO,"Electric Reliability Council of Texas, Inc.",Inks Lake,22,RE,1,Electric Utility,N,,N,,N,,N,X,,Lower Colorado River Authority,11269,,69, , ,N,,,,,,X,X,11269,Lower Colorado River Authority,Inks,TX,Burnet,1,Conventional Hydroelectric,HY,,S,X,X,,,15.0,1,13.8,13.8,7,N, , ,OP,X,1,1938, , ,N,Electric Utility,1,X,WAT,,,,,,,,,,N,N, ,10M,,,,,,,, , , , , , , , ,,, , , ,N, , ,N,,
11269,Lower Colorado River Authority,3599,Marble Falls,1395 Starke Dam Rd.,Marble Falls,TX,78654,Burnet,30.555288,-98.257593,TRE,ERCO,"Electric Reliability Council of Texas, Inc.",Lake Marble Falls,22,RE,1,Electric Utility,N,,N,,N,,N,X,,Lower Colorado River Authority,11269,,138, , ,N,,,,,,X,X,11269,Lower Colorado River Authority,Marble Falls,TX,Burnet,1,Conventional Hydroelectric,HY,,S,X,X,,,19.8,0.9,19.8,19.8,9,N, , ,OP,X,10,1951, , ,N,Electric Utility,1,X,WAT,,,,,,,,,,N,N, ,10M,,,,,,,, , , , , , , , ,,, , , ,N, , ,N,,
11269,Lower Colorado River Authority,3600,Marshall Ford,4400 Ranch Road,Austin,TX,78732,Travis,30.3899,-97.9073,TRE,ERCO,"Electric Reliability Council of Texas, Inc.",Lake Travis,22,RE,1,Electric Utility,N,,N,,N,,N,X,,Lower Colorado River Authority,11269,,138, , ,N,,,,,,X,X,11269,Lower Colorado River Authority,Marshall Ford,TX,Travis,1,Conventional Hydroelectric,HY,,S,X,X,,,36.0,1,36,36,15,N, , ,OP,X,1,1941, , ,N,Electric Utility,1,X,WAT,,,,,,,,,,N,N, ,10M,,,,,,,, , , , , , , , ,,, , , ,N, , ,N,,
11269,Lower Colorado River Authority,3601,Sim Gideon,257 Power Plant Rd.,Bastrop,TX,78602,Bastrop,30.1456,-97.2708,TRE,ERCO,"Electric Reliability Council of Texas, Inc.",Lake Bastrop,22,RE,1,Electric Utility,N,,N,,N,,N,X,,Lower Colorado River Authority,11269,,138, , ,N,,ENERGY TRANSFER COMPANY TEXAS PL LTD,ENTERPRISE TEXAS PIPELINE,,,N,X,11269,Lower Colorado River Authority,Sim Gideon,TX,Bastrop,1,Natural Gas Steam Turbine,ST,,S,X,X,,,136.0,0.85,136,140,19,N, , ,OP,X,5,1965, , ,N,Electric Utility,1,X,NG,,,,,,NG,,,,N,N, ,12H,,,,,,,, , , , , , , , ,,, , , ,N, , ,N,N,N
16604,City of San Antonio - (TX),3609,Leon Creek,7718 Quintana Rd.,San Antonio,TX,78211,Bexar,29.3525,-98.5761,TRE,ERCO,"Electric Reliability Council of Texas, Inc.",Wells,22,RE,1,Electric Utility,N,,N,,N,,N,X,,City of San Antonio - (TX),16604,TX,138, , ,N,,ENTERPRISE TEXAS PIPELINE,,,,N,X,16604,City of San Antonio - (TX),Leon Creek,TX,Bexar,CGT1,Natural Gas Fired Combustion Turbine,GT,,S,X,X,LEONLCPCT1_2,LEONLCPCT1_2,57.4,0.85,46,46,20,N, , ,OP,X,6,2004, , ,N,Electric Utility,1,X,NG,,,,,,,,,,N,N, ,1H,,,,,,,, , , , , , , , ,,, , , ,, , ,N,,N
16604,City of San Antonio - (TX),3611,O W Sommers,12940 US Hwy 181 South,San Antonio,TX,78263,Bexar,29.308056,-98.3242,TRE,ERCO,"Electric Reliability Council of Texas, Inc.",Calaveras Lake,22,RE,1,Electric Utility,N,,N,,N,,N,X,,City of San Antonio - (TX),16604,TX,138, , ,N,,ENTERPRISE TEXAS PIPELINE,,,,N,X,16604,City of San Antonio - (TX),O W Sommers,TX,Bexar,1,Natural Gas Steam Turbine,ST,,S,X,X,CALAVER_OWS1,CALAVER_OWS1,446.0,0.9,420,420,70,N, , ,OP,X,4,1972,3,2027,N,Electric Utility,1,X,NG,,,,,,NG,,,,N,N, ,OVER,,,,,,,, , , , , , , , ,,, , , ,, , ,N,N,N
16604,City of San Antonio - (TX),3612,V H Braunig,15290 Streich Rd.,Elmendorf,TX,78112,Bexar,29.2567,-98.3825,TRE,ERCO,"Electric Reliability Council of Texas, Inc.",Braunig Lake,22,RE,1,Electric Utility,N,,N,,N,,N,X,,City of San Antonio - (TX),16604,TX,138, , ,N,,ENTERPRISE TEXAS PIPELINE,,,,N,X,16604,City of San Antonio - (TX),V H Braunig,TX,Bexar,1,Natural Gas Steam Turbine,ST,,S,X,X,BRAUNIG_VHB1,BRAUNIG_VHB1,225.0,0.85,217,217,60,N, , ,OP,X,3,1966, , ,N,Electric Utility,1,X,NG,,,,,,NG,,,,N,N, ,12H,,,,,,,, , , , , , , , ,,, , , ,, , ,N,N,N
66086,RW Miller Power LLC,3628,R W Miller,2217 F.M.Road 3137,Palo Pinto,TX,76484,Palo Pinto,32.6581,-98.3103,TRE,ERCO,"Electric Reliability Council of Texas, Inc.",Lake Palo Pinto,22,RE,1,Electric Utility,N,,N,,N,,Y,Y,OP,Brazos Electric Power Coop Inc,2172,,138, , ,N,ATMOS ENERGY CORPORATION,,,,,N,X,66086,RW Miller Power LLC,R W Miller,TX,Palo Pinto,2,Natural Gas Steam Turbine,ST,,S,X,X,MIL_MILG1_2,MIL_MILG1_2,100.0,0.85,118,118,40,N, , ,OP,X,7,1972, , ,N,Electric Utility,1,X,NG,DFO,,,,,NG,,,,N,N, ,12H,,,,,N,,, , , , , , , , ,,, , , ,, , ,Y,Y,Y
17583,"South Texas Electric Coop, Inc",3630,Pearsall,2393 County Road 1005,Pearsall,TX,78061,Frio,28.9275,-99.0919,TRE,ERCO,"Electric Reliability Council of Texas, Inc.",Wells,22,RE,1,Electric Utility,N,,N,,N,,N,X,,"South Texas Electric Coop, Inc",17583,TX,138, , ,N,,Other - Please explain in pipeline notes below.,,,"Connected to ~52 mile ""LaSalle Pipeline"" owned and operated by Kinder Morgan Tejas Pipeline LLC",N,,17583,"South Texas Electric Coop, Inc",Pearsall,TX,Frio,10A,Natural Gas Internal Combustion Engine,IC,,S,X,X,PEARSA_1_24,,8.4,0.8,8.4,8.4,4,N, , ,OP,X,3,2010, , ,N,Electric Utility,1,X,NG,,,,,,,,,,N,N, ,10M,,,,,,,, , , , , , , , ,,, , , ,, , ,N,,
17583,"South Texas Electric Coop, Inc",3631,Sam Rayburn,2849 FM 447,Nursery,TX,77976,Victoria,28.8947,-97.135,TRE,ERCO,"Electric Reliability Council of Texas, Inc.",Wells,22,RE,1,Electric Utility,N,,N,,N,,N,X,,"South Texas Electric Coop, Inc",17583,TX,138, , ,N,,Other - Please explain in pipeline notes below.,,,Connected to the Mission Valley Pipeline owned and operated by Kinder Morgan Tejas Pipeline LLC,N,,17583,"South Texas Electric Coop, Inc",Sam Rayburn,TX,Victoria,10,Natural Gas Fired Combined Cycle,CA,CC1,S,N,X,RAYBURN_CC1,,42.0,0.9,37,37,7,N, , ,OP,X,10,2003, , ,N,Electric Utility,1,X,NG,,,,,,NG,,,,N,N, ,12H,,,,,,,, , , , , , , , ,,, , , ,, , ,N,N,N
7634,City of Greenville - (TX),4195,Powerlane Plant,4201 Powerlane,Greenville,TX,75401,Hunt,33.1707,-96.1264,TRE,ERCO,"Electric Reliability Council of Texas, Inc.",No 4 Reservoir,22,RE,1,Electric Utility,N,,N,,N,,N,X,,City of Greenville - (TX),7634,TX,69, , ,N,ATMOS ENERGY CORPORATION,,,,,N,X,7634,City of Greenville - (TX),Powerlane Plant,TX,Hunt,EP,Natural Gas Internal Combustion Engine,IC,,S,X,X,STEAM_ENG123,STEAM_ENG123,8.4,0.8,8.2,8.2,4.2,N, , ,OP,X,6,2010, , ,N,Electric Utility,1,X,NG,,,,,,,,,,N,N, ,1H,,,,,,,, , , , , , , , ,,, , , ,, , ,N,N,N
6958,City of Garland - (TX),4266,Spencer,1701 A Spencer Road,Denton,TX,76205,Denton,33.1975,-97.1061,TRE,ERCO,"Electric Reliability Council of Texas, Inc.",Municipality,22,RE,1,Electric Utility,N,,N,,N,,N,X,,City of Denton - (TX),5063,TX,69, , ,N,ATMOS ENERGY CORPORATION,,,,,N,X,6958,City of Garland - (TX),Spencer,TX,Denton,4,Natural Gas Steam Turbine,ST,,S,X,X,,,61.1,0.9,61,61,10,N, , ,OP,X,6,1966, , ,N,Electric Utility,1,X,NG,,,,,,NG,,,,N,N, ,OVER,,,,,,,, , , , , , , , ,,, , , ,, , ,N,N,
11269,Lower Colorado River Authority,4937,Thomas C Ferguson,2001 Ferguson Rd.,Horseshoe Bay,TX,78654,Llano,30.558,-98.3721,TRE,ERCO,"Electric Reliability Council of Texas, Inc.",Lake Lyndon B. Johnson,22,RE,1,Electric Utility,N,,N,,N,,N,X,,Lower Colorado River Authority,11269,,138, , ,N,,ENTERPRISE TEXAS PIPELINE,,,,N,X,11269,Lower Colorado River Authority,Thomas C Ferguson,TX,Llano,CT-1,Natural Gas Fired Combined Cycle,CT,CC1,J,X,N,FERCCC_GT1_1,FERCCC_GT1_1,185.3,0.85,168,181,95,N, , ,OP,X,8,2014, , ,N,Electric Utility,1,X,NG,,,,,,,,,,N,N, ,12H,,,,,N,,, , , , , , , , ,,, , , ,N, , ,N,N,N
16604,City of San Antonio - (TX),4939,Barney M Davis,4301 Waldron Rd,Corpus Christi,TX,78418,Nueces,27.6064,-97.3117,TRE,ERCO,"Electric Reliability Council of Texas, Inc.",Laguna Madre,22,RE,1,Electric Utility,N,,N,,Y,04-62-000,N,X,,AEP Texas Central Company,3278,TX,138, , ,N,,TEXAS EASTERN TRANSMISSION LP,,,,N,X,16604,City of San Antonio - (TX),Barney M Davis,TX,Nueces,1,Natural Gas Steam Turbine,ST,,S,X,X,,,352.0,0.9,292,292,60,N, , ,OP,X,5,1974, , ,N,Electric Utility,1,X,NG,,,,,,NG,,,,N,N, ,OVER,,,,,,,, , , , , , , , ,,, , , ,, , ,N,,
6426,Flint Hills Resources Corpus Christi LLC,50026,Corpus Refinery,2825 Suntide Road 78409,Corpus Christi,TX,78409,Nueces,27.8322,-97.5281,TRE,ERCO,"Electric Reliability Council of Texas, Inc.",Nueces River,32411,NR,7,Industrial CHP,Y,87-378-000,N,,N,,N,X,,AEP Texas Central Company,3278,TX,69, , ,N,CORPUS CHRISTI GAS DIV,HOUSTON PL CO LP,KINDER MORGAN TEXAS PIPELINE LLC,ENTERPRISE TEXAS PIPELINE,Enterprise Products also supplies gas to the City of Corpus Christi and supplies natural gas to our refinery.,N,X,6426,Flint Hills Resources Corpus Christi LLC,Corpus Refinery,TX,Nueces,FR6,Natural Gas Fired Combustion Turbine,GT,,S,X,X,,,47.0,0.85,32,41,5,N, , ,OP,X,5,1988, , ,Y,Industrial CHP,7,T,NG,,,,,,,,,,N,N, ,12H,,,,,,,, , , , , , , , ,,, , , ,N, , ,N,N,N
14254,Oxy Vinyls LP,50043,Houston Chemical Complex Battleground,2800 Battleground Rd,Houston,TX,77046,Harris,29.7314,-95.0839,TRE,ERCO,"Electric Reliability Council of Texas, Inc.",CWA,325,NR,7,Industrial CHP,Y,82-69-000,N,,N,,N,X,,CenterPoint Energy,8901,TX,142, , ,N,,KINDER MORGAN TEJAS PIPELINE LLC,HOUSTON PL CO LP,ENTERPRISE INTRASTATE LLC,,X,,14254,Oxy Vinyls LP,Houston Chemical Complex Battleground,TX,Harris,GT1,Natural Gas Fired Combined Cycle,CT,CC1,S,X,N,DIB,DIB,104.2,0.9,66,74,52,N, , ,OP,X,5,1982, , ,Y,Industrial CHP,7,T,NG,,,,,,,,,,N,N, ,12H,,,,,,,, , , , , , , , ,,, , , ,, , ,N,N,N
15941,Rice University,50054,Rice University,6100 Main Street,Houston,TX,77005,Harris,29.721048,-95.39536,TRE,ERCO,"Electric Reliability Council of Texas, Inc.",City Of Houston,611,NR,5,Commercial CHP,Y,"85-201-000, 88-291-000",N,,N,,N,X,,CenterPoint Energy,8901,TX,15, , ,N,CENTERPOINT ENERGY,Other - Please explain in pipeline notes below.,,,for plant that receive natural gas only,N,,15941,Rice University,Rice University,TX,Harris,GEN2,Natural Gas Fired Combustion Turbine,GT,,S,X,X,,,3.8,0.98,3.8,3.8,3.8,N, , ,OP,X,2,1989, , ,Y,Commercial CHP,5,T,NG,,,,,,,,,,N,N, ,1H,,,,,,,, , , , , , , , ,,, , , ,, , ,N,N,N
17145,Sid Richardson Carbon Ltd,50067,Borger Plant,9455 FM 1559,Borger,TX,79007,Hutchinson,35.6647,-101.4354,MRO,SWPP,Southwest Power Pool,Municipality,32512,NR,7,Industrial CHP,N,,N,,N,,N,X,,Southwestern Public Service Co,17718,TX,69, , ,N,,EL PASO NATURAL GAS COMPANY LLC,DCP MIDSTREAM LP,,,N,X,17145,Sid Richardson Carbon Ltd,Borger Plant,TX,Hutchinson,GEN1,Other Gases,ST,,S,X,X,,,30.0,0.8,20,20,2.5,N, , ,OP,X,2,1985, , ,Y,Industrial CHP,7,T,BFG,NG,,,,,NG,,,,N,N, ,12H,,,,,,,, , , , , , , , ,,, , , ,, , ,Y,Y,N
12307,WestRock (TX),50101,WestRock (TX),1913 FM 105,Evadale,TX,77615,Jasper,30.3419,-94.0656,TRE,MISO,"Midcontinent Independent Transmission System Operator, Inc..",Neches River,322,NR,7,Industrial CHP,N,,N,,N,,N,X,,Entergy Gulf States - LA LLC,55936,LA,138, , ,N,,HOUSTON PL CO LP,SABINE PIPE LINE LLC,,,N,X,12307,WestRock (TX),WestRock (TX),TX,Jasper,GEN1,Wood/Wood Waste Biomass,ST,,S,X,X,,,7.5,0.95,9.5,9.5,4.8,N, , ,OP,X,6,1954, , ,Y,Industrial CHP,7,T,BLQ,WDS,NG,,,,WDS,NG,,,N,N, ,12H,,,N,,,,, , , , , , , , ,,, , , ,, , ,Y,Y,N
54700,Paris Generation LP,50109,Paris Energy Center,301 Lake Crook Road,Paris,TX,75460,Lamar,33.6968,-95.5577,TRE,ERCO,"Electric Reliability Council of Texas, Inc.","Pat Mayse , Lamar County",22,NR,2,IPP Non-CHP,N,,N,,N,,N,X,,Oncor Electric Delivery Company LLC,44372,TX,138, , ,N,,KINDER MORGAN NORTH TEXAS PL,,,,N,N,54700,Paris Generation LP,Paris Energy Center,TX,Lamar,GEN1,Natural Gas Fired Combined Cycle,CT,CC1,S,X,Y,TNSKA_CC1,TNSKA_CC1,87.8,0.85,76,87,40,N, , ,OP,X,7,1989, , ,N,IPP Non-CHP,2,X,NG,DFO,,,,,NG,,,,N,N, ,12H,,,,,,,, , , , , , , , ,,, , , ,N, , ,Y,Y,Y
19537,University of Texas at Austin,50118,Hal C Weaver Power Plant,215 E 24th,Austin,TX,78712,Travis,30.2867,-97.7356,TRE,ERCO,"Electric Reliability Council of Texas, Inc.",Municipality,611,NR,5,Commercial CHP,Y,86-486-000,N,,N,,N,X,,Austin Energy,1015,TX,69, , ,N,TEXAS GAS SERVICE,DISCOVERY GAS TRANSMISSION,,,,N,X,19537,University of Texas at Austin,Hal C Weaver Power Plant,TX,Travis,GEN10,Natural Gas Fired Combined Cycle,CT,HCWP,S,X,N,,,34.4,0.8,33,32.5,21,N, , ,OP,X,3,2010, , ,Y,Commercial CHP,5,T,NG,,,,,,,,,,N,N, ,1H,,,,,,,, , , , , , , , ,,, , , ,, , ,N,,
19685,Valero Refining Co,50121,Valero Refinery Corpus Christi West,5900 Up River Rd,Corpus Christi,TX,78469,Nueces,27.8175,-97.4814,TRE,ERCO,"Electric Reliability Council of Texas, Inc.",Cooling,32411,NR,6,Industrial Non-CHP,Y,83-254-000,Y,83-254-000,N,,N,X,,AEP Texas Central Company,3278,TX,138, , ,N,Other - See pipeline notes.,,,,,N,,19685,Valero Refining Co,Valero Refinery Corpus Christi West,TX,Nueces,PRU,All Other,ST,TG,S,X,X,,,12.0,1,12,12,0,N, , ,OP,X,9,1983, , ,N,Industrial Non-CHP,6,X,WH,,,,,,WH,,,,N,N, ,12H,,,,,,,, , , , , , , , ,,, , , ,, , ,N,,
54777,Signal Hill Generating LLC,50127,Signal Hill Generating LLC,4511 Alendale Road,Wichita Falls,TX,76310,Wichita,33.8625,-98.5894,TRE,ERCO,"Electric Reliability Council of Texas, Inc.",Municipality,22,NR,2,IPP Non-CHP,N,,N,,Y,99-234-000,N,X,,Oncor Electric Delivery Company LLC,44372,TX,140, , ,N,ATMOS ENERGY CORPORATION,,,,,N,X,54777,Signal Hill Generating LLC,Signal Hill Generating LLC,TX,Wichita,GTA,Natural Gas Fired Combined Cycle,CT,CC1,S,X,Y,WFCOGEN_CC1,WFCOGEN_CC1,20.0,0.8,19.7,19.7,2,N, , ,OP,X,6,1987, , ,N,IPP Non-CHP,2,X,NG,,,,,,,,,,N,N, ,1H,,,,,,,, , , , , , , , ,,, , , ,, , ,N,N,N
65401,Wharton County Generation LLC,50137,Newgulf Cogen,206 Vat Road #A,NewGulf,TX,77420,Wharton,29.2639,-95.8997,TRE,ERCO,"Electric Reliability Council of Texas, Inc.",San Bernard River,22,NR,2,IPP Non-CHP,N,,N,,Y,96-55-000,N,X,,CenterPoint Energy,8901,TX,138, , ,N,,HOUSTON PL CO LP,,,,N,N,65401,Wharton County Generation LLC,Newgulf Cogen,TX,Wharton,GEN1,Natural Gas Fired Combustion Turbine,GT,,W,X,X,,,101.9,0.8,69,84,60,N, , ,OP,X,4,1984, , ,N,IPP Non-CHP,2,X,NG,,,,,,,,,,N,N, ,1H,,,,,,,, , , , , , , , ,,, , , ,, , ,N,N,N
27211,Snider Industries Inc,50141,Snider Industries,3311 Sue Belle Lake Road,Marshall,TX,75671,Harrison,32.574722,-94.373889,MRO,SWPP,Southwest Power Pool,Sue Belle Lake,321,NR,7,Industrial CHP,Y,83-158-000,N,,N,,N,X,,Southwestern Electric Power Co,17698,TX,12.47, , ,N,,,,,,N,N,27211,Snider Industries Inc,Snider Industries,TX,Harrison,WGN1,Wood/Wood Waste Biomass,ST,,S,X,X,,,5.0,0.8,5,5,1,N, , ,OP,X,8,1983, , ,Y,Industrial CHP,7,B,WDS,,,,,,WDS,,,,Y,N,0,12H,,,,,,,, , , , , , , , ,,, , , ,, , ,N,,
19450,Union Carbide Corp-Seadrift,50150,Union Carbide Seadrift Cogen,Highway 185,Seadrift,TX,77983,Calhoun,28.5105,-96.7706,TRE,ERCO,"Electric Reliability Council of Texas, Inc.",Surface,325,NR,7,Industrial CHP,Y,85-15-001,N,,N,,N,X,,AEP Texas Central Company,3278,TX,69, , ,N,,SOUTHCROSS ENERGY LLC,HOUSTON PL CO LP,FLORIDA GAS TRANSMISSION COMPANY,CHANNEL,N,N,19450,Union Carbide Corp-Seadrift,Union Carbide Seadrift Cogen,TX,Calhoun,GE10,Natural Gas Steam Turbine,ST,G621,S,X,X,UCC_COG_PUN1,ERCOT SOUTH ZONE,15.0,0.85,15,15,2,N, , ,OP,X,1,1964, , ,Y,Industrial CHP,7,B,NG,OG,,,,,NG,,,,N,N, ,12H,,,,,,,, , , , , , , , ,,, , , ,, , ,Y,N,N
39066,Union Carbide Corp-Texas City,50153,Texas City Plant Union Carbide,3301 Fifth Avenue South,Texas City,TX,77592,Galveston,29.37612,-94.946477,TRE,ERCO,"Electric Reliability Council of Texas, Inc.",Brazos River,325,NR,7,Industrial CHP,Y,82-73-000; '95-293-000,N,,N,,N,X,,Texas-New Mexico Power Co,40051,TX,138, , ,N,,HOUSTON PL CO LP,KINDER MORGAN TEXAS PIPELINE LLC,ENTERPRISE TEXAS PIPELINE,,N,X,39066,Union Carbide Corp-Texas City,Texas City Plant Union Carbide,TX,Galveston,STG,All Other,ST,,S,X,X,,,45.0,0.9,38,38,10,N, , ,OP,X,3,1996, , ,Y,Industrial CHP,7,B,PUR,,,,,,PUR,,,,N,N, ,12H,,,,,,,, , , , , , , , ,,, , , ,, , ,N,N,N
18760,"TPC Group, LLC",50229,Texas Petrochemicals,8600 Park Place Blvd.,Houston,TX,77017,Harris,29.6981,-95.2547,TRE,ERCO,"Electric Reliability Council of Texas, Inc.",CIWA,32511,NR,7,Industrial CHP,Y,82-3-000,N,,N,,N,X,,CenterPoint Energy,8901,TX,69, , ,N,,KINDER MORGAN TEJAS PIPELINE LLC,ENTERPRISE TEXAS PIPELINE,CENTERPOINT ENERGY INTRASTATE P LLC,,N,X,18760,"TPC Group, LLC",Texas Petrochemicals,TX,Harris,TG2,Natural Gas Steam Turbine,ST,,S,X,X,,,35.0,0.8,35,35,8,N, , ,OP,X,6,1972, , ,Y,Industrial CHP,7,T,NG,OG,,,,,NG,,,,N,N, ,OVER,,,,,N,,, , , , , , , , ,,, , , ,N, , ,Y,Y,N
27378,Tenet Hospital Ltd,50241,Tenet Hospital,2001 North Oregon St,El Paso,TX,79902,El Paso,31.7697,-106.5014,TRE,EPE,El Paso Electric Company,,622,NR,5,Commercial CHP,Y,86-395-000,N,,N,,N,X,,El Paso Electric Co,5701,TX,13.8, , ,N,TEXAS GAS SERVICE,,,,,N,X,27378,Tenet Hospital Ltd,Tenet Hospital,TX,El Paso,9541,Natural Gas Internal Combustion Engine,IC,,S,X,X,,,2.1,0.8,2.1,2.1,0.3,N, , ,OP,X,3,1987, , ,Y,Commercial CHP,5,T,NG,DFO,,,,,,,,,N,N, ,1H,,,,,,,, , , , , , , , ,,, , , ,, , ,Y,N,Y
64497,Deer Park Refinery Limited Partnership (DPRLP),50304,Shell Deer Park,PO Box 100,Deer Park,TX,77536,Harris,29.723185,-95.128856,TRE,ERCO,"Electric Reliability Council of Texas, Inc.",Trinity River,324,NR,7,Industrial CHP,Y,94-140-000,N,,N,,N,X,,CenterPoint Energy,8901,TX,138, , ,N,,HOUSTON PL CO LP,,,,N,X,64497,Deer Park Refinery Limited Partnership (DPRLP),Shell Deer Park,TX,Harris,GEN1,All Other,ST,,S,X,X,,,45.9,0.9,45,50,10,N, , ,OP,X,10,1979, , ,N,Industrial CHP,7,X,PUR,,,,,,PUR,,,,,, ,12H,,,,,,,, , , , , , , , ,,, , , ,, , ,N,,N
54837,INEOS Nitriles Greenlake,50404,BP Chemicals Green Lake Plant,13050 State HWY 185,Port Lavaca,TX,77979,Calhoun,28.5707,-96.8333,TRE,ERCO,"Electric Reliability Council of Texas, Inc.",Guadalupe River,32512,NR,6,Industrial Non-CHP,N,,Y,81-37-001,N,,N,X,,AEP Texas Central Company,3278,TX,138, , ,N,,,,,,N,X,54837,INEOS Nitriles Greenlake,BP Chemicals Green Lake Plant,TX,Calhoun,TG2,All Other,ST,,S,X,X,,,15.0,0.85,15,15,2,N, , ,OP,X,3,1989, , ,N,Industrial Non-CHP,6,X,WH,,,,,,WH,,,,N,N, ,12H,,,,,,,, , , , , , , , ,,, , , ,, , ,N,N,
5065,Equistar Chemicals LP,50475,Corpus Christi,1501 McKenzie Road,Corpus Christi,TX,78410,Nueces,27.811083,-97.595813,TRE,ERCO,"Electric Reliability Council of Texas, Inc.",Municipality,325,NR,7,Industrial CHP,Y,88-448-000,N,,N,,N,X,,AEP Texas Central Company,3278,TX,138, , ,N,,ENTERPRISE TEXAS PIPELINE,KINDER MORGAN TEJAS PIPELINE LLC,Other - Please explain in pipeline notes below.,Cokinos,N,X,5065,Equistar Chemicals LP,Corpus Christi,TX,Nueces,GEN1,Natural Gas Fired Combustion Turbine,GT,,S,X,X,,,41.0,0.85,33,41,26,N, , ,OP,X,5,1989, , ,Y,Industrial CHP,7,T,NG,,,,,,,,,,N,N, ,OVER,,,,N,,,, , , , , , , , ,,, , , ,, , ,N,N,N
6090,ExxonMobil Oil Corp,50625,ExxonMobil Beaumont Refinery,1795 Burt St.,Beaumont,TX,77701,Jefferson,30.0636,-94.0753,SERC,MISO,"Midcontinent Independent Transmission System Operator, Inc..",Lower Neches Valley Authority,32411,NR,7,Industrial CHP,Y,"90-20-000, '04-63-000",N,,N,,N,X,,Entergy Texas Inc.,55937,TX,138, , ,N,,HOUSTON PL CO LP,DCP MIDSTREAM LP,Other - Please explain in pipeline notes below.,OTHER PIPELINE CONNECTIONS INCLUDE: KINDER MORGAN TEJAS PIPELINE LLC KINDER MORGAN TEXAS PIPELINE LLC CENTANA INTRASTATE PIPELINE LP,N,X,6090,ExxonMobil Oil Corp,ExxonMobil Beaumont Refinery,TX,Jefferson,ETG,Other Gases,ST,,S,X,X,,,7.5,0.93,5,5,2,N, , ,OP,X,1,1978, , ,N,Industrial CHP,7,X,OG,,,,,,OG,,,,N,N, ,12H,,,,,,,, , , , , , , , ,,, , , ,, , ,N,N,N
55879,Odyssey Operating Services,50815,"Odyssey Energy Altura Cogen, LLC",2330 Sheldon Road,Channelview,TX,77530,Harris,29.8161,-95.10773,TRE,ERCO,"Electric Reliability Council of Texas, Inc.",San Jacinto River Basin,22,NR,3,IPP CHP,Y,83-355-0012,N,,N,,N,X,,CenterPoint Energy,8901,TX,138, , ,N,,KINDER MORGAN TEJAS PIPELINE LLC,HOUSTON PL CO LP,KINDER MORGAN TEXAS PIPELINE LLC,,N,X,55879,Odyssey Operating Services,"Odyssey Energy Altura Cogen, LLC",TX,Harris,GEN1,Natural Gas Fired Combined Cycle,CT,CC1,W,X,N,PSA_PSA_G1,PSA_PSA_G1,84.9,0.85,61.1,58.2,40,N, , ,OP,X,11,1985, , ,Y,IPP CHP,3,T,NG,,,,,,,,,,N,, ,12H,,,,,,,, , , , , , , , ,,, , , ,, , ,N,N,N
12981,Motiva Enterprises LLC,50973,Motiva Enterprises Port Arthur Refinery,2555 Savannah Avenue,Port Arthur,TX,77640,Jefferson,29.888462,-93.950984,SERC,MISO,"Midcontinent Independent Transmission System Operator, Inc..",LNVA,32411,NR,7,Industrial CHP,Y,85-342-000,N,,N,,N,X,,Entergy Texas Inc.,55937,TX,230, , ,N,,DCP MIDSTREAM LP,KINDER MORGAN TEJAS PIPELINE LLC,FLORIDA GAS TRANSMISSION COMPANY,,N,X,12981,Motiva Enterprises LLC,Motiva Enterprises Port Arthur Refinery,TX,Jefferson,GN31,Other Gases,CA,BLK1,S,Y,X,,,10.0,0.8,8.4,8.6,3,N, , ,OP,X,6,1962, , ,Y,Industrial CHP,7,T,OG,,,,,,,,,,N,N, ,12H,,,,,,,, , , , , , , , ,,, , , ,, , ,N,,
59409,Eco Services Corp.,52065,Houston Plant,8615 Manchester Blvd,Houston,TX,77012,Harris,29.71977,-95.270562,TRE,ERCO,"Electric Reliability Council of Texas, Inc.",Municipality,325188,NR,7,Industrial CHP,Y,"96-81-000, 93-112-000",N,,N,,N,X,,CenterPoint Energy,8901,TX,12.47, , ,N,CENTERPOINT ENERGY,,,,,N,,59409,Eco Services Corp.,Houston Plant,TX,Harris,GEN1,All Other,ST,,S,X,X,,,6.0,0.8,5.5,6.1,5,N, , ,OP,X,1,1977, , ,Y,Industrial CHP,7,B,WH,,,,,,NG,,,,N,N, ,OVER,,,,,,,, , , , , , , , ,,, , , ,, , ,N,,N
22652,Texas City Cogeneration LLC,52088,Texas City Power Plant,3221 5th Ave S,Texas City,TX,77590,Galveston,29.378697,-94.943829,TRE,ERCO,"Electric Reliability Council of Texas, Inc.",Brazos River,22,NR,3,IPP CHP,N,,N,,N,,N,X,,Texas-New Mexico Power Co,40051,TX,138, , ,N,,HOUSTON PL CO LP,KINDER MORGAN TEJAS PIPELINE LLC,,,N,N,22652,Texas City Cogeneration LLC,Texas City Power Plant,TX,Galveston,GEN1,Natural Gas Fired Combined Cycle,CA,CC1,S,Y,X,TXCTY_CC1,TXCTY_CC1,141.0,0.95,142,141,5,N, , ,OP,X,5,1987, , ,Y,IPP CHP,3,T,NG,,,,,,,,,,N,N, ,12H,,,,,,,, , , , , , , , ,,, , , ,, , ,N,N,N
59875,Olin Blue Cube Operations,52120,Freeport Energy,2301 Brazosport Boulevard,Freeport,TX,77541,Brazoria,28.991289,-95.407481,TRE,ERCO,"Electric Reliability Council of Texas, Inc.",Gulf Of Mexico & Brazos River,325,NR,7,Industrial CHP,Y,82-19-000,N,,N,,N,X,,CenterPoint Energy,8901,TX,345, , ,N,,HOUSTON PL CO LP,,,,N,X,59875,Olin Blue Cube Operations,Freeport Energy,TX,Brazoria,G-61,Natural Gas Fired Combined Cycle,CT,PLTB,S,X,N,,,94.5,0.85,68.3,76.1,50,N, , ,OP,X,10,1982, , ,Y,Industrial CHP,7,T,NG,,,,,,,,,,N,N, ,12H,,,,,,,, , , , , , , , ,,, , , ,, , ,N,N,N
429,Occidental Permian Ltd,52122,Wasson CO2 Removal Plant,2582 County Road 355,Denver City,TX,79323,Yoakum,33.009944,-102.756945,MRO,SWPP,Southwest Power Pool,Wells,211,NR,7,Industrial CHP,Y,86-730-000,N,,N,,N,X,,Southwestern Public Service Co,17718,TX,230, , ,N,,KINDER MORGAN TEXAS PIPELINE LLC,,,,N,X,429,Occidental Permian Ltd,Wasson CO2 Removal Plant,TX,Yoakum,GEN1,Natural Gas Fired Combustion Turbine,GT,,S,X,X,,,23.4,0.85,18.4,17.7,10,N, , ,OP,X,2,1988, , ,Y,Industrial CHP,7,T,NG,,,,,,NG,,,,N,, ,12H,,,,,,,, , , , , , , , ,,, , , ,, , ,N,N,N
17566,South Houston Green Power LLC,52132,Power Station 4,2023 5th Ave South,Texas City,TX,77590,Galveston,29.378164,-94.92195,TRE,ERCO,"Electric Reliability Council of Texas, Inc.",Gulf Coast Water Authority,32411,NR,7,Industrial CHP,Y,85-134-001,N,,N,,N,X,,Texas-New Mexico Power Co,40051,TX,138, , ,N,,HOUSTON PL CO LP,KINDER MORGAN TEJAS PIPELINE LLC,,,N,X,17566,South Houston Green Power LLC,Power Station 4,TX,Galveston,GEN1,Natural Gas Fired Combined Cycle,CT,CC1,W,X,N,AMOCOOIL,AMOCOOIL,78.2,0.85,69,78,50,N, , ,OP,X,9,1986, , ,Y,Industrial CHP,7,T,NG,,,,,,,,,,N,N, ,12H,,,,,,,, , , , , , , , ,,, , , ,, , ,N,N,N
15300,"BHER Power Resources, Inc",52176,C R Wing Cogen Plant,500 Refinery Road,Big Spring,TX,79720,Howard,32.273178,-101.422386,TRE,ERCO,"Electric Reliability Council of Texas, Inc.",Colo.River Municipal Water Dis,22,NR,3,IPP CHP,N,,N,,Y,03-22-000,N,X,,Oncor Electric Delivery Company LLC,44372,TX,345, , ,N,,ONEOK WES TEX TRANSMISSION LLC,,,,N,X,15300,"BHER Power Resources, Inc",C R Wing Cogen Plant,TX,Howard,GEN1,Natural Gas Fired Combined Cycle,CT,CC1,S,X,N,FLCNS_CC1,,77.5,0.85,71,71,45,N, , ,OP,X,7,1987, , ,Y,IPP CHP,3,T,NG,,,,,,,,,,N,N, ,12H,,,,,,,, , , , , , , , ,,, , , ,, , ,N,N,N
61963,Graphic Packaging International - Texarkana,54097,International Paper Texarkana Mill,9978 FM 3129,Queen City,TX,75572,Cass,33.2553,-94.0696,MRO,SWPP,Southwest Power Pool,Sulphur River,32213,NR,7,Industrial CHP,N,,N,,N,,Y,N,OP,Southwestern Public Service Co,17718,TX,138, , ,N,,NATURAL GAS PL CO OF AMERICA LLC,,,,N,N,61963,Graphic Packaging International - Texarkana,International Paper Texarkana Mill,TX,Cass,GEN1,Wood/Wood Waste Biomass,ST,,S,X,X,,,25.0,0.85,25,25,5,N, , ,OP,X,1,1972, , ,Y,Industrial CHP,7,T,BLQ,NG,,,,,WDS,,,,N,N,0,1H,,,,,,,, , , , , , , , ,,, , , ,, , ,Y,Y,N
7375,Goodyear Tire & Rubber Co,54321,Goodyear Beaumont Chemical Plant,11357 Interstate 10,Beaumont,TX,77705,Jefferson,29.9728,-94.2142,SERC,MISO,"Midcontinent Independent Transmission System Operator, Inc..",Lower N. River Valley Auth.,325,NR,7,Industrial CHP,N,,N,,N,,N,X,,Entergy Texas Inc.,55937,TX,69, , ,N,Other - See pipeline notes.,KINDER MORGAN BORDER PIPELINE LLC,,,Kinder Morgan 100%,N,X,7375,Goodyear Tire & Rubber Co,Goodyear Beaumont Chemical Plant,TX,Jefferson,2N80,Natural Gas Fired Combustion Turbine,GT,,S,X,X,,,5.0,0.9,4.5,5.5,2,N, , ,OP,X,8,1999, , ,Y,Industrial CHP,7,T,NG,,,,,,NG,,,,N,N, ,1H,,,,,,,, , , , , , , , ,,, , , ,, , ,N,N,N
17052,Shell Chemical LP,54330,Westhollow Technology Center,3333  Hwy 6 South,Houston,TX,77082,Harris,29.726017,-95.638249,TRE,ERCO,"Electric Reliability Council of Texas, Inc.",Municipality,325,NR,7,Industrial CHP,N,,N,,N,,N,X,,CenterPoint Energy,8901,TX,12.47, , ,N,CENTERPOINT ENERGY,,,,,N,X,17052,Shell Chemical LP,Westhollow Technology Center,TX,Harris,1,Natural Gas Fired Combustion Turbine,GT,,S,X,X,,,3.7,0.9,3.7,3.7,1.8,N, , ,OP,X,1,1988, , ,Y,Industrial CHP,7,T,NG,,,,,,,,,,N,N, ,1H,,,,,,,, , , , , , , , ,,, , , ,N, , ,N,N,N
6831,Ft Worth City of,54520,Village Creek Water Reclamation Facility,4500 Wilma Lane,Arlington,TX,76012,Tarrant,32.775093,-97.14209,TRE,ERCO,"Electric Reliability Council of Texas, Inc.",,22132,NR,5,Commercial CHP,N,,N,,N,,N,X,,Oncor Electric Delivery Company LLC,44372,TX,12.5, , ,N,ATMOS ENERGY CORPORATION,Other - Please explain in pipeline notes below.,,,"Kinder Morgan Ranger, LLC (c/o Kinder Morgan Arlington, RNG, LLC) - We use this pipeline to send the digester gas prooduced at the plant to Kinder Morgan for RIN credits.",N,X,6831,Ft Worth City of,Village Creek Water Reclamation Facility,TX,Tarrant,TG1,Natural Gas Fired Combustion Turbine,GT,,S,X,X,,,5.3,0.8,4.2,5.3,0.1,N, , ,OP,X,6,2001, , ,Y,Commercial CHP,5,T,NG,,,,,,,,,,N,N, ,1H,,,,,,,, , , , , , , , ,,, , , ,, , ,N,N,N
14925,Phelps Dodge Refining Corp,54628,Phelps Dodge Refining,850 HAWKINS,El Paso,TX,79915,El Paso,31.764458,-106.391314,WECC,EPE,El Paso Electric Company,Wells,2122,NR,7,Industrial CHP,Y,86-652-000; '93-57-000,N,,N,,N,X,,El Paso Electric Co,5701,TX,13.8, , ,N,TEXAS GAS SERVICE,,,,,N,N,14925,Phelps Dodge Refining Corp,Phelps Dodge Refining,TX,El Paso,3001,Natural Gas Fired Combustion Turbine,GT,,S,X,X,,,4.2,0.8,3.2,3.8,3.2,N, , ,OP,X,6,1992, , ,Y,Industrial CHP,7,T,NG,,,,,,,,,,N,N, ,10M,,,,,,,, , , , , , , , ,,, , , ,, , ,N,N,N
30052,Indorama Ventures,54637,JCO Oxides Olefins Plant,6001 Hwy 366,Port Neeches,TX,77651,Jefferson,29.963502,-93.929737,SERC,MISO,"Midcontinent Independent Transmission System Operator, Inc..",Closed-Loop Cooling Tower,324,NR,7,Industrial CHP,Y,90-174-000,N,,N,,N,X,,Entergy Texas Inc.,55937,TX,69, , ,N,Other - See pipeline notes.,KINDER MORGAN TEJAS PIPELINE LLC,KINDER MORGAN TEXAS PIPELINE LLC,ENERGY TRANSFER FUEL LP,,N,N,30052,Indorama Ventures,JCO Oxides Olefins Plant,TX,Jefferson,GCG1,Natural Gas Fired Combustion Turbine,GT,,S,X,X,,,36.9,0.85,30.5,35.5,10,N, , ,OP,X,9,1992, , ,Y,Industrial CHP,7,T,NG,,,,,,NG,,,,N,N, ,1H,,,,,,,, , , , , , , , ,,, , , ,N, , ,N,N,N
5374,Dow Chemical Company-Oyster Creek VIII,54676,Oyster Creek Unit VIII,"2301 Brazosport Blvd., OC-801",Freeport,TX,77547,Brazoria,28.9802,-95.342,TRE,ERCO,"Electric Reliability Council of Texas, Inc.",Brazos River (Dow Chemical),22,NR,3,IPP CHP,Y,92-42-000,N,,N,,N,X,,CenterPoint Energy,8901,TX,138, , ,N,,DOW CHEMICAL CO,,,,N,X,5374,Dow Chemical Company-Oyster Creek VIII,Oyster Creek Unit VIII,TX,Brazoria,G81,Natural Gas Fired Combined Cycle,CT,CC1,J,X,N,,,99.0,1,73,90,70,N, , ,OP,X,10,1994, , ,Y,IPP CHP,3,T,NG,,,,,,,,,,N,N, ,1H,,,,,,,, , , , , , , , ,,, , , ,, , ,N,N,N
66083,Johnson County Power LLC,54817,Johnson County,831 Sparks Dr.,Cleburne,TX,76033,Johnson,32.3994,-97.4078,TRE,ERCO,"Electric Reliability Council of Texas, Inc.",Municipality,22,RE,1,Electric Utility,N,,N,,N,,N,X,,Brazos Electric Power Coop Inc,2172,,138, , ,N,ATMOS ENERGY CORPORATION,,,,,N,X,66083,Johnson County Power LLC,Johnson County,TX,Johnson,GT-1,Natural Gas Fired Combined Cycle,CT,CC01,S,X,N,TEN_CC1,TEN_CC1,178.2,0.9,163,174,100,N, , ,OP,X,9,1996, , ,N,Electric Utility,1,X,NG,DFO,,,,,,,,,N,N, ,1H,,,,,,,, , , , , , , , ,,, , , ,, , ,Y,Y,Y
2770,Terra-Gen Operating Co-Wind,54979,Big Spring Wind Power Facility,3300 South Moss Lake Rd,Big Spring,TX,79720,Howard,32.2075,-101.388333,TRE,ERCO,"Electric Reliability Council of Texas, Inc.",,22,NR,2,IPP Non-CHP,N,,Y,95-141-000,N,,,X,,Oncor Electric Delivery Company LLC,44372,TX,66, , ,N,,,,,,X,X,2770,Terra-Gen Operating Co-Wind,Big Spring Wind Power Facility,TX,Howard,WIND,Onshore Wind Turbine,WT,,W,X,X,,,34.3, ,34.3,34.3,0,N, , ,OP,X,12,1998, , ,N,IPP Non-CHP,2,X,WND,,,,,,,,,,N,N,46,,,,,,,,, , , , , , , , ,,, , , ,, , ,,,
22214,Sweeny Cogeneration LLC,55015,Sweeny Cogen Facility,"7190 Old FM 524, Gate 13",Old Ocean,TX,77463,Brazoria,29.0728,-95.745,TRE,ERCO,"Electric Reliability Council of Texas, Inc.",San Bernard River,22,NR,3,IPP CHP,Y,97-131-003,N,,N,,N,X,,Texas-New Mexico Power Co,40051,TX,138, , ,N,,TEXAS EASTERN TRANSMISSION LP,ENTERPRISE TEXAS PIPELINE,KINDER MORGAN TEJAS PIPELINE LLC,,N,X,22214,Sweeny Cogeneration LLC,Sweeny Cogen Facility,TX,Brazoria,GEN1,Natural Gas Fired Combustion Turbine,GT,,S,X,X,,,143.0,0.85,109,126,90,N, , ,OP,X,8,1997, , ,Y,IPP CHP,3,T,NG,OG,,,,,,,,,N,N, ,OVER,,,,,,,, , , , , , , , ,,, , , ,N, , ,Y,Y,N
11059,Pasadena Cogeneration LP,55047,Pasadena Cogeneration,955 Phillips Road,Pasadena,TX,77506,Harris,29.72475,-95.176479,TRE,ERCO,"Electric Reliability Council of Texas, Inc.",Coastal Ind. Water Authority,22,NR,3,IPP CHP,Y,96-54,N,,Y,"96-54, EG16-32",N,X,,CenterPoint Energy,8901,TX,138, , ,N,,KINDER MORGAN TEJAS PIPELINE LLC,KINDER MORGAN TEXAS PIPELINE LLC,ENTERPRISE TEXAS PIPELINE,,N,X,11059,Pasadena Cogeneration LP,Pasadena Cogeneration,TX,Harris,CTG1,Natural Gas Fired Combined Cycle,CT,P1,W,X,N,,,175.0,1,167,175,65,N, , ,OP,X,6,1998, , ,Y,IPP CHP,3,T,NG,,,,,,,,,,N,N, ,12H,,N,,,,,, , , , , , , , ,,, , , ,, , ,N,N,N
50114,"WTG Jameson, L.P.",55052,Jameson Gas Processing Plant,1000 Gas Plant Road,Silver,TX,76949,Coke,32.05,-100.6917,TRE,ERCO,"Electric Reliability Council of Texas, Inc.",,211,NR,6,Industrial Non-CHP,N,,N,,N,,N,X,,AEP Texas Central Company,3278,TX,0.48, , ,N,,ENTERPRISE TEXAS PIPELINE,EL PASO NATURAL GAS COMPANY LLC,,,N,X,50114,"WTG Jameson, L.P.",Jameson Gas Processing Plant,TX,Coke,620,Natural Gas Internal Combustion Engine,IC,,S,X,X,,,0.4,0.8,0.4,0.4,0.3,N, , ,OP,X,1,1981, , ,N,Industrial Non-CHP,6,X,NG,,,,,,,,,,N,N, ,10M,,,,,,,, , , , , , , , ,,, , , ,, , ,N,N,N
59366,"EnLink Midstream Services, LLC",55053,Bridgeport Gas Processing Plant,"415 Private Rd, 3502",Bridgeport,TX,76426,Wise,33.195763,-97.802547,TRE,ERCO,"Electric Reliability Council of Texas, Inc.",,211,NR,6,Industrial Non-CHP,N,,N,,N,,N,X,,Wise Electric Coop Inc,20948,TX,12.5, , ,N,,Other - Please explain in pipeline notes below.,,,The generators supply a portion of plant power only.  There is no connection to the grid to sell or supply power outside of the plant.,N,X,59366,"EnLink Midstream Services, LLC",Bridgeport Gas Processing Plant,TX,Wise,14,Natural Gas Internal Combustion Engine,IC,,S,X,X,,,0.8,0.8,0.8,0.8,0.1,N, , ,OP,X,4,2013, , ,N,Industrial Non-CHP,6,X,NG,,,,,,,,,,N,N, ,1H,,,,,,,, , , , , , , , ,,, , , ,, , ,N,,
18611,Tenaska Frontier Partners Ltd,55062,Tenaska Frontier Generation Station,17500 Hwy 30,Shiro,TX,77876,Grimes,30.5924,-95.9178,SERC,ERCO,"Electric Reliability Council of Texas, Inc.",Municipality,22,NR,2,IPP Non-CHP,N,,N,,Y,00-91-000,N,X,,CenterPoint Energy,8901,TX,356,352, ,N,,KINDER MORGAN TEJAS PIPELINE LLC,,,,N,X,18611,Tenaska Frontier Partners Ltd,Tenaska Frontier Generation Station,TX,Grimes,GTG1,Natural Gas Fired Combined Cycle,CT,STG1,J,X,N,FTR_CC1 (ERCOT),FTRCC1,183.2,0.9,155,177,90,N, , ,OP,X,5,2000, , ,N,IPP Non-CHP,2,X,NG,,,,,,,,,,N,N, ,12H,,,,,,,, , , , , , , , ,,, , , ,, , ,N,N,N
23913,Borger Energy Associates LP,55064,Black Hawk Station,Spur 119 N. Cogen Place,Borger,TX,79007,Hutchinson,35.6957,-101.36,MRO,SWPP,Southwest Power Pool,Wells,22,NR,3,IPP CHP,Y,98-57-000,N,,N,,N,X,,Southwestern Public Service Co,17718,TX,115, , ,N,,EL PASO NATURAL GAS COMPANY LLC,Other - Please explain in pipeline notes below.,,IACX Energy purchased the facility that suplies a portion of our Fuel Gas,N,X,23913,Borger Energy Associates LP,Black Hawk Station,TX,Hutchinson,UNT1,Natural Gas Fired Combustion Turbine,GT,,S,X,X,,,126.9,0.9,109.19,126.9,80,N, , ,OP,X,6,1999, , ,Y,IPP CHP,3,T,NG,,,,,,,,,,N,N, ,1H,,,,,,,, , , , , , , , ,,, , , ,N, , ,N,N,N
7349,"Golden Spread Electric Cooperative, Inc",55065,Mustang Station,1937 County Road 390,Denver City,TX,79323,Yoakum,32.9728,-102.7417,MRO,SWPP,Southwest Power Pool,Wells,22,RE,1,Electric Utility,N,,N,,N,,N,X,,Southwestern Public Service Co,17718,TX,230,115, ,N,,NORTHERN NATURAL GAS,EL PASO NATURAL GAS COMPANY LLC,ONEOK WES TEX TRANSMISSION LLC,,N,X,7349,"Golden Spread Electric Cooperative, Inc",Mustang Station,TX,Yoakum,GEN1,Natural Gas Fired Combined Cycle,CT,CC1,S,X,Y,,,174.2,0.9,155.2,165,90,N, , ,OP,X,6,1999, , ,N,Electric Utility,1,X,NG,,,,,,,,,,N,N, ,12H,,,,,,,, , , , , , , , ,,, , , ,, , ,N,N,N
7667,Gregory Power Partners LLC,55086,Gregory Power Plant,4633A TX HWY 361,Gregory,TX,78359,San Patricio,27.88929,-97.258417,TRE,ERCO,"Electric Reliability Council of Texas, Inc.",San Patricio Municipality,22,NR,2,IPP Non-CHP,N,,N,,N,,N,X,,AEP Texas Central Company,3278,TX,138, , ,N,,KINDER MORGAN TEJAS PIPELINE LLC,,,,N,X,7667,Gregory Power Partners LLC,Gregory Power Plant,TX,San Patricio,GT1A,Natural Gas Fired Combined Cycle,CT,CC1,W,X,N,LGE_LGE_GT1,LGE_LGE_GT1,184.9,0.9,141,162,90,N, , ,OP,X,7,2000, , ,N,IPP Non-CHP,2,X,NG,,,,,,,,,,N,N, ,1H,,,,,,,, , , , , , , , ,,, , , ,, , ,N,N,N
12501,Midlothian Energy LLC,55091,Midlothian Energy Facility,4601 Brookhollow Drive,Midlothian,TX,76065,Ellis,32.4302,-97.0537,TRE,ERCO,"Electric Reliability Council of Texas, Inc.",Closed Air Cooling System,22,NR,2,IPP Non-CHP,N,,N,,N,,N,X,,Oncor Electric Delivery Company LLC,44372,TX,345, , ,N,ATMOS ENERGY CORPORATION,ENTERPRISE TEXAS PIPELINE,ENERGY TRANSFER FUEL LP,,,N,X,12501,Midlothian Energy LLC,Midlothian Energy Facility,TX,Ellis,STK1,Natural Gas Fired Combined Cycle,CS,,S,N,N,MDANP_CT1_2,,289.0,0.85,270,285,150,Y,4,2024,OP,X,5,2000, , ,N,IPP Non-CHP,2,X,NG,,,,,,,,,,N,N, ,12H,,,,,,,, , , , , , , , ,,, , , ,N, , ,N,N,N
60477,LaFrontera Holdings LLC,55097,Lamar Power Project,3205 FM 137,Paris,TX,75462,Lamar,33.6308,-95.59,TRE,ERCO,"Electric Reliability Council of Texas, Inc.",Lake Pat Mayse,22,NR,2,IPP Non-CHP,N,,N,,Y,99-119-000,N,X,,Oncor Electric Delivery Company LLC,44372,TX,345, , ,N,,KINDER MORGAN NORTH TEXAS PL,,,,N,N,60477,LaFrontera Holdings LLC,Lamar Power Project,TX,Lamar,CTG1,Natural Gas Fired Combined Cycle,CT,BLK1,S,X,N,LPCCS_UNIT1,,176.0,0.85,153,186,90,N, , ,OP,X,5,2000, , ,N,IPP Non-CHP,2,X,NG,,,,,,,,,,N,N, ,12H,,,,,,,, , , , , , , , ,,, , , ,, , ,N,N,N
6519,Frontera Generation Limited Partnership,55098,Frontera Energy Center,900 S Goodwin Rd,Mission,TX,78572,Hidalgo,26.208,-98.3992,TRE,ERCO,"Electric Reliability Council of Texas, Inc.",Rio Grande,22,NR,2,IPP Non-CHP,N,,N,,Y,EG 99-90,N,X,,AEP Texas Central Company,3278,TX,138, , ,N,,KINDER MORGAN TEJAS PIPELINE LLC,,,,N,X,6519,Frontera Generation Limited Partnership,Frontera Energy Center,TX,Hidalgo,GEN1,Natural Gas Fired Combined Cycle,CT,CC1,S,X,N,FRONT_EC,FRONT_EC,172.0,0.95,177,185,105,N, , ,OP,X,6,1999, , ,N,IPP Non-CHP,2,X,NG,,,,,,,,,,N,N, ,12H,,,,,,,, , , , , , , , ,,, , , ,N, , ,N,N,N
1357,BASF Corp,55122,NAFTA Region Olefins Complex Cogen Fac,Hwy 366 Gate 99,Port Arthur,TX,77643,Jefferson,29.954321,-93.883592,SERC,MISO,"Midcontinent Independent Transmission System Operator, Inc..",LNVA-Water Facility,32511,NR,7,Industrial CHP,N,,N,,N,,N,X,,Entergy Gulf States - LA LLC,55936,LA,230, , ,N,,HOUSTON PL CO LP,SABINE PIPE LINE LLC,,,N,X,1357,BASF Corp,NAFTA Region Olefins Complex Cogen Fac,TX,Jefferson,UN1,Natural Gas Fired Combustion Turbine,GT,,J,X,X,,,41.6,1,35,40,27,N, , ,OP,X,7,2001, , ,Y,Industrial CHP,7,T,NG,,,,,,,,,,N,N, ,OVER,,,,,,,, , , , , , , , ,,, , , ,N, , ,N,N,N
2877,Calpine Corp-Magic Valley,55123,Magic Valley Generating Station,3333 N. McColl Rd.,Edinburg,TX,78539,Hidalgo,26.3403,-98.19,TRE,ERCO,"Electric Reliability Council of Texas, Inc.",Municipality,22,NR,2,IPP Non-CHP,N,,N,,Y,00-3562-000,N,X,,AEP Texas Central Company,3278,TX,138, , ,N,,KINDER MORGAN TEXAS PIPELINE LLC,KINDER MORGAN TEJAS PIPELINE LLC,,,X,X,2877,Calpine Corp-Magic Valley,Magic Valley Generating Station,TX,Hidalgo,CTG1,Natural Gas Fired Combined Cycle,CT,STG,S,X,N,,,267.0,0.85,215,227,135,N, , ,OP,X,2,2002, , ,N,IPP Non-CHP,2,X,NG,,,,,,,,,,N,N, ,12H,,,,,,,, , , , , , , , ,,, , , ,, , ,N,N,
18518,Tenaska Gateway Partners Ltd,55132,Tenaska Gateway Generating Station,State Hwy 315 PO Box 697,Mt. Enterprise,TX,75681,Rusk,32.017826,-94.619743,TRE,ERCO,"Electric Reliability Council of Texas, Inc.",Sabine River,22,NR,2,IPP Non-CHP,N,,N,,Y,99-15-000,N,X,,Oncor Electric Delivery Company LLC,44372,TX,345, , ,N,,KINDER MORGAN TEJAS PIPELINE LLC,Other - Please explain in pipeline notes below.,,ADD MOMENTUM PIPELINES EAST TEXAS,N,X,18518,Tenaska Gateway Partners Ltd,Tenaska Gateway Generating Station,TX,Rusk,GTG1,Natural Gas Fired Combined Cycle,CT,STG1,J,X,N,TGCCS_CC1,,183.2,0.9,157,179,90,N, , ,OP,X,7,2001, , ,N,IPP Non-CHP,2,X,NG,DFO,,,,,,,,,N,N, ,12H,,,,,,,, , , , , , , , ,,, , , ,, , ,Y,N,Y
16604,City of San Antonio - (TX),55137,Rio Nogales Power Project,711 Rio Nogales Drive,Seguin,TX,78155,Guadalupe,29.593056,-97.973215,TRE,ERCO,"Electric Reliability Council of Texas, Inc.",Municipality,22,RE,1,Electric Utility,N,,N,,N,,N,X,,Lower Colorado River Authority,11269,,345, , ,N,,ENTERPRISE TEXAS PIPELINE,KINDER MORGAN TEXAS PIPELINE LLC,PHILLIPS UTIL GAS CORP,,N,X,16604,City of San Antonio - (TX),Rio Nogales Power Project,TX,Guadalupe,CTG1,Natural Gas Fired Combined Cycle,CT,CC1,S,X,N,RIONOG_CT1,RIONOG_CT1,189.0,0.85,165.5,196,100,N, , ,OP,X,5,2002, , ,N,Electric Utility,1,X,NG,,,,,,,,,,N,N, ,12H,,,,,,,, , , , , , , , ,,, , , ,, , ,N,N,N
313,"Wolf Hollow I Power, LLC",55139,Wolf Hollow I LP,9201 Wolf Hollow Court,Granbury,TX,76048,Hood,32.33422,-97.731686,TRE,ERCO,"Electric Reliability Council of Texas, Inc.",Lake Granbury,22,NR,2,IPP Non-CHP,N,,N,,Y,01-111-000,N,X,,Oncor Electric Delivery Company LLC,44372,TX,345, , ,N,,ENTERPRISE TEXAS PIPELINE,WORSHAM-STEED GAS STORAGE LLC,,,N,N,313,"Wolf Hollow I Power, LLC",Wolf Hollow I LP,TX,Hood,CTG1,Natural Gas Fired Combined Cycle,CT,BLK1,S,X,N,WHCCS_CC1,WHCCS_CC1,243.9,0.9,245,255,94,N, , ,OP,X,8,2003, , ,N,IPP Non-CHP,2,X,NG,,,,,,NG,,,,N,N, ,12H,,,,,,,, , , , , , , , ,,, , , ,, , ,N,N,N
1074,"Hays Energy, LLC",55144,Hays Energy Project,1601 Francis Harris Ln,San Marcos,TX,78666,Hays,29.7806,-97.9894,TRE,ERCO,"Electric Reliability Council of Texas, Inc.",GBRA/City of San Marcos,22,NR,2,IPP Non-CHP,N,,N,,N,,N,X,,Lower Colorado River Authority,11269,,345, , ,N,,OASIS PIPE LINE COMPANY TEXAS LP,ENTERPRISE INTRASTATE LLC,,,N,X,1074,"Hays Energy, LLC",Hays Energy Project,TX,Hays,U1,Natural Gas Fired Combined Cycle,CS,,S,N,N,HAYSEN_HAYSENG1,,241.7,0.85,228,257,150,N, , ,OP,X,5,2002, , ,N,IPP Non-CHP,2,X,NG,,,,,,,,,,N,, ,12H,,,,,,,, , , , , , , , ,,, , , ,, , ,N,N,
57045,Guadalupe Power Partners LP,55153,Guadalupe Generating Station,5740 Weil Road,Marion,TX,78124,Guadalupe,29.6244,-98.1419,TRE,ERCO,"Electric Reliability Council of Texas, Inc.",Lake Dunlap,22,NR,2,IPP Non-CHP,N,,N,,Y,98-100-000,N,X,,Lower Colorado River Authority,11269,,345, , ,N,,DCP MIDSTREAM LP,ENERGY TRANSFER FUEL LP,ENTERPRISE TEXAS PIPELINE,,N,X,57045,Guadalupe Power Partners LP,Guadalupe Generating Station,TX,Guadalupe,CTG1,Natural Gas Fired Combined Cycle,CT,STG1,S,X,N,GUADGCC1,GUADGCC1,171.1,0.85,153,161,100,N, , ,OP,X,10,2000, , ,N,IPP Non-CHP,2,X,NG,,,,,,,,,,N,N, ,12H,,,,,,,, , , , , , , , ,,, , , ,, , ,N,N,N
11269,Lower Colorado River Authority,55154,Lost Pines 1 Power Project,256 Power Plant Road,Bastrop,TX,78602,Bastrop,30.1478,-97.2714,TRE,ERCO,"Electric Reliability Council of Texas, Inc.",Lake Bastrop,22,RE,1,Electric Utility,N,,N,,N,,N,X,,Austin Energy,1015,TX,345, , ,N,,ENERGY TRANSFER COMPANY TEXAS PL LTD,ENTERPRISE TEXAS PIPELINE,,,N,X,11269,Lower Colorado River Authority,Lost Pines 1 Power Project,TX,Bastrop,CTA,Natural Gas Fired Combined Cycle,CT,CC1,J,X,N,,,202.5,0.9,169,178,105,N, , ,OP,X,5,2001, , ,N,Electric Utility,1,X,NG,,,,,,,,,,N,N, ,12H,,,,,,,, , , , , , , , ,,, , , ,N, , ,N,N,N
49768,"Bastrop Energy Partners, LP",55168,Bastrop Energy Center,125 Old Bastrop Road,Cedar Creek,TX,78602,Bastrop,30.1458,-97.55,TRE,ERCO,"Electric Reliability Council of Texas, Inc.",Colorado River,22,NR,2,IPP Non-CHP,N,,N,,N,,N,X,,Lower Colorado River Authority,11269,,345, , ,N,,ENTERPRISE INTRASTATE LLC,KINDER MORGAN TEXAS PIPELINE LLC,,,N,X,49768,"Bastrop Energy Partners, LP",Bastrop Energy Center,TX,Bastrop,0001,Natural Gas Fired Combined Cycle,CT,CC1,S,X,N,BASTEN_CC1,BASTEN CC1,188.2,0.85,171,188,94,N, , ,OP,X,5,2002, , ,N,IPP Non-CHP,2,X,NG,,,,,,,,,,N,N, ,12H,,,,,,,, , , , , , , , ,,, , , ,, , ,N,N,N
55899,"Thad Hill Energy Center, LLC",55172,Thad Hill Energy Center,557 Bosque County Rd 3610,Clifton,TX,76634,Bosque,31.8594,-97.3586,TRE,ERCO,"Electric Reliability Council of Texas, Inc.",Brazos River,22,NR,2,IPP Non-CHP,N,,N,,Y,99-235-000,N,X,,Brazos Electric Power Coop Inc,2172,,345,138, ,N,,Other - Please explain in pipeline notes below.,,,Line owned and operated by Calpine Bosque Pipeline LLC.,N,N,55899,"Thad Hill Energy Center, LLC",Thad Hill Energy Center,TX,Bosque,GT-1,Natural Gas Fired Combined Cycle,CT,G125,S,X,Y,BOSQUESW_CC2,BOSQUESW_CC2,154.0,0.85,158,167,100,N, , ,OP,X,7,2000, , ,N,IPP Non-CHP,2,X,NG,,,,,,,,,,N,N, ,1H,,,,,,,, , , , , , , , ,,, , , ,, , ,N,N,N
49791,Eastman Cogeneration LP,55176,Eastman Cogeneration Facility,"Bldg 121, 2290 Callahan Road",Longview,TX,75602,Harrison,32.4481,-94.6903,MRO,SWPP,Southwest Power Pool,Ferguson Lake,22,NR,3,IPP CHP,Y,01-080-000,N,,N,,,X,,Southwestern Electric Power Co,17698,TX,138, , ,N,,KINDER MORGAN TEJAS PIPELINE LLC,GULF SOUTH PIPELINE COMPANY LP,TEXAS EASTERN TRANSMISSION LP,ENBRIDGE PIPELINES EAST TEXAS,N,,49791,Eastman Cogeneration LP,Eastman Cogeneration Facility,TX,Harrison,GEN1,Natural Gas Fired Combined Cycle,CT,CC1,S,X,N,CSWEASTMAN,CSWEASTMAN,170.0,0.85,153.7,168.3,75,N, , ,OP,X,4,2001, , ,Y,IPP CHP,3,T,NG,,,,,,,,,,N,N, ,12H,,,,,,,, , , , , , , , ,,, , , ,, , ,N,N,N
56380,EIF Channelview Cogeneration LLC,55187,Channelview Cogeneration Plant,8580 Sheldon Road,Channelview,TX,77049,Harris,29.836952,-95.121744,TRE,ERCO,"Electric Reliability Council of Texas, Inc.",Lyondell Bassel Chemicals,22,NR,3,IPP CHP,Y,01-86-003,N,,Y,01-86-003,N,X,,CenterPoint Energy,8901,TX,345,138, ,N,,HOUSTON PL CO LP,KINDER MORGAN TEJAS PIPELINE LLC,KINDER MORGAN TEXAS PIPELINE LLC,,N,X,56380,EIF Channelview Cogeneration LLC,Channelview Cogeneration Plant,TX,Harris,GT1,Natural Gas Fired Combined Cycle,CT,CC1,W,X,N,CVC_CC1,CVC CC1,192.1,0.85,159,182,120,N, , ,OP,X,6,2002, , ,Y,IPP CHP,3,T,NG,,,,,,,,,,N,N, ,12H,,,,,,,,4,4,10,2026, , , , ,,, , , ,, , ,N,N,N
4383,Corpus Christi Cogeneration LLC,55206,Corpus Christi Energy Center,3952 Buddy Lawrence Drive,Corpus Christi,TX,78407,Nueces,27.8139,-97.4283,TRE,ERCO,"Electric Reliability Council of Texas, Inc.",Corpus Christi Ship Channel,22,NR,3,IPP CHP,Y,98-39-000,N,,N,,N,X,,AEP Texas Central Company,3278,TX,138, , ,N,,KINDER MORGAN TEXAS PIPELINE LLC,,,,N,X,4383,Corpus Christi Cogeneration LLC,Corpus Christi Energy Center,TX,Nueces,CT1,Natural Gas Fired Combined Cycle,CT,CCEC,S,X,N,CCEC,CCEC,198.9,0.85,173,179,95,N, , ,OP,X,10,2002, , ,Y,IPP CHP,3,T,NG,,,,,,,,,,N,N, ,12H,,,,,,,, , , , , , , , ,,, , , ,, , ,N,N,N
60477,LaFrontera Holdings LLC,55215,Odessa-Ector Power Plant,2200 I-20 East,Odessa,TX,79766,Ector,31.8403,-102.3264,TRE,ERCO,"Electric Reliability Council of Texas, Inc.",Wells,22,NR,2,IPP Non-CHP,N,,N,,Y,99-242-000,N,X,,Oncor Electric Delivery Company LLC,44372,TX,345, , ,N,,EL PASO NATURAL GAS COMPANY LLC,ONEOK WES TEX TRANSMISSION LLC,,,N,X,60477,LaFrontera Holdings LLC,Odessa-Ector Power Plant,TX,Ector,CTG1,Natural Gas Fired Combined Cycle,CT,BLK1,S,X,N,OECCS_1,OECCS_1,176.0,0.85,166.7,195.2,84.8,N, , ,OP,X,7,2001, , ,N,IPP Non-CHP,2,X,NG,,,,,,NG,,,,N,N, ,12H,,,,,,,, , , , , , , , ,,, , , ,, , ,N,N,N
5761,Ennis Power Company LLC,55223,Ennis Power Company LLC,4001 West Ennis Avenue,Ennis,TX,75119,Ellis,32.32,-96.675,TRE,ERCO,"Electric Reliability Council of Texas, Inc.",City of Ennis WWT,22,NR,2,IPP Non-CHP,N,,N,,Y,99-108-000,N,X,,Oncor Electric Delivery Company LLC,44372,TX,138, , ,N,ATMOS ENERGY CORPORATION,ENTERPRISE TEXAS PIPELINE,ENERGY TRANSFER FUEL LP,,,N,X,5761,Ennis Power Company LLC,Ennis Power Company LLC,TX,Ellis,GT1,Natural Gas Fired Combined Cycle,CT,CC1,S,X,N,,,285.0,0.9,245.1,267.9,190,N, , ,OP,X,5,2002, , ,N,IPP Non-CHP,2,X,NG,,,,,,,,,,N,N, ,12H,,,,,,,, , , , , , , , ,,, , , ,, , ,N,N,N
6763,Freestone Power Generation LLC,55226,Freestone Energy Center,1366 FM 488,Fairfield,TX,75840,Freestone,31.8907,-96.1131,TRE,ERCO,"Electric Reliability Council of Texas, Inc.",Richland Chambers Reservoir,22,NR,2,IPP Non-CHP,N,,N,,N,,N,X,,Oncor Electric Delivery Company LLC,44372,TX,345, , ,N,,CALPINE TEXAS PIPELINE LP,,,,N,X,6763,Freestone Power Generation LLC,Freestone Energy Center,TX,Freestone,GT1,Natural Gas Fired Combined Cycle,CT,PB1,J,X,N,FREC,FREC,166.7,0.85,167,179,90,N, , ,OP,X,6,2002, , ,N,IPP Non-CHP,2,X,NG,,,,,,NG,,,,N,N, ,12H,,,,,,,, , , , , , , , ,,, , , ,N, , ,N,N,N
66085,"Jack County Power, LLC",55230,Jack County,3844 Henderson Ranch rd.,Bridgeport,TX,76426,Wise,33.101,-97.9574,TRE,ERCO,"Electric Reliability Council of Texas, Inc.",Lake Bridgeport,22,RE,1,Electric Utility,N,,N,,N,,Y,Y,OP,Oncor Electric Delivery Company LLC,44372,TX,345,138, ,N,ATMOS ENERGY CORPORATION,NATURAL GAS PL CO OF AMERICA LLC,NATURAL GAS PL CO OF AMERICA LLC,,,N,,66085,"Jack County Power, LLC",Jack County,TX,Wise,CT1,Natural Gas Fired Combined Cycle,CT,CC01,S,X,N,JACKCNTY_CC1,JACKCNTY_CT1,170.0,0.85,165,170,164,N, , ,OP,X,2,2006, , ,N,Electric Utility,1,X,NG,,,,,,,,,,N,N, ,12H,,,,,,,, , , , , , , , ,,, , , ,, , ,N,,
3370,Channel Energy Center LLC,55299,Channel Energy Center LLC,451 Light Company Road,Pasadena,TX,77506,Harris,29.7189,-95.2319,TRE,ERCO,"Electric Reliability Council of Texas, Inc.",Coastal Water Authority,22,NR,3,IPP CHP,Y,01-74-000,N,,N,,N,X,,CenterPoint Energy,8901,TX,345,138, ,N,,KINDER MORGAN TEJAS PIPELINE LLC,KINDER MORGAN TEXAS PIPELINE LLC,,,N,X,3370,Channel Energy Center LLC,Channel Energy Center LLC,TX,Harris,CTG1,Natural Gas Fired Combined Cycle,CT,CC1,W,X,N,CHE_CC1,,215.0,0.9,173,183,120,N, , ,OP,X,7,2001, , ,Y,IPP CHP,3,T,NG,OG,,,,,NG,,,,N,N, ,12H,,,,,,,, , , , , , , , ,,, , , ,, , ,Y,Y,N
56304,Air Products LLC,55309,Air Products Port Arthur,1801 S Gulfway Drive,Port Arthur,TX,77640,Jefferson,29.866497,-93.96515,SERC,MISO,"Midcontinent Independent Transmission System Operator, Inc..",Valer Port Arthur Refinery,32512,NR,7,Industrial CHP,Y,99-84-002,N,,N,,,X,,Entergy Texas Inc.,55937,TX,230, , ,N,,,,,,N,X,56304,Air Products LLC,Air Products Port Arthur,TX,Jefferson,GEN 5,Natural Gas Fired Combustion Turbine,GT,,S,X,X,,,32.8,0.9,32.8,32.8,29,N, , ,OP,X,12,2012, , ,Y,Industrial CHP,7,T,NG,OG,,,,,NG,,,,N,Y, ,OVER,,,,,,,, , , , , , , , ,,, , , ,, , ,Y,N,
1182,BASF Corporation,55311,BASF Freeport Works,602 Copper Rd,Feeeport,TX,77541,Brazoria,29.002,-95.394,TRE,ERCO,"Electric Reliability Council of Texas, Inc.",Brazos River,325,NR,7,Industrial CHP,Y,99-39-000,N,,N,,N,X,,CenterPoint Energy,8901,TX,138, , ,N,,HOUSTON PL CO LP,,,,N,X,1182,BASF Corporation,BASF Freeport Works,TX,Brazoria,GEN1,Natural Gas Fired Combustion Turbine,GT,,S,X,X,,,81.0,0.98,75,85,40,N, , ,OP,X,5,1999, , ,Y,Industrial CHP,7,T,NG,,,,,,NG,,,,N,N, ,12H,,,,,,,, , , , , , , , ,,, , , ,N, , ,N,N,N
26469,Ingleside Cogeneration LP,55313,Ingleside Cogeneration,St. Hwy 361,Houston,TX,77046,San Patricio,27.882778,-97.242778,TRE,ERCO,"Electric Reliability Council of Texas, Inc.",San Patricio Municipal Water,325,NR,7,Industrial CHP,Y,98-18-001,N,,Y,98-18-000,,X,,AEP Texas Central Company,3278,TX,138, , ,N,,KINDER MORGAN TEJAS PIPELINE LLC,SOUTHCROSS ENERGY LLC,HOUSTON PL CO LP,,N,,26469,Ingleside Cogeneration LP,Ingleside Cogeneration,TX,San Patricio,CTG1,Natural Gas Fired Combined Cycle,CT,CC1,J,X,N,,,170.1,0.85,155,179, ,N, , ,OP,X,7,1999, , ,Y,Industrial CHP,7,T,NG,,,,,,H2,,,,N,, ,12H,,,,,,,, , , , , , , , ,,, , , ,, , ,N,N,N
21668,Wise County Power Company LLC,55320,Wise County Power LLC,800 Boons Creek Lane,Poolville,TX,76487,Wise,33.0583,-97.9103,TRE,ERCO,"Electric Reliability Council of Texas, Inc.",Municipality,22,NR,2,IPP Non-CHP,N,,N,,Y,00-240-000,N,X,,Oncor Electric Delivery Company LLC,44372,TX,350, , ,N,,ENLINK TUSCALOOSA LLC,ENERGY TRANSFER FUEL LP,WORSHAM-STEED GAS STORAGE LLC,,N,X,21668,Wise County Power Company LLC,Wise County Power LLC,TX,Wise,GT1,Natural Gas Fired Combined Cycle,CT,CC1,S,X,Y,WCPP_CT1,WCPP CT1,261.0,0.9,245,261,85,N, , ,OP,X,7,2004, , ,N,IPP Non-CHP,2,X,NG,,,,,,NG,,,,N,N, ,12H,,,,,,,, , , , , , , , ,,, , , ,N, , ,N,N,N
2838,Baytown Energy Center LLC,55327,Baytown Energy Center,8605 FM 1405,Baytown,TX,77520,Chambers,29.7731,-94.9019,TRE,ERCO,"Electric Reliability Council of Texas, Inc.",Coastal Water Authority/Muncpl,22,NR,3,IPP CHP,Y,01-41-000,N,,N,,N,X,,CenterPoint Energy,8901,TX,345, , ,N,,KINDER MORGAN TEJAS PIPELINE LLC,ENTERPRISE TEXAS PIPELINE,KINDER MORGAN TEXAS PIPELINE LLC,SPECTRA(TETCO),N,N,2838,Baytown Energy Center LLC,Baytown Energy Center,TX,Chambers,CTG1,Natural Gas Fired Combined Cycle,CT,CC1,S,X,N,BTE_CC1,BTE_CC1,219.3,0.85,198,187,120,N, , ,OP,X,6,2002, , ,Y,IPP CHP,3,T,NG,,,,,,,,,,N,N, ,12H,,,,,,,, , , , , , , , ,,, , , ,N, , ,N,N,N
2171,Brazos Valley Energy,55357,Jack Fusco Energy Center,3440 Lockwood Rd.,Thompsons,TX,77481,Fort Bend,29.4731,-95.6244,TRE,MISO,"Midcontinent Independent Transmission System Operator, Inc..",Brazos River,22,NR,2,IPP Non-CHP,N,,N,,Y,01-245,N,X,,CenterPoint Energy,8901,TX,345, , ,N,,HOUSTON PL CO LP,,,,N,X,2171,Brazos Valley Energy,Jack Fusco Energy Center,TX,Fort Bend,CTG1,Natural Gas Fired Combined Cycle,CT,STG1,S,X,N,Brazos V,Brazos V,200.0,0.8,167,161,90,N, , ,OP,X,5,2003, , ,N,IPP Non-CHP,2,X,NG,,,,,,,,,,N,N, ,12H,,,,,,,, , , , , , , , ,,, , , ,, , ,N,N,N
4405,NRG Cottonwood Tenant LLC,55358,Cottonwood Energy Company LP,976 County Road 4213,Deweyville,TX,77614,Newton,30.2588,-93.7353,SERC,MISO,"Midcontinent Independent Transmission System Operator, Inc..",Sabine River,22,NR,2,IPP Non-CHP,N,,N,,Y,01-46-000,N,X,,Entergy Gulf States - LA LLC,55936,LA,500, , ,N,,ENBRIDGE PIPELINES EAST TEXAS,,,,N,N,4405,NRG Cottonwood Tenant LLC,Cottonwood Energy Company LP,TX,Newton,CT1,Natural Gas Fired Combined Cycle,CT,ST1,W,X,N,,,198.9,0.85,143.1,169.3,90,N, , ,OP,X,7,2003, , ,N,IPP Non-CHP,2,X,NG,,,,,,NG,,,,N,N, ,12H,,,,,,,, , , , , , , , ,,, , , ,, , ,N,N,N
62027,"LaPorte Power, LLC",55365,Exelon LaPorte Generating Station,10202 Strang Rd.,LaPorte,TX,77571,Harris,29.7028,-95.0718,TRE,ERCO,"Electric Reliability Council of Texas, Inc.",Municipality,22,NR,2,IPP Non-CHP,N,,N,,N,,N,X,,CenterPoint Energy,8901,TX,138, , ,N,,KINDER MORGAN TEXAS PIPELINE LLC,,,,N,X,62027,"LaPorte Power, LLC",Exelon LaPorte Generating Station,TX,Harris,GT1,Natural Gas Fired Combustion Turbine,GT,,S,X,X,AZ_AZ_G1,AZ_AZ_G1,59.0,0.85,36,38,36,N, , ,OP,X,7,2001, , ,N,IPP Non-CHP,2,X,NG,,,,,,,,,,N,N, ,1H,,,,,,,, , , , , , , , ,,, , , ,, , ,N,,
4994,Deer Park Energy Center,55464,Deer Park Energy Center,5665 Highway 225,Deer Park,TX,77536,Harris,29.713414,-95.134508,TRE,ERCO,"Electric Reliability Council of Texas, Inc.",Municipality-CIWA,22,NR,3,IPP CHP,N,,N,,N,,N,X,,CenterPoint Energy,8901,TX,345, , ,N,,ENTERPRISE TEXAS PIPELINE,KINDER MORGAN TEXAS PIPELINE LLC,ENERGY TRANSFER FUEL LP,"4TH LINE NEEDED FOR ""TEJAS GAS""",N,X,4994,Deer Park Energy Center,Deer Park Energy Center,TX,Harris,CTG1,Natural Gas Fired Combined Cycle,CT,CC1,S,X,N,DDPEC_CC1,DDPEC_CC1,180.0,0.85,182,191,102,N, , ,OP,X,6,2003, , ,Y,IPP CHP,3,T,NG,,,,,,,,,,N,N, ,12H,,,,,,,, , , , , , , , ,,, , , ,, , ,N,N,N
17566,South Houston Green Power LLC,55470,Green Power 2,2501 5th Ave South,Texas City,TX,77590,Galveston,29.378097,-94.932773,TRE,ERCO,"Electric Reliability Council of Texas, Inc.",Gulf Coast Water Authority,32411,NR,7,Industrial CHP,Y,03-154-002,N,,N,,N,X,,Texas-New Mexico Power Co,40051,TX,138, , ,N,,KINDER MORGAN TEJAS PIPELINE LLC,,,,N,X,17566,South Houston Green Power LLC,Green Power 2,TX,Galveston,ST1,Natural Gas Fired Combined Cycle,CA,CC2,W,Y,X,AMOCOOIL,AMOCOOIL,110.0,0.85,75,75,19,N, , ,OP,X,12,2003, , ,Y,Industrial CHP,7,T,NG,OG,,,,,NG,,,,N,N, ,12H,,,,,,,, , , , , , , , ,,, , , ,N, , ,Y,N,N
60477,LaFrontera Holdings LLC,55480,Forney Energy Center,13770 W US Hwy 80,Forney,TX,75126,Kaufman,32.7563,-96.4916,TRE,ERCO,"Electric Reliability Council of Texas, Inc.",Duck Creek Water Treatment,22,NR,2,IPP Non-CHP,N,,N,,Y,02-124-000,N,X,,Oncor Electric Delivery Company LLC,44372,TX,345, , ,N,,KINDER MORGAN NORTH TEXAS PL,,,,N,N,60477,LaFrontera Holdings LLC,Forney Energy Center,TX,Kaufman,ST1,Natural Gas Fired Combined Cycle,CA,BLK1,S,Y,X,FRNYPP_1_CCU,,382.5,0.85,406,418,88,N, , ,OP,X,4,2003, , ,N,IPP Non-CHP,2,X,NG,,,,,,,,,,N,N, ,12H,,,,,,,, , , , , , , , ,,, , , ,, , ,N,N,
2934,Calpine Corp - Hidalgo,55545,Hidalgo Energy Center,4005 N. Seminary Rd,Edinburg,TX,78539,Hidalgo,26.34172,-98.175759,TRE,ERCO,"Electric Reliability Council of Texas, Inc.",City Of McAllen,22,NR,2,IPP Non-CHP,N,,N,,Y,00-3562-000,N,X,,AEP Texas Central Company,3278,TX,138, , ,N,,CALPINE TEXAS PIPELINE LP,,,NG was bought by Calpine from Duke/Conoco/Phillps last year,N,N,2934,Calpine Corp - Hidalgo,Hidalgo Energy Center,TX,Hidalgo,CTG1,Natural Gas Fired Combined Cycle,CT,CC1,J,X,N,DUKE_GST1CCU,,176.6,0.85,159,178,90,N, , ,OP,X,6,2000, , ,N,IPP Non-CHP,2,X,NG,,,,,,NG,,,,N,N, ,1H,,,,,,,, , , , , , , , ,,, , , ,N, , ,N,N,N
56772,"TX LFG Energy, LP",55556,Security,19248 Highway 105,Cleveland,TX,77327,Montgomery,30.3225,-95.2681,SERC,MISO,"Midcontinent Independent Transmission System Operator, Inc..",Municipality,22,NR,2,IPP Non-CHP,N,,Y,QF03-43,N,,N,X,,Sam Houston Electric Coop Inc,16613,TX,12.5, , ,N,,,,,,,,56772,"TX LFG Energy, LP",Security,TX,Montgomery,GEN5,Landfill Gas,IC,,S,X,X,,,1.7,0.8,1.7,1.7,0.2,N, , ,OP,X,3,2003, , ,N,IPP Non-CHP,2,X,LFG,,,,,,,,,,N,N, ,12H,,,,,,,, , , , , , , , ,,, , , ,, , ,N,,N
62136,Llano Estacado Wind Ranch,55579,Llano Estacado Wind Ranch,Unnammed road,White Deer,TX,79097,Carson,35.4677,-101.2533,MRO,SWPP,Southwest Power Pool,,22,NR,2,IPP Non-CHP,N,,Y,00-58-000,Y,02-26-000,N,X,,Southwestern Public Service Co,17718,TX,115, , ,N,,,,,,X,X,62136,Llano Estacado Wind Ranch,Llano Estacado Wind Ranch,TX,Carson,EXIS,Onshore Wind Turbine,WT,,W,X,X,sps.tnsk.llanowind1unit,sps.tnsk.llanowind1unit,80.0, ,80,80,5.2,N, , ,OP,X,12,2001, , ,N,IPP Non-CHP,2,X,WND,,,,,,,,,,N,N,80,,,,,,,,, , , , , , , , ,,, , , ,, , ,,,
6354,FPL Energy Upton Wind LP,55581,King Mountain Wind Ranch 1,120 E. 5th Street,McCamey,TX,79752,Upton,31.2092,-102.2417,TRE,ERCO,"Electric Reliability Council of Texas, Inc.",,22,NR,2,IPP Non-CHP,N,,N,,N,,N,X,,AEP Texas North Company,20404,TX,138, , ,N,,,,,,X,X,6354,FPL Energy Upton Wind LP,King Mountain Wind Ranch 1,TX,Upton,EXIS,Onshore Wind Turbine,WT,,S,X,X,,,278.0, ,278,278,14.1,N, , ,OP,X,6,2001, , ,N,IPP Non-CHP,2,X,WND,,,,,,,,,,N,,214,,,,,,,,, , , , , , , , ,,, , , ,, , ,,,
13670,"Northeast Texas Elec Coop, Inc",55664,Harrison County Power Project,12039 SH 43 South,Marshall,TX,75670,Harrison,32.3958,-94.4367,MRO,SWPP,Southwest Power Pool,City Of Longview,22,RE,1,Electric Utility,N,,N,,Y,02-25-000,N,X,,AEP Texas North Company,20404,TX,345, , ,N,,GULF SOUTH PIPELINE COMPANY LP,NATURAL GAS PL CO OF AMERICA LLC,,,N,X,13670,"Northeast Texas Elec Coop, Inc",Harrison County Power Project,TX,Harrison,GT-1,Natural Gas Fired Combined Cycle,CT,CC1,J,X,N,HARRISON,HARRISON,170.0,0.85,144.5,166.6,100,N, , ,OP,X,6,2003, , ,N,Electric Utility,1,X,NG,,,,,,NG,,,,N,N, ,12H,,,,,,,, , , , , , , , ,,, , , ,, , ,N,N,
1015,Austin Energy,55708,Nacogdoches Power,499 County Road 988,Cushing,TX,75760,Nacogdoches,31.832132,-94.90064,TRE,ERCO,"Electric Reliability Council of Texas, Inc.",Lake Striker,22,RE,1,Electric Utility,N,,N,,N,,,X,,Oncor Electric Delivery Company LLC,44372,TX,138, , ,N,,,,,,,,1015,Austin Energy,Nacogdoches Power,TX,Nacogdoches,STG4,Wood/Wood Waste Biomass,ST,,S,X,X,,,114.0,0.85,100,100,70,N, , ,OP,X,6,2012, , ,N,Electric Utility,1,X,WDS,OBS,,,,,PG,,,,N,N, ,OVER,,,,,,,, , , , , , , , ,,, , , ,, , ,Y,N,N
13866,NWP Indian Mesa Wind Farm LP,55747,NWP Indian Mesa Wind Farm,Bar M Ranch,Iraan,TX,79744,Pecos,30.931467,-102.201433,TRE,ERCO,"Electric Reliability Council of Texas, Inc.",,22,NR,2,IPP Non-CHP,N,,N,,Y,01-166-000,N,X,,AEP Texas North Company,20404,TX,34.5, , ,N,,,,,,X,X,13866,NWP Indian Mesa Wind Farm LP,NWP Indian Mesa Wind Farm,TX,Pecos,NWP2,Onshore Wind Turbine,WT,,W,X,X,,,82.5, ,82.5,82.5,4.1,N, , ,OP,X,5,2001, , ,N,IPP Non-CHP,2,X,WND,,,,,,,,,,,,125,,,,,,,,, , , , , , , , ,,, , , ,, , ,,,
14629,Pecos Wind II LP,55795,Woodward Mountain II,6.5 miles South Hwy,Girvin,TX,79740,Pecos,30.9514,-102.414067,TRE,ERCO,"Electric Reliability Council of Texas, Inc.",,22,NR,2,IPP Non-CHP,N,,N,,N,,N,X,,AEP Texas North Company,20404,TX,34.5, , ,N,,,,,,X,X,14629,Pecos Wind II LP,Woodward Mountain II,TX,Pecos,01,Onshore Wind Turbine,WT,,S,X,X,,,78.0, ,78,78,8,N, , ,OP,X,7,2001, , ,N,IPP Non-CHP,2,X,WND,,,,,,,,,,,,117,,,,,,,,, , , , , , , , ,,, , , ,, , ,,,
14628,Pecos Wind I LP,55796,Woodward Mountain I,6.5 miles South Hwy,Girvin,TX,79740,Pecos,30.9514,-102.414067,TRE,ERCO,"Electric Reliability Council of Texas, Inc.",,22,NR,2,IPP Non-CHP,N,,N,,N,,N,X,,AEP Texas North Company,20404,TX,34.5, , ,N,,,,,,X,X,14628,Pecos Wind I LP,Woodward Mountain I,TX,Pecos,01,Onshore Wind Turbine,WT,,W,X,X,,,82.0, ,82,82,8,N, , ,OP,X,7,2001, , ,N,IPP Non-CHP,2,X,WND,,,,,,,,,,,,125,,,,,,,,, , , , , , , , ,,, , , ,, , ,,,
19171,Trent Wind Farm LLC,55968,Trent Wind Farm,1423 CR 131,Trent,TX,79561,Nolan,32.4301,-100.235652,TRE,ERCO,"Electric Reliability Council of Texas, Inc.",,22,NR,2,IPP Non-CHP,N,,N,,N,,N,X,,Oncor Electric Delivery Company LLC,44372,TX,138, , ,N,,,,,,X,X,19171,Trent Wind Farm LLC,Trent Wind Farm,TX,Nolan,WTG1,Onshore Wind Turbine,WT,,S,X,X,,,152.0, ,152,152,0,N, , ,OP,X,7,2001, , ,N,IPP Non-CHP,2,X,WND,,,,,,,,,,N,N,100,10M,,,,,,,, , , , , , , , ,,, , , ,, , ,N,,
49796,Desert Sky Wind Farm LP,55992,Desert Sky,8135 E Hwy 190,Iraan,TX,79744,Pecos,30.9178,-102.0867,TRE,ERCO,"Electric Reliability Council of Texas, Inc.",,22,NR,2,IPP Non-CHP,N,,N,,N,,N,X,,AEP Texas North Company,20404,TX,138, , ,N,,,,,,X,X,49796,Desert Sky Wind Farm LP,Desert Sky,TX,Pecos,1,Onshore Wind Turbine,WT,,S,X,X,,,167.7, ,167.7,167.7,0,N, , ,OP,X,1,2002, , ,N,IPP Non-CHP,2,X,WND,,,,,,,,,,N,N,107,10M,,,,,,,, , , , , , , , ,,, , , ,, , ,N,,
17058,Shell Wind Energy Inc.,56111,Brazos Wind Farm,968 Main Street,Fluvanna,TX,79517,Scurry,32.94793,-101.147784,TRE,ERCO,"Electric Reliability Council of Texas, Inc.",,22,NR,2,IPP Non-CHP,N,,N,,Y,EG04-4-000,N,X,,Oncor Electric Delivery Company LLC,44372,TX,138, , ,N,,,,,,X,X,17058,Shell Wind Energy Inc.,Brazos Wind Farm,TX,Scurry,GEN1,Onshore Wind Turbine,WT,,J,X,X,,,182.4, ,182.4,182.4,10.4,N, , ,OP,X,12,2003, , ,N,IPP Non-CHP,2,X,WND,,,,,,,,,,N,N,38,,,,,,,,, , , , , , , , ,,, , , ,, , ,,,
5338,Dow Chemical Co,56152,Freeport Energy Center,2301 N Brazosport Blvd,Freeport,TX,77541,Brazoria,28.988761,-95.395417,TRE,ERCO,"Electric Reliability Council of Texas, Inc.",Gulf Of Mexico & Brazos River,325,NR,7,Industrial CHP,Y,05-19-000,N,,N,,,X,,CenterPoint Energy,8901,TX,345, , ,N,,HOUSTON PL CO LP,,,,Y,N,5338,Dow Chemical Co,Freeport Energy Center,TX,Brazoria,CTG1,Natural Gas Fired Combined Cycle,CT,PLTB,W,X,N,,,180.0,0.85,169.4,188.7,110,N, , ,OP,X,5,2007, , ,Y,Industrial CHP,7,T,NG,,,,,,,,,,N,, ,12H,,,,,,,, , , , , , , , ,,, , , ,, , ,N,N,
50123,"Leeward Asset Management, LLC",56211,Sweetwater Wind 1 LLC,7051 Hwy 70,Sweetwater,TX,79556,Nolan,32.3606,-100.3389,TRE,ERCO,"Electric Reliability Council of Texas, Inc.",,22,NR,2,IPP Non-CHP,N,,N,,Y,04-22-000,N,X,,Oncor Electric Delivery Company LLC,44372,TX,345, , ,N,,,,,,X,X,50123,"Leeward Asset Management, LLC",Sweetwater Wind 1 LLC,TX,Nolan,SW1,Onshore Wind Turbine,WT,,S,X,X,SWEETWND_1,SWEETWND_1,37.5, ,37.5,37.5,0.1,N, , ,OP,X,12,2003, , ,N,IPP Non-CHP,2,X,WND,,,,,,,,,,N,,25,,,,,,,,, , , , , , , , ,,, , , ,, , ,N,,
50123,"Leeward Asset Management, LLC",56212,Sweetwater Wind 2 LLC,Nolan,Sweetwater,TX,79556,Nolan,32.3472,-100.3703,TRE,ERCO,"Electric Reliability Council of Texas, Inc.",,22,NR,2,IPP Non-CHP,N,,N,,Y,05-24-000,N,X,,Oncor Electric Delivery Company LLC,44372,TX,345, , ,N,,,,,,N,N,50123,"Leeward Asset Management, LLC",Sweetwater Wind 2 LLC,TX,Nolan,SW2,Onshore Wind Turbine,WT,,S,X,X,SWEETWN2_2_4,SWEETWN2_2_4,98.8, ,98.8,98.8,0,N, , ,OP,X,2,2005, , ,N,IPP Non-CHP,2,X,WND,,,,,,,,,,N,N,61,,,,,,,,, , , , , , , , ,,, , , ,, , ,N,,
49949,Kinder Morgan Production Company LP,56233,EG178 Facility,3693 CR 226,Snyder,TX,79549,Scurry,32.747058,-100.954661,TRE,ERCO,"Electric Reliability Council of Texas, Inc.",Wells,211,NR,6,Industrial Non-CHP,N,,N,,N,,N,X,,Oncor Electric Delivery Company LLC,44372,TX,138, , ,N,,Other - Please explain in pipeline notes below.,,,Is connected to Snyder Gas Plant. It is residue gas that is burned off.,X,X,49949,Kinder Morgan Production Company LP,EG178 Facility,TX,Scurry,CT02,Natural Gas Fired Combined Cycle,CT,CC01,S,X,Y,,,60.5,0.85,42,45,12,N, , ,OP,X,6,2005, , ,N,Industrial Non-CHP,6,X,NG,,,,,,,,,,N,N, ,1H,,,,,,,, , , , , , , , ,,, , , ,, , ,N,N,N
61012,AES Distributed Energy,56240,Buffalo Gap Wind Farm,10718 FM89,Merkel,TX,79536,Taylor,32.311556,-100.061589,TRE,ERCO,"Electric Reliability Council of Texas, Inc.",,22,NR,2,IPP Non-CHP,N,,N,,N,,,X,,AEP Texas Central Company,3278,TX,135, , ,N,,,,,,,,61012,AES Distributed Energy,Buffalo Gap Wind Farm,TX,Taylor,1,Onshore Wind Turbine,WT,,S,X,X,,,120.6, ,120.6,120.6,0,N, , ,OP,X,4,2006, , ,N,IPP Non-CHP,2,X,WND,,,,,,,,,,,,67,,,,,,,,, , , , , , , , ,,, , , ,, , ,,,
50012,"FPL Energy Callahan Wind, LLC",56270,Callahan Divide Wind Energy Center,1209 F CR 618,Tusocola,TX,79562,Taylor,32.303889,-100.021667,TRE,ERCO,"Electric Reliability Council of Texas, Inc.",,22,NR,2,IPP Non-CHP,N,,N,,N,,,X,,AEP Texas Central Company,3278,TX,138, , ,N,,,,,,,,50012,"FPL Energy Callahan Wind, LLC",Callahan Divide Wind Energy Center,TX,Taylor,1,Onshore Wind Turbine,WT,,S,X,X,,,114.0, ,114,114,5.7,N, , ,OP,X,3,2005, , ,N,IPP Non-CHP,2,X,WND,,,,,,,,,,,,76,,,,,,,,, , , , , , , , ,,, , , ,, , ,,,
50063,FPL Energy Horse Hollow LLC,56291,Horse Hollow Wind Energy Center,14064 B Hwy 277 S,Wingate,TX,79566,Taylor,32.214024,-100.05712,TRE,ERCO,"Electric Reliability Council of Texas, Inc.",,22,NR,2,IPP Non-CHP,N,,N,,N,,,X,,AEP Texas Central Company,3278,TX,138, , ,N,,,,,,X,X,50063,FPL Energy Horse Hollow LLC,Horse Hollow Wind Energy Center,TX,Taylor,1,Onshore Wind Turbine,WT,,S,X,X,,,213.0, ,213,213,0.1,N, , ,OP,X,12,2005, , ,N,IPP Non-CHP,2,X,WND,,,,,,,,,,,,142,,,,,,,,, , , , , , , , ,,, , , ,, , ,N,,
50123,"Leeward Asset Management, LLC",56311,Sweetwater Wind 3 LLC,10 miles South Hwy 70,Sweetwater,TX,79556,Nolan,32.290833,-100.4219,TRE,ERCO,"Electric Reliability Council of Texas, Inc.",,22,NR,2,IPP Non-CHP,N,,N,,Y,06-23-000,N,X,,Oncor Electric Delivery Company LLC,44372,TX,345, , ,N,,,,,,N,N,50123,"Leeward Asset Management, LLC",Sweetwater Wind 3 LLC,TX,Nolan,SW3,Onshore Wind Turbine,WT,,S,X,X,SWEETWN3_3,SWEETWN3_3,135.0, ,144,144,0,N, , ,OP,X,12,2005, , ,N,IPP Non-CHP,2,X,WND,,,,,,,,,,N,N,90,,,,,,,,, , , , , , , , ,,, , , ,, , ,N,,
7349,"Golden Spread Electric Cooperative, Inc",56326,Mustang Station Unit 4,1937 County Road 390,Denver City,TX,79323,Yoakum,32.974554,-102.743607,MRO,SWPP,Southwest Power Pool,Wells,22,RE,1,Electric Utility,N,,N,,N,,,X,,Southwestern Public Service Co,17718,TX,230, , ,N,,NORTHERN NATURAL GAS,,,,N,X,7349,"Golden Spread Electric Cooperative, Inc",Mustang Station Unit 4,TX,Yoakum,GEN1,Natural Gas Fired Combustion Turbine,GT,,S,X,X,,,153.0,0.9,152.4,163,90,N, , ,OP,X,4,2006, , ,N,Electric Utility,1,X,NG,,,,,,,,,,N,N, ,1H,,,,,,,, , , , , , , , ,,, , , ,, , ,N,N,N
50123,"Leeward Asset Management, LLC",56337,Sweetwater Wind 4 LLC,7900 FM 608,Roscoe,TX,79545,Nolan,32.3122,-100.5303,TRE,ERCO,"Electric Reliability Council of Texas, Inc.",,22,NR,2,IPP Non-CHP,N,,N,,Y,07-49-000,N,X,,Oncor Electric Delivery Company LLC,44372,TX,345, , ,N,,,,,,N,N,50123,"Leeward Asset Management, LLC",Sweetwater Wind 4 LLC,TX,Nolan,SW4,Onshore Wind Turbine,WT,,S,X,X,SWTWN4_WND45,SWTWN4_WND45,241.0, ,241,241,0,N, , ,OP,X,5,2007, , ,N,IPP Non-CHP,2,X,WND,,,,,,,,,,N,N,181,,,,,,,,, , , , , , , , ,,, , , ,N, , ,N,,
56766,"Quail Run Energy Partners, LP",56349,Quail Run Energy Center,2950 East Interstate 20,Odessa,TX,79766,Ector,31.8414,-102.315,TRE,ERCO,"Electric Reliability Council of Texas, Inc.",City of Odessa,22,NR,2,IPP Non-CHP,N,,N,,Y,07-41-000,N,X,,Oncor Electric Delivery Company LLC,44372,TX,345, , ,N,Other - See pipeline notes.,Other - Please explain in pipeline notes below.,,,2 suppliers: WhiteWater Midstream - Whistler Pipeline OneOK Field Services,N,X,56766,"Quail Run Energy Partners, LP",Quail Run Energy Center,TX,Ector,CT1A,Natural Gas Fired Combined Cycle,CT,830,S,X,N,,,90.6,0.9,70,84,55,N, , ,OP,X,5,2007, , ,N,IPP Non-CHP,2,X,NG,,,,,,,,,,N,N, ,12H,,,,,,,, , , , , , , , ,,, , , ,, , ,N,,
56765,CER Colorado Bend Energy Partners LP,56350,Colorado Bend Energy Center,3821 South State Highway 60,Wharton,TX,77488,Wharton,29.2878,-96.0683,TRE,ERCO,"Electric Reliability Council of Texas, Inc.",Wells,22,NR,2,IPP Non-CHP,N,,N,,Y,07-42-000,N,X,,CenterPoint Energy,8901,TX,138, , ,N,,ENERGY TRANSFER FUEL LP,GULF SOUTH PIPELINE COMPANY LP,,,N,X,56765,CER Colorado Bend Energy Partners LP,Colorado Bend Energy Center,TX,Wharton,CT1A,Natural Gas Fired Combined Cycle,CT,BLK1,S,X,N,CBEC_CC1,CBEC_CC1,90.0,0.85,85,85,45,N, , ,OP,X,5,2002, , ,N,IPP Non-CHP,2,X,NG,,,,,,,,,,N,N, ,12H,,,,,,,, , , , , , , , ,,, , , ,, , ,N,N,N
50123,"Leeward Asset Management, LLC",56372,Sweetwater Wind 5,7900 FM 608,Roscoe,TX,79545,Nolan,32.236944,-100.4833,TRE,ERCO,"Electric Reliability Council of Texas, Inc.",,22,NR,2,IPP Non-CHP,N,,N,,Y,08-19-000,N,X,,Oncor Electric Delivery Company LLC,44372,TX,345, , ,N,,,,,,N,N,50123,"Leeward Asset Management, LLC",Sweetwater Wind 5,TX,Nolan,SW5,Onshore Wind Turbine,WT,,S,X,X,SWTWN4_WND45,SWTWN4_WND45,80.5, ,80.5,80.5,0,N, , ,OP,X,12,2007, , ,N,IPP Non-CHP,2,X,WND,,,,,,,,,,N,,35,,,,,,,,, , , , , , , , ,,, , , ,N, , ,N,,
1015,Austin Energy,56374,Robert Mueller Energy Center,4901 Lancaster Drive,Austin,TX,78723,Travis,30.304994,-97.707675,TRE,ERCO,"Electric Reliability Council of Texas, Inc.",Municipality,22,RE,1,Electric Utility,N,,N,,N,,,X,,Austin Energy,1015,TX,12.47, , ,N,TEXAS GAS SERVICE,,,,,N,,1015,Austin Energy,Robert Mueller Energy Center,TX,Travis,CT1,Natural Gas Fired Combustion Turbine,GT,,S,X,X,,,4.6,0.8,3.7,4.6,3.7,N, , ,OP,X,7,2006, , ,Y,Electric Utility,1,T,NG,,,,,,,,,,,, ,1H,,,,,,,, , , , , , , , ,,, , , ,, , ,N,,N
56215,"Big Sky Wind, LLC",56394,Forest Creek Wind Farm LLC,893 McDonald Road North,Big Springs,TX,79720,Glasscock,32.039,-101.22,TRE,ERCO,"Electric Reliability Council of Texas, Inc.",,22,NR,2,IPP Non-CHP,N,,N,,Y,07-34,N,X,,Oncor Electric Delivery Company LLC,44372,TX,138, , ,N,,,,,,N,X,56215,"Big Sky Wind, LLC",Forest Creek Wind Farm LLC,TX,Glasscock,1,Onshore Wind Turbine,WT,,S,X,X,MCDLD_FCSBW1,MCDLD_FCSBW1,124.2, ,124.2,124.2,0,N, , ,OP,X,12,2006, , ,N,IPP Non-CHP,2,X,WND,,,,,,,,,,N,N,54,,,,,,,,, , , , , , , , ,,, , , ,, , ,N,,
54759,Mesquite Wind LLC,56395,Mesquite Wind Power LLC,299 FM 604,Abilene,TX,79601,Shackelford,32.6256,-99.4928,TRE,ERCO,"Electric Reliability Council of Texas, Inc.",,22,NR,2,IPP Non-CHP,N,,N,,Y,06-64,N,X,,Oncor Electric Delivery Company LLC,44372,TX,345, , ,N,,,,,,N,X,54759,Mesquite Wind LLC,Mesquite Wind Power LLC,TX,Shackelford,1,Onshore Wind Turbine,WT,,S,X,X,,,200.0, ,200,200,50,N, , ,OP,X,11,2007, , ,N,IPP Non-CHP,2,X,WND,,,,,,,,,,N,N,97,,,,,,,,, , , , , , , , ,,, , , ,, , ,,,
64668,"Wildorado Wind, LLC",56432,Wildorado Wind LLC,6798 CO RD 42,Vega,TX,79092,Oldham,35.291944,-102.303056,MRO,SWPP,Southwest Power Pool,,22,NR,2,IPP Non-CHP,N,,N,,Y,"06-5-000, 07-301-000",N,X,,Southwestern Public Service Co,17718,TX,230, , ,N,,,,,,,,64668,"Wildorado Wind, LLC",Wildorado Wind LLC,TX,Oldham,1,Onshore Wind Turbine,WT,,J,X,X,SWPP,SWPP,161.0, ,161,161,1,N, , ,OP,X,4,2007, , ,N,IPP Non-CHP,2,X,WND,,,,,,,,,,N,N,70,,,,,,,,, , , , , , , , ,,, , , ,, , ,,,
54870,FPL Energy Red Canyon LLC,56457,Post Wind Farm LP,423 Country Road,Fluvanna,TX,79517,Borden,32.92544,-101.219397,TRE,ERCO,"Electric Reliability Council of Texas, Inc.",,22,NR,2,IPP Non-CHP,N,,N,,N,,,X,,Brazos Electric Power Coop Inc,2172,,138, , ,N,,,,,,X,X,54870,FPL Energy Red Canyon LLC,Post Wind Farm LP,TX,Borden,1,Onshore Wind Turbine,WT,,S,X,X,RDCAN-RDCNY1,,84.0, ,84,84,4.2,N, , ,OP,X,4,2006, , ,N,IPP Non-CHP,2,X,WND,,,,,,,,,,N,N,56,,,,,,,,, , , , , , , , ,,, , , ,, , ,N,,
56215,"Big Sky Wind, LLC",56479,Sand Bluff Wind Farm,893 N. McDonald Rd,Big Spring,TX,79720,Glasscock,31.991442,-101.302637,TRE,ERCO,"Electric Reliability Council of Texas, Inc.",,22,NR,2,IPP Non-CHP,N,,N,,Y,07-33,N,X,,Oncor Electric Delivery Company LLC,44372,TX,138, , ,N,,,,,,N,X,56215,"Big Sky Wind, LLC",Sand Bluff Wind Farm,TX,Glasscock,2,Onshore Wind Turbine,WT,,S,X,X,MCDLD_FCSBW1,MCDLD_FCSBW1,89.5, ,89.5,89.5,0,N, , ,OP,X,1,2007, , ,N,IPP Non-CHP,2,X,WND,,,,,,,,,,N,N,37,,,,,,,,, , , , , , , , ,,, , , ,, , ,N,,
54759,Mesquite Wind LLC,56483,Post Oak Wind LLC,299 FM 604,Abilene,TX,79601,Shackelford,32.5144,-99.6564,TRE,ERCO,"Electric Reliability Council of Texas, Inc.",,22,NR,2,IPP Non-CHP,N,,N,,Y,07-38,N,X,,Oncor Electric Delivery Company LLC,44372,TX,345, , ,N,,,,,,N,X,54759,Mesquite Wind LLC,Post Oak Wind LLC,TX,Shackelford,1,Onshore Wind Turbine,WT,,S,X,X,,,200.0, ,200,200,50,N, , ,OP,X,3,2008, , ,N,IPP Non-CHP,2,X,WND,,,,,,,,,,N,N,98,,,,,,,,, , , , , , , , ,,, , , ,, , ,,,
61012,AES Distributed Energy,56484,Buffalo Gap 2 Wind Farm,10718 FM 89,Merkel,TX,79536,Nolan,32.318221,-100.176986,TRE,ERCO,"Electric Reliability Council of Texas, Inc.",,22,NR,2,IPP Non-CHP,N,,N,,N,,,X,,AEP Texas Central Company,3278,TX,34, , ,N,,,,,,,,61012,AES Distributed Energy,Buffalo Gap 2 Wind Farm,TX,Nolan,1,Onshore Wind Turbine,WT,,S,X,X,,,232.5, ,232.5,232.5,0,N, , ,OP,X,7,2007, , ,N,IPP Non-CHP,2,X,WND,,,,,,,,,,,,155,,,,,,,,, , , , , , , , ,,, , , ,, , ,,,
49893,Invenergy Services LLC,56506,Scurry County Wind LP,6543 E Hwy 180,Snyder,TX,79549,Scurry,32.7204,-100.9952,TRE,ERCO,"Electric Reliability Council of Texas, Inc.",,22,NR,2,IPP Non-CHP,N,,N,,N,,N,X,,Oncor Electric Delivery Company LLC,44372,TX,138, , ,N,,,,,,,,49893,Invenergy Services LLC,Scurry County Wind LP,TX,Scurry,SCW,Onshore Wind Turbine,WT,,S,X,X,CSC_CSECG1_2,Oncor's Golden 138kv switching station,130.5, ,130.5,130.5,0,N, , ,OP,X,5,2007, , ,N,IPP Non-CHP,2,X,WND,,,,,,,,,,,,87,,,,,,,,, , , , , , , , ,,, , , ,, , ,N,,
54842,WM Renewable Energy LLC,56524,Austin Gas Recovery,9900 Giles Rd,Austin,TX,78754,Travis,30.3344,-97.6217,TRE,ERCO,"Electric Reliability Council of Texas, Inc.",,22,NR,2,IPP Non-CHP,N,,Y,08-40,N,,N,X,,Austin Energy,1015,TX,12, , ,N,,,,,,X,X,54842,WM Renewable Energy LLC,Austin Gas Recovery,TX,Travis,GEN1,Landfill Gas,IC,,S,X,X,DG_SPRIN_4UNITS,DG_SPRIN_4UNITS,1.6,0.98,1.6,1.6,0.8,N, , ,OP,X,10,2007, , ,N,IPP Non-CHP,2,X,LFG,,,,,,,,,,N,, ,1H,,,,,,,, , , , , , , , ,,, , , ,, , ,N,N,N
65983,UPC Power Solutions,56560,Porterhouse Wind (4) LLC,9489 County Rd. H,Gruver,TX,79040,Hansford,36.4144,-101.3864,MRO,SWPP,Southwest Power Pool,,22,NR,2,IPP Non-CHP,N,,Y,03-13-000,N,,N,X,,Southwestern Public Service Co,17718,TX,115, , ,N,,,,,,N,X,65983,UPC Power Solutions,Porterhouse Wind (4) LLC,TX,Hansford,JDW4,Onshore Wind Turbine,WT,,S,X,X,SPS.GGPO.STOCKYARD4,,79.8, ,79.8,79.8,0.5,N, , ,OP,X,1,2008, , ,N,IPP Non-CHP,2,X,WND,,,,,,,,,,N,N,38,,,,,,,,, , , , , , , , ,,, , , ,, , ,N,,
65983,UPC Power Solutions,56561,Filet Wind (5) LLC,6700 US Hwy 54,Stratford,TX,79084,Sherman,36.4453,-101.8761,MRO,SWPP,Southwest Power Pool,,22,NR,2,IPP Non-CHP,N,,Y,06-289-000,N,,N,X,,Southwestern Public Service Co,17718,TX,34.5, , ,N,,,,,,N,X,65983,UPC Power Solutions,Filet Wind (5) LLC,TX,Sherman,JDW5,Onshore Wind Turbine,WT,,S,X,X,SPS.GGPO.STOCKYARD5_6,,10.0, ,10,10,0.1,N, , ,OP,X,11,2006, , ,N,IPP Non-CHP,2,X,WND,,,,,,,,,,,,8,,,,,,,,, , , , , , , , ,,, , , ,, , ,N,,
65983,UPC Power Solutions,56562,Tenderloin Wind (6) LLC,15090 FM 119,Texhoma,TX,73960,Sherman,36.4669,-101.8222,MRO,SWPP,Southwest Power Pool,,22,NR,2,IPP Non-CHP,N,,Y,06-290-001,N,,,X,,Southwestern Public Service Co,17718,TX,34.5, , ,N,,,,,,N,X,65983,UPC Power Solutions,Tenderloin Wind (6) LLC,TX,Sherman,JDW6,Onshore Wind Turbine,WT,,S,X,X,SPS.GGPO.STOCKYARD5_6,,10.0, ,10,10,0.1,N, , ,OP,X,1,2007, , ,N,IPP Non-CHP,2,X,WND,,,,,,,,,,,,8,,,,,,,,, , , , , , , , ,,, , , ,, , ,N,,
56215,"Big Sky Wind, LLC",56592,Champion Wind Farm LLC,1100 County Rd. 140,Roscoe,TX,79545,Nolan,32.3983,-100.6481,TRE,ERCO,"Electric Reliability Council of Texas, Inc.",,22,NR,2,IPP Non-CHP,N,,N,,Y,07-77,N,X,,Oncor Electric Delivery Company LLC,44372,TX,345, , ,N,,,,,,N,X,56215,"Big Sky Wind, LLC",Champion Wind Farm LLC,TX,Nolan,CH1,Onshore Wind Turbine,WT,,S,X,X,TKWSW_CHAMP,TKWSW_CHAMP,126.5, ,126.5,126.5,0,N, , ,OP,X,2,2008, , ,N,IPP Non-CHP,2,X,WND,,,,,,,,,,N,N,51,,,,,,,,, , , , , , , , ,WT,WND,0.3,3,2025,N, , ,N,,
56215,"Big Sky Wind, LLC",56593,Roscoe Wind Farm LLC,5722 County Rd. 466,Roscoe,TX,79545,Nolan,32.4694,-100.6664,TRE,ERCO,"Electric Reliability Council of Texas, Inc.",,22,NR,2,IPP Non-CHP,N,,N,,Y,07-78,N,X,,Oncor Electric Delivery Company LLC,44372,TX,345, , ,N,,,,,,N,X,56215,"Big Sky Wind, LLC",Roscoe Wind Farm LLC,TX,Nolan,RO1,Onshore Wind Turbine,WT,,S,X,X,TKWSW_ROSCOE,TKWSW_ROSCOE,209.0, ,209,209,0,N, , ,OP,X,2,2008, , ,N,IPP Non-CHP,2,X,WND,,,,,,,,,,N,N,209,,,,,,,,, , , , , , , , ,,, , , ,, , ,N,,
39347,"East Texas Electric Coop, Inc",56603,San Jacinto County Peaking Facility,2101 Pelican Road,Shepherd,TX,77371,San Jacinto,30.4193,-95.0118,SERC,MISO,"Midcontinent Independent Transmission System Operator, Inc..",,22,RE,1,Electric Utility,N,,N,,N,,N,X,,Entergy Texas Inc.,55937,TX,138, , ,N,,TENNESSEE GAS PIPELINE COMPANY,NATURAL GAS PL CO OF AMERICA LLC,,,N,X,39347,"East Texas Electric Coop, Inc",San Jacinto County Peaking Facility,TX,San Jacinto,SJC1,Natural Gas Fired Combustion Turbine,GT,,S,X,X,ESS.SAN_JC1_CT,ESS.SAN_JC1_CT,85.0,0.85,73,85,42,N, , ,OP,X,7,2001, , ,N,Electric Utility,1,X,NG,,,,,,,,,,N,N, ,1H,,,,,,,, , , , , , , , ,,, , , ,, , ,N,N,N
55937,Entergy Texas Inc.,56604,Hardin County Peaking Facility,8908 U.S. Highway 69,Kountze,TX,77625,Hardin,30.3038,-94.2526,SERC,MISO,"Midcontinent Independent Transmission System Operator, Inc..",,22,RE,1,Electric Utility,N,,N,,N,,N,X,,Entergy Texas Inc.,55937,TX,230, , ,N,,ENBRIDGE PIPELINES EAST TEXAS,,,,N,X,55937,Entergy Texas Inc.,Hardin County Peaking Facility,TX,Hardin,HC1,Natural Gas Fired Combustion Turbine,GT,,S,X,X,ESS.CYPRESS1CT,ESS.CYPRESS1CT,86.5,0.85,70.8,88.2,42,N, , ,OP,X,7,2001, , ,N,Electric Utility,1,X,NG,,,,,,,,,,N,, ,1H,,,,,,,, , , , , , , , ,,, , , ,, , ,N,,
55861,Sandy Creek Energy Associates LP,56611,Sandy Creek Energy Station,2161 Rattlesnake Rd,Riesel,TX,76682,McLennan,31.474378,-96.957149,TRE,ERCO,"Electric Reliability Council of Texas, Inc.",WMARSS,22,NR,2,IPP Non-CHP,N,,N,,N,,N,X,,Oncor Electric Delivery Company LLC,44372,TX,345, , ,N,,,,,,N,X,55861,Sandy Creek Energy Associates LP,Sandy Creek Energy Station,TX,McLennan,S01,Conventional Steam Coal,ST,,J,X,X,SCES_UNIT1,SCES_UNIT1,1008.0,0.9,932.6,932.6,360,N, , ,OP,X,5,2013, , ,N,IPP Non-CHP,2,X,SUB,,,,,,NG,,,,N,N, ,OVER,,Y,,,,Y,, , , , , , , , ,,, , , ,, , ,N,N,N
61012,AES Distributed Energy,56638,Buffalo Gap 3 Wind Farm,4220-A FM 126,Nolan,TX,79537,Nolan,32.2878,-100.1,TRE,ERCO,"Electric Reliability Council of Texas, Inc.",,22,NR,2,IPP Non-CHP,N,,N,,N,,,X,,AEP Texas Central Company,3278,TX,34, , ,N,,,,,,,,61012,AES Distributed Energy,Buffalo Gap 3 Wind Farm,TX,Nolan,GEN1,Onshore Wind Turbine,WT,,S,X,X,,,170.2, ,170.2,170.2,0,N, , ,OP,X,8,2008, , ,N,IPP Non-CHP,2,X,WND,,,,,,,,,,,,74,,,,,,,,, , , , , , , , ,,, , , ,, , ,,,
49893,Invenergy Services LLC,56644,Stanton Wind Energy LLC,2646 State Highway 137,Lenorah,TX,79749,Martin,32.2353,-101.8367,TRE,ERCO,"Electric Reliability Council of Texas, Inc.",,22,NR,2,IPP Non-CHP,N,,N,,N,,N,X,,Oncor Electric Delivery Company LLC,44372,TX,138, , ,N,,,,,,,,49893,Invenergy Services LLC,Stanton Wind Energy LLC,TX,Martin,1,Onshore Wind Turbine,WT,,S,X,X,SWEC_G1,Oncor's 138kv Stanton East switiching station,120.0, ,120,120,0,N, , ,OP,X,2,2008, , ,N,IPP Non-CHP,2,X,WND,,,,,,,,,,,,80,,,,,,,,, , , , , , , , ,,, , , ,, , ,N,,
58353,NextEra Energy Majestic Wind,56648,Majestic 1 Wind Farm,580 FM 1342,Panhandle,TX,79068,Carson,35.3919,-101.53,MRO,SWPP,Southwest Power Pool,,22,NR,2,IPP Non-CHP,N,,N,,N,,N,X,,Southwestern Public Service Co,17718,TX,115, , ,N,,,,,,,,58353,NextEra Energy Majestic Wind,Majestic 1 Wind Farm,TX,Carson,1,Onshore Wind Turbine,WT,,W,X,X,,,79.5, ,79.5,79.5,4,N, , ,OP,X,1,2009, , ,N,IPP Non-CHP,2,X,WND,,,,,,,,,,,N,53,,,,,,,,, , , , , , , , ,,, , , ,, , ,,,
55397,NRG Energy Inc,56649,South Trent Wind Farm,1101 CR 190,Sweetwater,TX,79556,Nolan,32.4081,-100.1286,TRE,ERCO,"Electric Reliability Council of Texas, Inc.",,22,NR,2,IPP Non-CHP,N,,N,,Y,08-20-000,N,X,,Oncor Electric Delivery Company LLC,44372,TX,138, , ,N,,,,,,X,X,55397,NRG Energy Inc,South Trent Wind Farm,TX,Nolan,1,Onshore Wind Turbine,WT,,W,X,X,,,101.2, ,101.2,101.2,1,N, , ,OP,X,1,2009, , ,N,IPP Non-CHP,2,X,WND,,,,,,,,,,N,N,44,,,,,,,,, , , , , , , , ,,, , , ,, , ,,,
56545,Pattern Operators LP,56661,Pattern Gulf Wind,803 Gulf Wind Road,Armstrong,TX,78338,Kenedy,27.0011,-97.5994,TRE,ERCO,"Electric Reliability Council of Texas, Inc.",,22,NR,2,IPP Non-CHP,N,,N,,Y,08-35-000,N,X,,AEP Texas Central Company,3278,TX,345, , ,N,,,,,,X,X,56545,Pattern Operators LP,Pattern Gulf Wind,TX,Kenedy,1,Onshore Wind Turbine,WT,,W,X,X,,,283.2, ,283.2,283.2,0,N, , ,OP,X,12,2008, , ,N,IPP Non-CHP,2,X,WND,,,,,,,,,,,,118,10M,,,,,,,, , , , , , , , ,,, , , ,, , ,,,
55922,Whirlwind Energy LLC,56673,Whirlwind Energy Center,1683 County Rd 271,Floydada,TX,79235,Floyd,34.105,-101.0986,TRE,ERCO,"Electric Reliability Council of Texas, Inc.",,22,NR,2,IPP Non-CHP,N,,N,,N,,N,X,,AEP Texas North Company,20404,TX,69, , ,N,,,,,,N,X,55922,Whirlwind Energy LLC,Whirlwind Energy Center,TX,Floyd,WEC,Onshore Wind Turbine,WT,,S,X,X,,,59.8, ,57,57,0,N, , ,OP,X,12,2007, , ,N,IPP Non-CHP,2,X,WND,,,,,,,,,,N,N,26,1H,,,,,,,, , , , , , , , ,,, , , ,, , ,N,,
11269,Lower Colorado River Authority,56674,Winchester Power Park,1260 Farm to Market Road 448,Winchester,TX,78945,Fayette,30.02547,-96.9945,TRE,ERCO,"Electric Reliability Council of Texas, Inc.",,22,RE,1,Electric Utility,N,,N,,N,,N,X,,Lower Colorado River Authority,11269,,138, , ,N,,ENERGY TRANSFER COMPANY TEXAS PL LTD,,,,N,X,11269,Lower Colorado River Authority,Winchester Power Park,TX,Fayette,CGT1,Natural Gas Fired Combustion Turbine,GT,,S,X,X,,,60.5,0.85,44,46,13,N, , ,OP,X,5,2010, , ,N,Electric Utility,1,X,NG,,,,,,,,,,N,N, ,10M,,,,,,,, , , , , , , , ,,, , , ,N, , ,N,N,N
6541,Formosa Plastics Corp,56708,CFB Power Plant,201 Formosa Drive,Point Comfort,TX,77978,Calhoun,28.650278,-96.539722,TRE,ERCO,"Electric Reliability Council of Texas, Inc.",Lake Texana,325211,NR,6,Industrial Non-CHP,N,,N,,N,,N,X,,AEP Texas Central Company,3278,TX,138, , ,N,,HOUSTON PL CO LP,,,,N,N,6541,Formosa Plastics Corp,CFB Power Plant,TX,Calhoun,G2101,Natural Gas Steam Turbine,ST,,S,X,X,,,155.0,0.85,143.1,143.1,43,N, , ,OP,X,5,2012, , ,N,Industrial Non-CHP,6,X,NG,,,,,,NG,,,,N,N, ,OVER,,,,,,,, , , , , , , , ,,, , , ,, , ,N,,N
64644,Goat Wind LLC,56754,Goat Wind LP,240 & 241 Texas Hwy 158E,Sterling City,TX,76951,Sterling,31.951944,-100.791389,TRE,ERCO,"Electric Reliability Council of Texas, Inc.",,22,NR,2,IPP Non-CHP,N,,N,,Y,08-41-000,N,X,,PacifiCorp,14354,WY,34.5, , ,N,,,,,,,,64644,Goat Wind LLC,Goat Wind LP,TX,Sterling,1,Onshore Wind Turbine,WT,,J,X,X,ERCOT,ERCOT,80.0, ,80,80,1,N, , ,OP,X,4,2008, , ,N,IPP Non-CHP,2,X,WND,,,,,,,,,,N,,80,,,,,,,,, , , , , , , , ,,, , , ,, , ,,,
55958,Capricorn Ridge Wind LLC,56763,Capricorn Ridge Wind LLC,Unnammed Road,Sterling City,TX,76951,Sterling,31.951958,-101.018936,TRE,ERCO,"Electric Reliability Council of Texas, Inc.",,22,NR,2,IPP Non-CHP,N,,N,,N,,N,X,,Lower Colorado River Authority,11269,,138, , ,N,,,,,,X,X,55958,Capricorn Ridge Wind LLC,Capricorn Ridge Wind LLC,TX,Sterling,1,Onshore Wind Turbine,WT,,S,X,X,,,149.5, ,149.5,149.5,21.5,N, , ,OP,X,11,2007, , ,N,IPP Non-CHP,2,X,WND,,,,,,,,,,N,,65,,,,,,,,, , , , , , , , ,,, , , ,, , ,,,
62076,Silver Star I Power Partners LLC,56771,Silver Star I Wind Power Project,10893 CR397,Dublin,TX,76446,Erath,32.338659,-98.476051,TRE,ERCO,"Electric Reliability Council of Texas, Inc.",,22,NR,2,IPP Non-CHP,N,,N,,Y,08-69-000,N,X,,Oncor Electric Delivery Company LLC,44372,TX,138, , ,N,,,,,,X,X,62076,Silver Star I Power Partners LLC,Silver Star I Wind Power Project,TX,Erath,1,Onshore Wind Turbine,WT,,J,X,X,,,52.8, ,52.8,52.8,1,N, , ,OP,X,9,2008, , ,N,IPP Non-CHP,2,X,WND,,,,,,,,,,N,N,24,,,,,,,,, , , , , , , , ,,, , , ,, , ,N,,
49893,Invenergy Services LLC,56773,McAdoo Wind Energy LLC,401 W FM 193,McAdoo,TX,79243,Dickens,33.752201,-100.967402,TRE,ERCO,"Electric Reliability Council of Texas, Inc.",,22,NR,2,IPP Non-CHP,N,,N,,N,,N,X,,AEP Texas North Company,20404,TX,138, , ,N,,,,,,,,49893,Invenergy Services LLC,McAdoo Wind Energy LLC,TX,Dickens,1,Onshore Wind Turbine,WT,,S,X,X,MWEC_G1,aep 138kv Spur Switching Station,150.0, ,150,150,0,N, , ,OP,X,9,2008, , ,N,IPP Non-CHP,2,X,WND,,,,,,,,,,N,,100,,,,,,,,, , , , , , , , ,,, , , ,, , ,N,,
49893,Invenergy Services LLC,56774,Turkey Track Wind Energy LLC,4310 A Hwy 153,Blackwell,TX,79537,Nolan,32.1981,-100.2686,TRE,ERCO,"Electric Reliability Council of Texas, Inc.",,22,NR,2,IPP Non-CHP,N,,N,,N,,N,X,,AEP Texas North Company,20404,TX,138, , ,N,,,,,,,,49893,Invenergy Services LLC,Turkey Track Wind Energy LLC,TX,Nolan,1,Onshore Wind Turbine,WT,,S,X,X,TTWEC_G1,AEP Nicole 138kv switching station,169.5, ,169.5,169.5,0,N, , ,OP,X,11,2008, , ,N,IPP Non-CHP,2,X,WND,,,,,,,,,,,,113,,,,,,,,, , , , , , , , ,,, , , ,, , ,N,,
49893,Invenergy Services LLC,56775,Scurry County Wind II,6543 E Hwy,Snyder,TX,79549,Scurry,32.718056,-100.793333,TRE,ERCO,"Electric Reliability Council of Texas, Inc.",,22,NR,2,IPP Non-CHP,N,,N,,N,,N,X,,Oncor Electric Delivery Company LLC,44372,TX,138, , ,N,,,,,,,,49893,Invenergy Services LLC,Scurry County Wind II,TX,Scurry,1,Onshore Wind Turbine,WT,,S,X,X,CSC_CSECG1_2,Oncor Golden 138kv switching station,120.0, ,120,120,0,N, , ,OP,X,12,2007, , ,N,IPP Non-CHP,2,X,WND,,,,,,,,,,,,80,,,,,,,,, , , , , , , , ,,, , , ,, , ,N,,
49893,Invenergy Services LLC,56776,Gunsight Mountain Wind Energy LLC,17012 North County Road 33,Big Spring,TX,79720,Howard,32.240278,-101.473611,TRE,ERCO,"Electric Reliability Council of Texas, Inc.",,22,NR,2,IPP Non-CHP,N,,N,,N,,N,X,,Oncor Electric Delivery Company LLC,44372,TX,138, , ,N,,,,,,,,49893,Invenergy Services LLC,Gunsight Mountain Wind Energy LLC,TX,Howard,1,Onshore Wind Turbine,WT,,S,X,X,,,120.0, ,120,120,0,N, , ,OP,X,6,2016, , ,N,IPP Non-CHP,2,X,WND,,,,,,,,,,,,67,,,,,,,,, , , , , , , , ,,, , , ,, , ,N,,
55981,Elbow Creek Wind Project LLC,56783,Elbow Creek Wind Project LLC,9919 Kay,Forsan,TX,79733,Howard,32.1408,-101.3986,TRE,ERCO,"Electric Reliability Council of Texas, Inc.",,22,NR,2,IPP Non-CHP,N,,N,,N,,,X,,Oncor Electric Delivery Company LLC,44372,TX,345, , ,N,,,,,,X,X,55981,Elbow Creek Wind Project LLC,Elbow Creek Wind Project LLC,TX,Howard,1,Onshore Wind Turbine,WT,,S,X,X,,,121.9, ,121.9,121.9,1,N, , ,OP,X,12,2008, , ,N,IPP Non-CHP,2,X,WND,,,,,,,,,,N,N,53,,,,,,,,, , , , , , , , ,,, , , ,, , ,,,
15399,Avangrid Power LLC,56795,Penascal Wind Power LLC,581 South Highway 77,Sarita,TX,78385,Kenedy,27.022112,-97.498478,TRE,ERCO,"Electric Reliability Council of Texas, Inc.",,22,NR,2,IPP Non-CHP,N,,N,,N,,,X,,AEP Texas Central Company,3278,TX,345, , ,N,,,,,,,,15399,Avangrid Power LLC,Penascal Wind Power LLC,TX,Kenedy,1,Onshore Wind Turbine,WT,,S,X,X,,,201.6, ,201.6,201.6,0,N, , ,OP,X,4,2009, , ,N,IPP Non-CHP,2,X,WND,,,,,,,,,,N,N,84,,,,,,,,, , , , , , , , ,,, , , ,, , ,N,,
56020,NRG Cedar Bayou Development Company LLC,56806,Cedar Bayou 4,7705 West Bay Road,Eldon,TX,77523,Chambers,29.751645,-94.92312,TRE,ERCO,"Electric Reliability Council of Texas, Inc.",Cedar Bayou,22,NR,2,IPP Non-CHP,N,,N,,Y,"07-80-000, 09-37-000",N,X,,CenterPoint Energy,8901,TX,345, , ,N,,KINDER MORGAN TEJAS PIPELINE LLC,,,,N,,56020,NRG Cedar Bayou Development Company LLC,Cedar Bayou 4,TX,Chambers,4,Natural Gas Fired Combined Cycle,CA,CBY4,J,N,X,CBY4_CC1,CBY4_CC1,178.5,0.85,178,186,70,N, , ,OP,X,6,2009, , ,N,IPP Non-CHP,2,X,NG,,,,,,,,,,N,N, ,12H,,,,,,,, , , , , , , , ,,, , , ,, , ,N,N,N
56033,Hackberry Wind LLC,56823,Hackberry Wind Farm,177 Private Road,Albany,TX,76430,Shackelford,32.7683,-99.4228,TRE,ERCO,"Electric Reliability Council of Texas, Inc.",,22,NR,2,IPP Non-CHP,N,,N,,Y,07-82-000,N,X,,Oncor Electric Delivery Company LLC,44372,TX,345, , ,N,,,,,,N,X,56033,Hackberry Wind LLC,Hackberry Wind Farm,TX,Shackelford,HWFG1,Onshore Wind Turbine,WT,,S,X,X,,,165.6, ,162.3,162.3,0,N, , ,OP,X,12,2008, , ,N,IPP Non-CHP,2,X,WND,,,,,,,,,,N,,72,,,,,,,,, , , , , , , , ,,, , , ,, , ,N,,
65983,UPC Power Solutions,56835,Ribeye Wind (11) LLC,10655 US Highway 287,Dumas,TX,79029,Moore,35.8119,-101.9789,MRO,SWPP,Southwest Power Pool,,22,NR,2,IPP Non-CHP,N,,Y,07-56-000,N,,N,X,,Southwestern Public Service Co,17718,TX,34.5, , ,N,,,,,,N,X,65983,UPC Power Solutions,Ribeye Wind (11) LLC,TX,Moore,1,Onshore Wind Turbine,WT,,S,X,X,SPS.GGPO.STOCKYARD10_11,,10.0, ,10,10,0.1,N, , ,OP,X,5,2008, , ,N,IPP Non-CHP,2,X,WND,,,,,,,,,,,,8,,,,,,,,, , , , , , , , ,,, , , ,, , ,N,,
65983,UPC Power Solutions,56836,T-Bone Wind (10) LLC,6000 Stallwitz Road,Dumas,TX,79029,Moore,35.8081,-101.9986,MRO,SWPP,Southwest Power Pool,,22,NR,2,IPP Non-CHP,N,,Y,07-55-000,N,,N,X,,Southwestern Public Service Co,17718,TX,34.5, , ,N,,,,,,N,X,65983,UPC Power Solutions,T-Bone Wind (10) LLC,TX,Moore,1,Onshore Wind Turbine,WT,,S,X,X,SPS.GGPO.STOCKYARD10_11,,8.8, ,8.8,8.8,0.1,N, , ,OP,X,5,2008, , ,N,IPP Non-CHP,2,X,WND,,,,,,,,,,,,7,,,,,,,,, , , , , , , , ,,, , , ,, , ,N,,
65983,UPC Power Solutions,56837,Tri-Tip Wind (9) LLC,11572 Texas Beef Road,Sunray,TX,79086,Moore,35.9614,-101.8033,MRO,SWPP,Southwest Power Pool,,22,NR,2,IPP Non-CHP,N,,Y,07-54-000,N,,N,X,,Southwestern Public Service Co,17718,TX,12.5, , ,N,,,,,,N,X,65983,UPC Power Solutions,Tri-Tip Wind (9) LLC,TX,Moore,1,Onshore Wind Turbine,WT,,S,X,X,SPS.GGPO.STOCKYARD9,,10.0, ,10,10,0.1,N, , ,OP,X,4,2008, , ,N,IPP Non-CHP,2,X,WND,,,,,,,,,,N,,8,,,,,,,,, , , , , , , , ,,, , , ,, , ,N,,
65983,UPC Power Solutions,56838,Brisket Wind (8) LLC,11896 Light Plant Road,Sunray,TX,79086,Moore,36.0075,-101.8614,MRO,SWPP,Southwest Power Pool,,22,NR,2,IPP Non-CHP,N,,Y,07-53-000,N,,N,X,,Southwestern Public Service Co,17718,TX,34.5, , ,N,,,,,,N,X,65983,UPC Power Solutions,Brisket Wind (8) LLC,TX,Moore,1,Onshore Wind Turbine,WT,,S,X,X,SPS.GGPO.STOCKYARD7_8,,10.0, ,10,10,0.1,N, , ,OP,X,4,2008, , ,N,IPP Non-CHP,2,X,WND,,,,,,,,,,,,8,,,,,,,,, , , , , , , , ,,, , , ,, , ,N,,
65983,UPC Power Solutions,56839,Flat Iron Wind (7) LLC,6603 FM 281,Sunray,TX,79086,Moore,36.0264,-101.9,MRO,SWPP,Southwest Power Pool,,22,NR,2,IPP Non-CHP,N,,Y,07-46-000,N,,N,X,,Southwestern Public Service Co,17718,TX,34.5, , ,N,,,,,,N,X,65983,UPC Power Solutions,Flat Iron Wind (7) LLC,TX,Moore,1,Onshore Wind Turbine,WT,,S,X,X,SPS.GGPO.STOCKYARD7_8,,10.0, ,10,10,0.1,N, , ,OP,X,4,2008, , ,N,IPP Non-CHP,2,X,WND,,,,,,,,,,,,8,,,,,,,,, , , , , , , , ,,, , , ,, , ,N,,
61671,Great Plains Windpark Legacy LLC,56905,Great Plains Windpark LLC,15001 Highway 207,Spearman,TX,79081,Hansford,36.4964,-101.3917,MRO,SWPP,Southwest Power Pool,,22,NR,2,IPP Non-CHP,N,,Y,"03-11, 03-12",Y,"03-11, 03-12",,X,,Southwestern Public Service Co,17718,TX,345, , ,N,,,,,,,,61671,Great Plains Windpark Legacy LLC,Great Plains Windpark LLC,TX,Hansford,1,Onshore Wind Turbine,WT,,W,X,X,NGP1,NGP1,114.0, ,114,114,0,N, , ,OP,X,1,2009, , ,N,IPP Non-CHP,2,X,WND,,,,,,,,,,N,N,76,,,,,,,,, , , , , , , , ,,, , , ,, , ,N,,
56215,"Big Sky Wind, LLC",56920,Panther Creek Wind Farm I,1081 Longshore Road,Big Spring,TX,79720,Howard,32.100823,-101.451385,TRE,ERCO,"Electric Reliability Council of Texas, Inc.",,22,NR,2,IPP Non-CHP,N,,N,,Y,08-56,N,X,,Oncor Electric Delivery Company LLC,44372,TX,345, , ,N,,,,,,N,X,56215,"Big Sky Wind, LLC",Panther Creek Wind Farm I,TX,Howard,1,Onshore Wind Turbine,WT,,S,X,X,PC_NORTH_1,PC_NORTH_1,142.5, ,153.9,153.9,0,Y,10,2024,OP,X,7,2008, , ,N,IPP Non-CHP,2,X,WND,,,,,,,,,,N,N,95,,,,,,,,, , , , , , , , ,,, , , ,, , ,N,,
56215,"Big Sky Wind, LLC",56921,Panther Creek Wind Farm II,904 N. McDonald Rd,Big Spring,TX,79720,Glasscock,31.9361,-101.2983,TRE,ERCO,"Electric Reliability Council of Texas, Inc.",,22,NR,2,IPP Non-CHP,N,,N,,Y,08-56,N,X,,Oncor Electric Delivery Company LLC,44372,TX,345, , ,N,,,,,,N,X,56215,"Big Sky Wind, LLC",Panther Creek Wind Farm II,TX,Glasscock,1,Onshore Wind Turbine,WT,,S,X,X,PC_SOUTH_ALL,PC_SOUTH_ALL,115.5, ,124.7,124.7,0,Y,10,2024,OP,X,12,2008, , ,N,IPP Non-CHP,2,X,WND,,,,,,,,,,N,N,77,,,,,,,,, , , , , , , , ,,, , , ,, , ,N,,
56222,Bull Creek Wind LLC,56956,Bull Creek Wind,1016d County Road,O'Donnell,TX,79351,Borden,32.929014,-101.578617,TRE,ERCO,"Electric Reliability Council of Texas, Inc.",,22,NR,2,IPP Non-CHP,N,,N,,Y,09-14-000,,X,,Oncor Electric Delivery Company LLC,44372,TX,138, , ,N,,,,,,X,X,56222,Bull Creek Wind LLC,Bull Creek Wind,TX,Borden,001,Onshore Wind Turbine,WT,,S,X,X,,,180.0, ,180,180,1,N, , ,OP,X,12,2008, , ,N,IPP Non-CHP,2,X,WND,,,,,,,,,,N,N,180,,,,,,,,, , , , ,179,179,6,2025,WT,WND,179,12,2025,, , ,N,,
65411,Duke Energy Renewables Services,56959,Ocotillo Windpower,2803 FM 461,Forsan,TX,79733,Howard,32.1217,-101.3853,TRE,ERCO,"Electric Reliability Council of Texas, Inc.",,22,NR,2,IPP Non-CHP,N,,N,,N,,,X,,Oncor Electric Delivery Company LLC,44372,TX,138, , ,N,,,,,,,,65411,Duke Energy Renewables Services,Ocotillo Windpower,TX,Howard,OWF,Onshore Wind Turbine,WT,,W,X,X,,,58.8, ,58.8,58.8,0.1,N, , ,OP,X,9,2008, , ,N,IPP Non-CHP,2,X,WND,,,,,,,,,,N,,28,,,,,,,,, , , , , , , , ,,, , , ,, , ,,,
65411,Duke Energy Renewables Services,56961,Notrees Windpower Hybrid,19991 Sheep Pasture Rd.,Goldsmith,TX,79741,Ector,31.995,-102.828333,TRE,ERCO,"Electric Reliability Council of Texas, Inc.",,22,NR,2,IPP Non-CHP,N,,N,,N,,,X,,Oncor Electric Delivery Company LLC,44372,TX,138, , ,Y,,,,,,,,65411,Duke Energy Renewables Services,Notrees Windpower Hybrid,TX,Ector,BATT,Batteries,BA,,J,X,X,,,36.0, ,36,36,0,N, , ,OP,X,12,2012, , ,N,IPP Non-CHP,2,X,MWH,,,,,,,,,,N,, ,10M,,,,,,,, , , , , , , , ,,, , , ,, , ,,,
56215,"Big Sky Wind, LLC",56979,Panther Creek Wind Farm Three,904 North McDonald Rd,Big Spring,TX,79720,Sterling,31.9925,-101.1167,TRE,ERCO,"Electric Reliability Council of Texas, Inc.",,22,NR,2,IPP Non-CHP,N,,N,,Y,09-32,N,X,,Oncor Electric Delivery Company LLC,44372,TX,345, , ,N,,,,,,N,X,56215,"Big Sky Wind, LLC",Panther Creek Wind Farm Three,TX,Sterling,1,Onshore Wind Turbine,WT,,S,X,X,PC_SOUTH_ALL,PC_SOUTH_ALL,215.5, ,231.5,231.5,0,N, , ,OP,X,8,2009, , ,N,IPP Non-CHP,2,X,WND,,,,,,,,,,N,N,133,,,,,,,,, , , , , , , , ,,, , , ,, , ,N,,
56215,"Big Sky Wind, LLC",56981,Pyron Wind Farm LLC Hybrid,9871 County Rd. 4146,Hermleigh,TX,79545,Fisher,32.5886,-100.6728,TRE,ERCO,"Electric Reliability Council of Texas, Inc.",,22,NR,2,IPP Non-CHP,N,,N,,Y,08-54,N,X,,Oncor Electric Delivery Company LLC,44372,TX,345, , ,Y,,,,,,N,X,56215,"Big Sky Wind, LLC",Pyron Wind Farm LLC Hybrid,TX,Fisher,PYRBT,Batteries,BA,,S,X,X,,,9.9, ,9.9,9.9,0,N, , ,OP,X,1,2018, , ,N,IPP Non-CHP,2,X,MWH,,,,,,,,,,N,N, ,10M,,,,,,,, , , , , , , , ,,, , , ,, , ,N,,
56215,"Big Sky Wind, LLC",56983,Papalote Creek I LLC,5399 C.R. 3161,Taft,TX,78390,San Patricio,27.9386,-97.4586,TRE,ERCO,"Electric Reliability Council of Texas, Inc.",,22,NR,2,IPP Non-CHP,N,,N,,Y,09-39,N,X,,Oncor Electric Delivery Company LLC,44372,TX,138, , ,N,,,,,,N,X,56215,"Big Sky Wind, LLC",Papalote Creek I LLC,TX,San Patricio,1,Onshore Wind Turbine,WT,,S,X,X,PAP1_PAP1,PAP1_PAP1,180.0, ,180,180,0,N, , ,OP,X,9,2009, , ,N,IPP Non-CHP,2,X,WND,,,,,,,,,,N,N,109,,,,,,,,, , , , , , , , ,,, , , ,, , ,N,,
56215,"Big Sky Wind, LLC",56984,Inadale Wind Farm LLC Hybrid,130 C.R. 170,Roscoe,TX,79545,Nolan,32.4969,-100.5797,TRE,ERCO,"Electric Reliability Council of Texas, Inc.",,22,NR,2,IPP Non-CHP,N,,N,,Y,08-55,N,X,,Oncor Electric Delivery Company LLC,44372,TX,345, , ,Y,,,,,,N,X,56215,"Big Sky Wind, LLC",Inadale Wind Farm LLC Hybrid,TX,Nolan,1,Onshore Wind Turbine,WT,,S,X,X,IND_INADALE1,IND_INADALE1,197.0, ,197,197,0,N, , ,OP,X,9,2009, , ,N,IPP Non-CHP,2,X,WND,,,,,,,,,,N,N,197,,,,,,,,, , , , , , , , ,,, , , ,, , ,N,,
54842,WM Renewable Energy LLC,57020,Westside Landfill Gas Recovery,12880 Camp Bowie W,Aledo,TX,76008,Parker,32.724553,-97.537118,TRE,ERCO,"Electric Reliability Council of Texas, Inc.",,22,NR,2,IPP Non-CHP,N,,Y,10-117-000,N,,N,X,,Oncor Electric Delivery Company LLC,44372,TX,14, , ,N,,,,,,X,X,54842,WM Renewable Energy LLC,Westside Landfill Gas Recovery,TX,Parker,GEN1,Landfill Gas,IC,,S,X,X,DG_WSTHL,DG_WSTHL,1.6,0.98,1.6,1.6,0.8,N, , ,OP,X,3,2010, , ,N,IPP Non-CHP,2,X,LFG,,,,,,,,,,,, ,1H,,,,,,,, , , , , , , , ,,, , , ,, , ,N,N,N
15399,Avangrid Power LLC,57095,Penascal II Wind Project LLC,881 South Highway 77,Sarita,TX,78385,Kenedy,27.122529,-97.557372,TRE,ERCO,"Electric Reliability Council of Texas, Inc.",,22,NR,2,IPP Non-CHP,N,,N,,Y,09-22-000,,X,,Electric Transmission Texas LLC,50174,,37, , ,N,,,,,,,,15399,Avangrid Power LLC,Penascal II Wind Project LLC,TX,Kenedy,1,Onshore Wind Turbine,WT,,S,X,X,,,201.6, ,201.6,201.6,0,N, , ,OP,X,3,2010, , ,N,IPP Non-CHP,2,X,WND,,,,,,,,,,,N,84,,,,,,,,, , , , , , , , ,,, , , ,, , ,N,,
56506,Langford Wind Power LLC,57153,Langford Wind Power,9636 Duff Road,Christoval,TX,76935,Tom Green,31.085435,-100.67882,TRE,ERCO,"Electric Reliability Council of Texas, Inc.",,22,NR,2,IPP Non-CHP,N,,N,,N,,N,X,,AEP Texas North Company,20404,TX,138, , ,N,,,,,,N,X,56506,Langford Wind Power LLC,Langford Wind Power,TX,Tom Green,1,Onshore Wind Turbine,WT,,S,X,X,,,150.0, ,150,150,0,N, , ,OP,X,12,2009, , ,N,IPP Non-CHP,2,X,WND,,,,,,,,,,N,,100,,,,,,,,, , , , , , , , ,,, , , ,, , ,,,
15399,Avangrid Power LLC,57156,Barton Chapel Wind Farm,6868 Rock Creek Rd,Jacksboro,TX,76458,Jack,33.052226,-98.328415,TRE,ERCO,"Electric Reliability Council of Texas, Inc.",,22,NR,2,IPP Non-CHP,N,,N,,N,,,X,,Oncor Electric Delivery Company LLC,44372,TX,138, , ,N,,,,,,,,15399,Avangrid Power LLC,Barton Chapel Wind Farm,TX,Jack,BC,Onshore Wind Turbine,WT,,S,X,X,,,120.0, ,120,120,0,N, , ,OP,X,1,2009, , ,N,IPP Non-CHP,2,X,WND,,,,,,,,,,,N,60,,,,,,,,, , , , , , , , ,,, , , ,, , ,N,,
54842,WM Renewable Energy LLC,57165,Farmers Branch Renewable Energy Facility,580 Huffines Blvd,Lewisville,TX,75067,Denton,33.031111,-96.957222,TRE,ERCO,"Electric Reliability Council of Texas, Inc.",,22,NR,2,IPP Non-CHP,N,,N,,N,,N,X,,"Denton County Elec Coop, Inc",5078,TX,24.9, , ,N,,,,,,X,X,54842,WM Renewable Energy LLC,Farmers Branch Renewable Energy Facility,TX,Denton,GEN1,Landfill Gas,IC,,S,X,X,COSERV,COSERV,1.6,0.98,1.6,1.6,0.8,N, , ,OP,X,1,2011, , ,N,IPP Non-CHP,2,X,LFG,,,,,,,,,,,, ,1H,,,,,,,, , , , , , , , ,,, , , ,, , ,N,N,N
54842,WM Renewable Energy LLC,57167,Mesquite Creek LFGTE Project,1000 Kohlenberg,New Braunfels,TX,78130,Comal,29.7372,-98.0228,TRE,ERCO,"Electric Reliability Council of Texas, Inc.",,22,NR,2,IPP Non-CHP,N,,Y,11-6-000,N,,N,X,,City of New Braunfels - (TX),13418,TX,13, , ,N,,,,,,X,X,54842,WM Renewable Energy LLC,Mesquite Creek LFGTE Project,TX,Comal,GEN1,Landfill Gas,IC,,S,X,X,ZONAL,ZONAL,1.6,0.98,1.6,1.6,0.8,N, , ,OP,X,12,2010, , ,N,IPP Non-CHP,2,X,LFG,,,,,,,,,,,, ,1H,,,,,,,, , , , , , , , ,,, , , ,, , ,N,N,N
65411,Duke Energy Renewables Services,57197,Blue Wing Solar Energy Generation,10810 S Blue Wind Rd.,San Antonio,TX,78223,Bexar,29.304177,-98.400339,TRE,ERCO,"Electric Reliability Council of Texas, Inc.",,22,NR,2,IPP Non-CHP,N,,N,,N,,,X,,City of San Antonio - (TX),16604,TX,13.8, , ,N,,,,,,,,65411,Duke Energy Renewables Services,Blue Wing Solar Energy Generation,TX,Bexar,1,Solar Photovoltaic,PV,,S,X,X,,,13.9, ,13.5,13.5, ,N, , ,OP,X,11,2010, , ,N,IPP Non-CHP,2,X,SUN,,,,,,,,,,N,, ,,,,,,,,, , , , , , , , ,,, , , ,, , ,,,
56215,"Big Sky Wind, LLC",57212,Papalote Creek II LLC,546 FM 631,Taft,TX,78390,San Patricio,27.9958,-97.2967,TRE,ERCO,"Electric Reliability Council of Texas, Inc.",,22,NR,2,IPP Non-CHP,N,,N,,Y,10-22,N,X,,Oncor Electric Delivery Company LLC,44372,TX,138, , ,N,,,,,,N,X,56215,"Big Sky Wind, LLC",Papalote Creek II LLC,TX,San Patricio,1,Onshore Wind Turbine,WT,,S,X,X,COTTON_PAP2,COTTON_PAP2,200.1, ,200.1,200.1,0,N, , ,OP,X,12,2010, , ,N,IPP Non-CHP,2,X,WND,,,,,,,,,,N,N,87,,,,,,,,, , , , , , , , ,,, , , ,, , ,N,,
64634,"Cedro Hill Wind, LLC",57260,Cedro Hill Wind LLC,7476 FM 2050,Bruni,TX,78344,Webb,27.576111,-98.905278,TRE,ERCO,"Electric Reliability Council of Texas, Inc.",,22,NR,2,IPP Non-CHP,N,,N,,Y,10-25-000,N,X,,AEP Texas Central Company,3278,TX,138, , ,N,,,,,,,,64634,"Cedro Hill Wind, LLC",Cedro Hill Wind LLC,TX,Webb,1,Onshore Wind Turbine,WT,,S,X,X,ERCOT,ERCOT,150.0, ,150,150,1,N, , ,OP,X,12,2010, , ,N,IPP Non-CHP,2,X,WND,,,,,,,,,,,,150,,,,,,,,, , , , , , , , ,,, , , ,, , ,,,
65609,Everpoint Services Inc,57264,Little Pringle II Wind Farm,8571 Co Rd H,Morse,TX,79062,Hutchinson,35.924858,-101.541363,TRE,SWPP,Southwest Power Pool,,22,NR,2,IPP Non-CHP,N,,Y,10-538-000,N,,,X,,Southwestern Public Service Co,17718,TX,34.5, , ,N,,,,,,X,X,65609,Everpoint Services Inc,Little Pringle II Wind Farm,TX,Hutchinson,LP2,Onshore Wind Turbine,WT,,S,X,X,SPSHERRING_PRINPLT1_2,SPSHERRING_PRINPLT1_2,10.0, ,10,10,0,N, , ,OP,X,10,2010, , ,N,IPP Non-CHP,2,X,WND,,,,,,,,,,N,,5,,,,,,,,, , , , , , , , ,WT,WND, ,7,2025,, , ,,,
56667,Loraine Windpower Project,57303,Loraine Windpark Project LLC,4274 CR 446,Loraine,TX,79532,Mitchell,32.4375,-100.7444,TRE,ERCO,"Electric Reliability Council of Texas, Inc.",,22,NR,2,IPP Non-CHP,N,,N,,N,,N,X,,Oncor Electric Delivery Company LLC,44372,TX,345, , ,N,,,,,,N,X,56667,Loraine Windpower Project,Loraine Windpark Project LLC,TX,Mitchell,LWG1,Onshore Wind Turbine,WT,,S,X,X,Lonewolf,Lonewolf,75.0, ,73.5,73.5,0,N, , ,OP,X,10,2009, , ,N,IPP Non-CHP,2,X,WND,,,,,,,,,,N,N,49,,,N,,,,,, , , , , , , , ,,, , , ,, , ,N,,
56672,Targa Co-Generation LLC,57322,Mont Belvieu Cogeneration Unit,10319 Highway 146 North,Mont Belvieu,TX,77580,Chambers,29.838138,-94.900661,TRE,ERCO,"Electric Reliability Council of Texas, Inc.",,324,NR,7,Industrial CHP,N,,N,,N,,N,X,,CenterPoint Energy,8901,TX,138, , ,N,,KINDER MORGAN TEXAS PIPELINE LLC,HOUSTON PL CO LP,,,N,X,56672,Targa Co-Generation LLC,Mont Belvieu Cogeneration Unit,TX,Chambers,GT01,Natural Gas Fired Combustion Turbine,GT,,S,X,X,,,15.0,0.95,12.3,15,11,N, , ,OP,X,7,2009, , ,Y,Industrial CHP,7,T,NG,,,,,,,,,,N,N,0,OVER,,,,,,,, , , , , , , , ,,, , , ,, , ,N,N,N
56680,Diamond Shamrock Refining Company LP,57326,Sunray Wind I,6701 FM119,Sunray,TX,79086,Moore,35.9454,-101.9005,TRE,SWPP,Southwest Power Pool,,22,NR,2,IPP Non-CHP,N,,N,,N,,N,X,,Southwestern Public Service Co,17718,TX,12.47, , ,N,,,,,,N,X,56680,Diamond Shamrock Refining Company LP,Sunray Wind I,TX,Moore,WND1,Onshore Wind Turbine,WT,,S,X,X,,,49.5,1,49.5,49.5,3,N, , ,OP,X,9,2009, , ,N,IPP Non-CHP,2,X,WND,,,,,,,,,,N,,33,,,,,,,N,N, , , , , , , , ,,, , , ,, , ,N,,
62077,Sherbino II Wind Farm LLC,57415,Sherbino II,5697 Tran Pecos Road,Ft. Stockton,TX,79735,Pecos,30.772575,-102.505808,TRE,ERCO,"Electric Reliability Council of Texas, Inc.",,22,NR,2,IPP Non-CHP,N,,N,,Y,EG11-87,N,X,,Texas-New Mexico Power Co,40051,TX,138, , ,N,,,,,,X,X,62077,Sherbino II Wind Farm LLC,Sherbino II,TX,Pecos,1,Onshore Wind Turbine,WT,,J,X,X,,,132.0, ,132,132,2,N, , ,OP,X,11,2011, , ,N,IPP Non-CHP,2,X,WND,,,,,,,,,,N,N,60,,,,,,,,, , , , , , , , ,,, , , ,, , ,N,,
56790,Ralls Wind Farm LLC,57474,Ralls Wind Farm,1247 State Highway #207,Ralls,TX,79357,Crosby,33.661111,-101.39,MRO,SWPP,Southwest Power Pool,,22,NR,2,IPP Non-CHP,N,,Y,QF-11-108-000,N,,N,X,,Southwestern Public Service Co,17718,TX,69, , ,N,,,,,,X,X,56790,Ralls Wind Farm LLC,Ralls Wind Farm,TX,Crosby,1,Onshore Wind Turbine,WT,,S,X,X,,,10.0, ,10,10,0,N, , ,OP,X,7,2011, , ,N,IPP Non-CHP,2,X,WND,,,,,,,,,,N,,5,12H,,,,,,,, , , , , , , , ,,, , , ,, , ,N,,
56826,Texas Medical Center Central,57504,TECO CHP-1,1615 Braeswood,Houston,TX,77030,Harris,29.703454,-95.398317,TRE,ERCO,"Electric Reliability Council of Texas, Inc.",,622,NR,5,Commercial CHP,N,,N,,N,,N,X,,CenterPoint Energy,8901,TX,138, , ,N,CENTERPOINT ENERGY,,,,,N,X,56826,Texas Medical Center Central,TECO CHP-1,TX,Harris,CHP1,Natural Gas Fired Combustion Turbine,GT,,S,X,X,TC_TCHP1,TC_TCHP1,48.0,0.85,47,47,22,N, , ,OP,X,9,2010, , ,Y,Commercial CHP,5,T,NG,,,,,,,,,,N,N, ,1H,,,,,,,, , , , , , , , ,,, , , ,, , ,N,N,N
62075,Trinity Hills Wind Farm LLC,57520,Trinity Hills,116 Hilton Ranch Road,Olney,TX,76374,Young,33.383611,-98.711944,TRE,ERCO,"Electric Reliability Council of Texas, Inc.",,22,NR,2,IPP Non-CHP,N,,N,,Y,EG11-107,N,X,,Oncor Electric Delivery Company LLC,44372,TX,345, , ,N,,,,,,X,X,62075,Trinity Hills Wind Farm LLC,Trinity Hills,TX,Young,1,Onshore Wind Turbine,WT,,J,X,X,,,198.0, ,198,198,3,N, , ,OP,X,12,2011, , ,N,IPP Non-CHP,2,X,WND,,,,,,,,,,N,N,90,,,,,,,,, , , , , , , , ,,, , , ,, , ,N,,
56946,Hidalgo Wind Farm LLC,57617,Hidalgo Wind Farm LLC,41420 FM 490,McCook,TX,78541,Hidalgo,26.465556,-98.411111,TRE,ERCO,"Electric Reliability Council of Texas, Inc.",,22,NR,2,IPP Non-CHP,N,,N,,N,,,X,,AEP Texas Central Company,3278,TX,138, , ,N,,,,,,,,56946,Hidalgo Wind Farm LLC,Hidalgo Wind Farm LLC,TX,Hidalgo,GEN1,Onshore Wind Turbine,WT,,S,X,X,,,250.0, ,250,250,1,N, , ,OP,X,12,2016, , ,N,IPP Non-CHP,2,X,WND,,,,,,,,,,N,,75,,,,,,,,, , , , , , , , ,,, , , ,, , ,,,
65411,Duke Energy Renewables Services,57659,East Blackland Solar Project 1,17414 Manda Carlson Rd,Manor,TX,78653,Travis,30.4214,-97.4614,MRO,ERCO,"Electric Reliability Council of Texas, Inc.",,22,NR,2,IPP Non-CHP,N,,N,,N,,,X,,Lower Colorado River Authority,11269,,138, , ,N,,,,,,X,X,65411,Duke Energy Renewables Services,East Blackland Solar Project 1,TX,Travis,PSF,Solar Photovoltaic,PV,,S,X,X,,,144.0, ,144,144, ,N, , ,OP,X,7,2021, , ,N,IPP Non-CHP,2,X,SUN,,,,,,,,,,N,, ,,,,,,,,, , , , , , , , ,,, , , ,, , ,,,
57021,FRV AE Solar LLC,57699,Webberville Solar Project,18580 FM 969,Manor,TX,78653,Travis,30.238492,-97.508812,TRE,ERCO,"Electric Reliability Council of Texas, Inc.",,22,NR,2,IPP Non-CHP,N,,N,,N,,N,X,,Austin Energy,1015,TX,138, , ,N,,,,,,N,X,57021,FRV AE Solar LLC,Webberville Solar Project,TX,Travis,AES1,Solar Photovoltaic,PV,,S,X,X,,,30.0, ,30,30, ,N, , ,OP,X,12,2011, , ,N,IPP Non-CHP,2,X,SUN,,,,,,,,,,N,N, ,,,,,,,,, , , , , , , , ,,, , , ,, , ,N,,
65411,Duke Energy Renewables Services,57751,Los Vientos Wind 1A,4545 FM 507,Sebastian,TX,78594,Cameron,26.33072,-97.5857,TRE,ERCO,"Electric Reliability Council of Texas, Inc.",,22,NR,2,IPP Non-CHP,N,,N,,N,,,X,,AEP Texas Central Company,3278,TX,138, , ,N,,,,,,,,65411,Duke Energy Renewables Services,Los Vientos Wind 1A,TX,Cameron,1,Onshore Wind Turbine,WT,,S,X,X,,,200.0, ,200,200,0.1,N, , ,OP,X,12,2012, , ,N,IPP Non-CHP,2,X,WND,,,,,,,,,,N,,87,,,,,,,,, , , , , , , , ,,, , , ,, , ,N,,
65411,Duke Energy Renewables Services,57752,Los Vientos Wind 1B,4545 FM 507,Sebastian,TX,78594,Cameron,26.34892,-97.6668,TRE,ERCO,"Electric Reliability Council of Texas, Inc.",,22,NR,2,IPP Non-CHP,N,,N,,N,,,X,,AEP Texas Central Company,3278,TX,138, , ,N,,,,,,,,65411,Duke Energy Renewables Services,Los Vientos Wind 1B,TX,Cameron,1,Onshore Wind Turbine,WT,,S,X,X,,,201.6, ,201.6,201.6,0.1,N, , ,OP,X,12,2012, , ,N,IPP Non-CHP,2,X,WND,,,,,,,,,,N,,84,,,,,,,,, , , , , , , , ,WT,WND,202,12,2025,, , ,N,,
56215,"Big Sky Wind, LLC",57802,Magic Valley Wind Farm I LLC,12550 Pennington Road,San Perlita,TX,78590,Willacy,26.475278,-97.691111,TRE,ERCO,"Electric Reliability Council of Texas, Inc.",,22,NR,2,IPP Non-CHP,N,,N,,Y,12-41,N,X,,AEP Texas Central Company,3278,TX,138, , ,N,,,,,,N,X,56215,"Big Sky Wind, LLC",Magic Valley Wind Farm I LLC,TX,Willacy,MV1,Onshore Wind Turbine,WT,,S,X,X,REDFISH_ALL,REDFISH_ALL,203.0, ,203,203,0,N, , ,OP,X,9,2012, , ,N,IPP Non-CHP,2,X,WND,,,,,,,,,,N,N,112,,,,,,,,, , , , , , , , ,,, , , ,, , ,N,,
7349,"Golden Spread Electric Cooperative, Inc",57865,Antelope Station,1454 CR 315,Abernathy,TX,79311,Hale,33.865,-101.843333,MRO,SWPP,Southwest Power Pool,,22,RE,1,Electric Utility,N,,N,,N,,,X,,Southwestern Public Service Co,17718,TX,230, , ,N,,NORTHERN NATURAL GAS,,,,N,,7349,"Golden Spread Electric Cooperative, Inc",Antelope Station,TX,Hale,E01,Natural Gas Internal Combustion Engine,IC,,S,X,X,,,9.3,0.8,9,9.3,3.7,N, , ,OP,X,6,2011, , ,N,Electric Utility,1,X,NG,,,,,,,,,,N,, ,10M,,,,,,,, , , , , , , , ,,, , , ,, , ,N,,
7349,"Golden Spread Electric Cooperative, Inc",57866,Golden Spread Panhandle Wnd Rch,6514 CR 50,Wilderado,TX,79098,Oldham,35.243611,-102.21,MRO,SWPP,Southwest Power Pool,,22,RE,1,Electric Utility,N,,N,,N,,,X,,Southwestern Public Service Co,17718,TX,230, , ,N,,,,,,N,,7349,"Golden Spread Electric Cooperative, Inc",Golden Spread Panhandle Wnd Rch,TX,Oldham,PWR,Onshore Wind Turbine,WT,,S,X,X,,,78.2, ,78.2,78.2,0.1,N, , ,OP,X,9,2011, , ,N,Electric Utility,1,X,WND,,,,,,,,,,,,34,,,,,,,,, , , , , , , , ,,, , , ,, , ,N,,
15399,Avangrid Power LLC,57927,Baffin Wind,581 S Highway 77,Sarita,TX,78385,Kenedy,27.184652,-97.59818,TRE,ERCO,"Electric Reliability Council of Texas, Inc.",,22,NR,2,IPP Non-CHP,N,,N,,N,,,X,,Electric Transmission Texas LLC,50174,,345, , ,N,,,,,,,,15399,Avangrid Power LLC,Baffin Wind,TX,Kenedy,1,Onshore Wind Turbine,WT,,S,X,X,,,188.0, ,188,188,0,N, , ,OP,X,12,2014, , ,N,IPP Non-CHP,2,X,WND,,,,,,,,,,N,N,101,,,,,,,,, , , , , , , , ,,, , , ,, , ,N,,
57170,"EDF Renewable Asset Holdings, Inc.",57973,Spinning Spur Wind LLC,111 County Road F,Vegas,TX,79092,Oldham,35.2375,-102.203056,MRO,SWPP,Southwest Power Pool,,22,NR,2,IPP Non-CHP,N,,N,,N,,,X,,Southwestern Public Service Co,17718,TX,345, , ,N,,,,,,,,57170,"EDF Renewable Asset Holdings, Inc.",Spinning Spur Wind LLC,TX,Oldham,GEN1,Onshore Wind Turbine,WT,,S,X,X,,,161.0, ,161,161,0,N, , ,OP,X,11,2012, , ,N,IPP Non-CHP,2,X,WND,,,,,,,,,,N,,70,,,,,,,,, , , , , , , , ,,, , , ,, , ,,,
57170,"EDF Renewable Asset Holdings, Inc.",57974,Bobcat Bluff Wind Project LLC,1354 Cowan Rd,Archer,TX,76351,Archer,33.493056,-98.581944,TRE,ERCO,"Electric Reliability Council of Texas, Inc.",,22,NR,2,IPP Non-CHP,N,,N,,N,,,X,,Oncor Electric Delivery Company LLC,44372,TX,345, , ,N,,,,,,,,57170,"EDF Renewable Asset Holdings, Inc.",Bobcat Bluff Wind Project LLC,TX,Archer,GEN1,Onshore Wind Turbine,WT,,S,X,X,,,161.0, ,161,161,0,N, , ,OP,X,12,2012, , ,N,IPP Non-CHP,2,X,WND,,,,,,,,,,N,,100,,,,,,,,, , , , , , , , ,,, , , ,, , ,,,
59050,Algonquin Power Co,57981,Senate Wind LLC,1065 FM 1191 North,Bryson,TX,76427,Jack,33.205801,-98.365069,TRE,ERCO,"Electric Reliability Council of Texas, Inc.",,22,NR,2,IPP Non-CHP,N,,N,,N,,,X,,Oncor Electric Delivery Company LLC,44372,TX,345, , ,N,,,,,,,,59050,Algonquin Power Co,Senate Wind LLC,TX,Jack,GEN1,Onshore Wind Turbine,WT,,S,X,X,,,150.0, ,150,150,40,N, , ,OP,X,12,2012, , ,N,IPP Non-CHP,2,X,WND,,,,,,,,,,N,,75,,,,,,,,, , , , , , , , ,,, , , ,, , ,,,
57355,Stephens Ranch Wind Energy LLC,57983,Stephens Ranch Wind Energy LLC,2186 County Road 131,O'Donnell,TX,79351,Borden,32.926389,-101.647778,TRE,ERCO,"Electric Reliability Council of Texas, Inc.",,22,NR,2,IPP Non-CHP,N,,N,,N,,N,X,,Wind Energy Transmission Texas LLC,60066,,345, , ,N,,,,,,X,X,57355,Stephens Ranch Wind Energy LLC,Stephens Ranch Wind Energy LLC,TX,Borden,1,Onshore Wind Turbine,WT,,S,X,X,SRWE1_UNIT1,SRWE1_UNIT1,211.0, ,211,211,1,N, , ,OP,X,12,2014, , ,N,IPP Non-CHP,2,X,WND,,,,,,,,,,N,N,118,,,,,,,,, , , , , , , , ,,, , , ,, , ,N,,
56215,"Big Sky Wind, LLC",58000,"Anacacho Wind Farm, LLC",15542 Ranch Road 1572,Brackettville,TX,78832,Kinney,29.234722,-100.209167,TRE,ERCO,"Electric Reliability Council of Texas, Inc.",,22,NR,2,IPP Non-CHP,N,,N,,Y,12-101-000,N,X,,Oncor Electric Delivery Company LLC,44372,TX,138, , ,N,,,,,,N,X,56215,"Big Sky Wind, LLC","Anacacho Wind Farm, LLC",TX,Kinney,ANA,Onshore Wind Turbine,WT,,S,X,X,ANACACHO,ANACACHO,99.8, ,99.8,99.8,0,N, , ,OP,X,12,2012, , ,N,IPP Non-CHP,2,X,WND,,,,,,,,,,N,N,55,,,,,,,,, , , , , , , , ,,, , , ,, , ,N,,
57377,Temple Generation Holdings LLC,58001,Temple Power Station,2892 Panda Drive,Temple,TX,76501,Bell,31.055833,-97.317222,TRE,ERCO,"Electric Reliability Council of Texas, Inc.",City of Temple,22,NR,2,IPP Non-CHP,N,,N,,Y,"EG22-158,  EG14-48, EG14-49",N,X,,Oncor Electric Delivery Company LLC,44372,TX,345, , ,N,ATMOS ENERGY CORPORATION,,,,,N,X,57377,Temple Generation Holdings LLC,Temple Power Station,TX,Bell,CTG-1,Natural Gas Fired Combined Cycle,CT,TMP1,W,X,N,,,232.0,0.85,232,232,140,N, , ,OP,X,7,2014, , ,N,IPP Non-CHP,2,X,NG,,,,,,NG,,,,N,N, ,1H,,,,,,,, , , , , , , , ,,, , , ,, , ,N,N,N
65856,Rayburn Energy Station LLC,58005,Rayburn Energy Station LLC,510 Progress Drive,Sherman,TX,75092,Grayson,33.582573,-96.617893,TRE,ERCO,"Electric Reliability Council of Texas, Inc.",Lake Texoma,22,NR,2,IPP Non-CHP,N,,N,,N,,N,X,,Oncor Electric Delivery Company LLC,44372,TX,138, , ,N,,GULF CROSSING PL LLC,,,,N,X,65856,Rayburn Energy Station LLC,Rayburn Energy Station LLC,TX,Grayson,CTG-1,Natural Gas Fired Combined Cycle,CT,CC1,W,X,N,PANDA_S_CT1,PANDA_S_CC1,232.0,0.85,199,224,125,N, , ,OP,X,8,2014, , ,N,IPP Non-CHP,2,X,NG,,,,,,,,,,N,N, ,1H,,,,,,,, , , , , , , , ,,, , , ,, , ,N,N,N
57386,SunE CPS3 LLC,58009,SunE CPS3 LLC,8719 S FM 2790,Somerset,TX,78069,Bexar,29.221944,-98.669167,TRE,ERCO,"Electric Reliability Council of Texas, Inc.",,22,NR,2,IPP Non-CHP,N,,Y,"12-290, 12-291",N,,,X,,City of San Antonio - (TX),16604,TX,13.6, , ,N,,,,,,,,57386,SunE CPS3 LLC,SunE CPS3 LLC,TX,Bexar,1,Solar Photovoltaic,PV,,S,X,X,,,5.6, ,5.6,5.6, ,N, , ,OP,X,5,2012, , ,N,IPP Non-CHP,2,X,SUN,,,,,,,,,,N,, ,,,,,,,,, , , , , , , , ,,, , , ,, , ,,,
57389,IKEA Property Inc,58013,IKEA Round Rock 027,1 IKEA Way,Round Rock,TX,78664,Williamson,30.557044,-97.690286,TRE,ERCO,"Electric Reliability Council of Texas, Inc.",,53,NR,4,Commercial Non-CHP,N,,N,,N,,N,X,,Oncor Electric Delivery Company LLC,44372,TX,0.48, , ,N,,,,,,N,N,57389,IKEA Property Inc,IKEA Round Rock 027,TX,Williamson,PV,Solar Photovoltaic,PV,,S,X,X,,,1.4, ,1.3,1.3, ,N, , ,OP,X,9,2012, , ,N,Commercial Non-CHP,4,X,SUN,,,,,,,,,,,, ,,,,,,,,, , , , , , , , ,,, , , ,, , ,,,
57398,"Whitetail Wind Energy, LLC",58021,Whitetail,1462 Wellhausen Rd,Oilton,TX,78731,Webb,27.488056,-99.005278,TRE,ERCO,"Electric Reliability Council of Texas, Inc.",,22,NR,2,IPP Non-CHP,N,,N,,Y,13-50-000,N,X,,Electric Transmission Texas LLC,50174,,138, , ,N,,,,,,X,X,57398,"Whitetail Wind Energy, LLC",Whitetail,TX,Webb,1,Onshore Wind Turbine,WT,,S,X,X,EXGNWTL_1,EXGNWTL_1,92.0, ,92.3,92.3,0.7,N, , ,OP,X,12,2012, , ,N,IPP Non-CHP,2,X,WND,,,,,,,,,,N,N,57,,,,,,,,, , , , , , , , ,,, , , ,N, , ,N,,
57403,SunE CPS2 LLC,58027,SunE CPS2 LLC,3580 Valley Rd,San Antonio,TX,78221,Bexar,29.245,-98.418333,TRE,ERCO,"Electric Reliability Council of Texas, Inc.",,22,NR,2,IPP Non-CHP,N,,Y,12-287,N,,,X,,City of San Antonio - (TX),16604,TX,13.6, , ,N,,,,,,,,57403,SunE CPS2 LLC,SunE CPS2 LLC,TX,Bexar,1,Solar Photovoltaic,PV,,S,X,X,,,10.0, ,9.9,9.9, ,N, , ,OP,X,5,2012, , ,N,IPP Non-CHP,2,X,SUN,,,,,,,,,,N,, ,,,,,,,,, , , , , , , , ,,, , , ,, , ,,,
57421,"Chopin Wind, LLC",58048,BayWa r.e Mozart LLC,17839 Hwy 70,Jayton,TX,79528,Kent,32.969722,-100.524167,TRE,ERCO,"Electric Reliability Council of Texas, Inc.",,22,NR,2,IPP Non-CHP,N,,N,,N,,N,X,,AEP Texas North Company,20404,TX,69, , ,N,,,,,,N,X,57421,"Chopin Wind, LLC",BayWa r.e Mozart LLC,TX,Kent,1,Onshore Wind Turbine,WT,,W,X,X,MOZART_WIND1,MOZART_WIND1,30.0, ,30,30,0,N, , ,OP,X,12,2012, , ,N,IPP Non-CHP,2,X,WND,,,,,,,,,,N,N,12,,,,,N,,,, , , , , , , , ,,, , , ,, , ,N,,
57419,SunE CPS1 LLC,58068,SunE CPS1 LLC,4000 Rabel Road,San Antonio,TX,78221,Bexar,29.245,-98.418333,TRE,ERCO,"Electric Reliability Council of Texas, Inc.",,22,NR,2,IPP Non-CHP,N,,Y,12-286,N,,,X,,City of San Antonio - (TX),16604,TX,13.6, , ,N,,,,,,,,57419,SunE CPS1 LLC,SunE CPS1 LLC,TX,Bexar,1,Solar Photovoltaic,PV,,S,X,X,,,10.0, ,9.9,9.9, ,N, , ,OP,X,5,2012, , ,N,IPP Non-CHP,2,X,SUN,,,,,,,,,,N,, ,,,,,,,,, , , , , , , , ,,, , , ,, , ,,,
57460,NextEra Wolf Ridge LLC,58080,Wolf Ridge Wind,1923 CR 431,Muenster,TX,76252,Cooke,33.733006,-97.428406,TRE,ERCO,"Electric Reliability Council of Texas, Inc.",,22,NR,2,IPP Non-CHP,N,,N,,N,,N,X,,Brazos Electric Power Coop Inc,2172,,138, , ,N,,,,,,,,57460,NextEra Wolf Ridge LLC,Wolf Ridge Wind,TX,Cooke,1,Onshore Wind Turbine,WT,,S,X,X,,,112.5, ,112.5,112.5,5.6,N, , ,OP,X,8,2008, , ,N,IPP Non-CHP,2,X,WND,,,,,,,,,,,,75,,,,,,,,, , , , , , , , ,,, , , ,, , ,,,
58113,"Texas A&M, Utilities & Energy Services",58151,Central Utility Plant - Texas A&M,496 Asbury,College Station,TX,77843,Brazos,30.617778,-96.343333,TRE,ERCO,"Electric Reliability Council of Texas, Inc.",Wells,611,NR,5,Commercial CHP,N,,N,,N,,N,X,,City of Bryan - (TX),2442,TX,12.47, , ,N,ATMOS ENERGY CORPORATION,,,,,N,X,58113,"Texas A&M, Utilities & Energy Services",Central Utility Plant - Texas A&M,TX,Brazos,GTG01,Natural Gas Fired Combined Cycle,CT,UES1,S,X,N,North Load Zone,North Load Zone,34.1,0.85,32.4,34.1,27,N, , ,OP,X,8,2011, , ,Y,Commercial CHP,5,T,NG,,,,,,,,,,N,N, ,1H,,,,,,,, , , , , , , , ,,, , , ,, , ,N,N,N
58134,Cirrus Wind 1 LLC,58162,Cirrus Wind 1 LLC,2609 County Road BB,Tahoka,TX,79373,Lynn,33.033056,-101.6875,MRO,SWPP,Southwest Power Pool,,22,NR,2,IPP Non-CHP,N,,Y,13-33-000,N,,,X,,Southwestern Public Service Co,17718,TX,230, , ,N,,,,,,,,58134,Cirrus Wind 1 LLC,Cirrus Wind 1 LLC,TX,Lynn,CW,Onshore Wind Turbine,WT,,S,X,X,,,61.2, ,61.2,61.2,0,N, , ,OP,X,12,2012, , ,N,IPP Non-CHP,2,X,WND,,,,,,,,,,N,,17,10M,,,,N,,,, , , , , , , , ,,, , , ,, , ,,,
56545,Pattern Operators LP,58242,Pattern Panhandle Wind LLC,1797 FM 2385,Panhandle,TX,79068,Carson,35.4275,-101.253056,TRE,ERCO,"Electric Reliability Council of Texas, Inc.",,22,NR,2,IPP Non-CHP,N,,N,,N,,N,X,,Cross Texas Transmission,60065,,345, , ,N,,,,,,X,X,56545,Pattern Operators LP,Pattern Panhandle Wind LLC,TX,Carson,1,Onshore Wind Turbine,WT,,W,X,X,,,218.0, ,218,218,0,N, , ,OP,X,7,2014, , ,N,IPP Non-CHP,2,X,WND,,,,,,,,,,N,,118,,,,,,,,, , , , , , , , ,,, , , ,, , ,,,
49893,Invenergy Services LLC,58321,Goldthwaite Wind Energy Facility,418 East Farm to Market Rd 572,Goldthwaite,TX,76844,Mills,31.383333,-98.466667,TRE,ERCO,"Electric Reliability Council of Texas, Inc.",,22,NR,2,IPP Non-CHP,N,,N,,N,,N,X,,Lower Colorado River Authority,11269,,138, , ,N,,,,,,,,49893,Invenergy Services LLC,Goldthwaite Wind Energy Facility,TX,Mills,1,Onshore Wind Turbine,WT,,S,X,X,GWEC_G1,GOLDTHWAITE 138KV SUBSTATION,150.0, ,150,150,0,N, , ,OP,X,12,2013, , ,N,IPP Non-CHP,2,X,WND,,,,,,,,,,,,85,,,,,,,,, , , , , , , , ,,, , , ,, , ,N,,
58353,NextEra Energy Majestic Wind,58363,Majestic II Wind,580 FM 1342,Panhandle,TX,79068,Carson,35.386038,-101.578572,TRE,SWPP,Southwest Power Pool,,22,NR,2,IPP Non-CHP,N,,N,,N,,,X,,Southwestern Public Service Co,17718,TX,115, , ,N,,,,,,,,58353,NextEra Energy Majestic Wind,Majestic II Wind,TX,Carson,WND1,Onshore Wind Turbine,WT,,S,X,X,,,79.6, ,79.6,79.6,4,N, , ,OP,X,8,2012, , ,N,IPP Non-CHP,2,X,WND,,,,,,,,,,N,,51,,,,,,,,, , , , , , , , ,,, , , ,, , ,,,
58360,Blue Summit Wind LLC,58372,Blue Summit Wind LLC,17301 CR 97N,Vernon,TX,76384,Wilbarger,34.292913,-99.367734,TRE,ERCO,"Electric Reliability Council of Texas, Inc.",,22,NR,2,IPP Non-CHP,N,,N,,N,,,X,,AEP Texas Central Company,3278,TX,345, , ,N,,,,,,,,58360,Blue Summit Wind LLC,Blue Summit Wind LLC,TX,Wilbarger,GEN1,Onshore Wind Turbine,WT,,S,X,X,,,135.4, ,135.4,135.4,6.8,N, , ,OP,X,12,2012, , ,N,IPP Non-CHP,2,X,WND,,,,,,,,,,,,85,,,,,,,,, , , , , , , , ,,, , , ,, , ,,,
58365,Petra Nova Power I LLC,58378,Petra Nova Carbon Capture Cogen,2500 Y.U. Jones Road,Thompsons,TX,77481,Fort Bend,29.475278,-95.634167,TRE,ERCO,"Electric Reliability Council of Texas, Inc.",Smithers Lake,22,NR,3,IPP CHP,Y,16-825,N,,N,,N,X,,CenterPoint Energy,8901,TX,138, , ,N,,KINDER MORGAN TEJAS PIPELINE LLC,,,,N,X,58365,Petra Nova Power I LLC,Petra Nova Carbon Capture Cogen,TX,Fort Bend,GT2,Natural Gas Fired Combustion Turbine,GT,,S,X,X,PNPI_GT2_RN,PNPI_GT2_RN,82.2,0.8,74,81,74,N, , ,OP,X,6,2013, , ,Y,IPP CHP,3,T,NG,,,,,,,,,,N,Y, ,1H,,,,,,,, , , , , , , , ,,, , , ,, , ,N,N,N
58388,Pantex (NNSA),58404,Pantex,FM 2373 and Highway 60,Amarillo,TX,79120,Carson,35.322778,-101.5325,MRO,SWPP,Southwest Power Pool,,928,NR,4,Commercial Non-CHP,N,,N,,N,,N,X,,Southwestern Public Service Co,17718,TX,115, , ,N,,,,,,N,X,58388,Pantex (NNSA),Pantex,TX,Carson,1,Onshore Wind Turbine,WT,,S,X,X,,,11.5, ,11.5,11.5,0,N, , ,OP,X,6,2014, , ,N,Commercial Non-CHP,4,X,WND,,,,,,,,,,N,N,5,,,,,,,,, , , , , , , , ,,, , , ,, , ,N,,
65431,"Ector County Generation, LLC",58471,Ector County Energy Center,8200 O B Holt rd,Goldsmith,TX,79741,Ector,32.069167,-102.585556,TRE,ERCO,"Electric Reliability Council of Texas, Inc.",,22,NR,2,IPP Non-CHP,N,,N,,N,,N,X,,Oncor Electric Delivery Company LLC,44372,TX,138, , ,N,,ONEOK WES TEX TRANSMISSION LLC,,,,N,X,65431,"Ector County Generation, LLC",Ector County Energy Center,TX,Ector,CTG1,Natural Gas Fired Combustion Turbine,GT,,S,X,X,RN_ECEC_HOLT,Oncor HOLT 138KV SUBSTATION,179.4,0.85,150,168,75,N, , ,OP,X,8,2015, , ,N,IPP Non-CHP,2,X,NG,,,,,,NG,,,,N,N, ,1H,,,,,,,,10,0,7,2025, , , , ,,, , , ,, , ,N,N,N
61944,MN8 Energy LLC,58488,"Bryan Solar, LLC",3400 Rancho Rd,Presidio,TX,79845,Presidio,29.6,-104.3,TRE,ERCO,"Electric Reliability Council of Texas, Inc.",,22,NR,2,IPP Non-CHP,N,,Y,13-23,N,,,X,,AEP Texas North Company,20404,TX,69, , ,N,,,,,,,,61944,MN8 Energy LLC,"Bryan Solar, LLC",TX,Presidio,1,Solar Photovoltaic,PV,,W,X,X,,,10.0, ,10,10, ,N, , ,OP,X,6,2013, , ,N,IPP Non-CHP,2,X,SUN,,,,,,,,,,N,, ,,,,,,,,, , , , , , , , ,,, , , ,, , ,,,
58489,OCI Energy LLC,58537,OCI Alamo Solar I Hybrid,14984 South Blue Wing Road,San Antonio,TX,78204,Bexar,29.271667,-98.444722,TRE,ERCO,"Electric Reliability Council of Texas, Inc.",,22,NR,2,IPP Non-CHP,N,,N,,N,,N,X,,City of San Antonio - (TX),16604,TX,138, , ,N,,,,,,X,X,58489,OCI Energy LLC,OCI Alamo Solar I Hybrid,TX,Bexar,1,Solar Photovoltaic,PV,,S,X,X,,,40.7, ,40.7,40.7, ,N, , ,OP,X,12,2013, , ,N,IPP Non-CHP,2,X,SUN,,,,,,,,,,N,N, ,,,,,,,,, , , , , , , , ,,, , , ,, , ,N,,
5701,El Paso Electric Co,58562,Montana Power Station,13511 B Montana Ave,El Paso,TX,79938,El Paso,31.823889,-106.211944,WECC,EPE,El Paso Electric Company,Municipality,22,RE,1,Electric Utility,N,,N,,N,,,X,,El Paso Electric Co,5701,TX,115, , ,N,Other - See pipeline notes.,Other - Please explain in pipeline notes below.,,,Kinder Morgan (inter),N,,5701,El Paso Electric Co,Montana Power Station,TX,El Paso,GT-1,Natural Gas Fired Combustion Turbine,GT,,S,X,X,,,131.8,0.85,88,93,18.2,N, , ,OP,X,3,2015, , ,N,Electric Utility,1,X,NG,DFO,,,,,,,,,N,N, ,10M,,,,,,,, , , , , , , , ,,, , , ,, , ,Y,N,Y
56215,"Big Sky Wind, LLC",58596,"Grandview Wind Farm, LLC",408 County Road R,Panhandle,TX,79068,Carson,35.238333,-101.310833,TRE,ERCO,"Electric Reliability Council of Texas, Inc.",,22,NR,2,IPP Non-CHP,N,,N,,N,,N,X,,Oncor Electric Delivery Company LLC,44372,TX,345, , ,N,,,,,,N,X,56215,"Big Sky Wind, LLC","Grandview Wind Farm, LLC",TX,Carson,GRVWI,Onshore Wind Turbine,WT,,S,X,X,GRANDVW1_A_B,GRANDVW1_A_B,211.2, ,211.2,211.2,0,N, , ,OP,X,12,2014, , ,N,IPP Non-CHP,2,X,WND,,,,,,,,,,N,N,118,,,,,,,,, , , , , , , , ,,, , , ,, , ,N,,
15399,Avangrid Power LLC,58614,Patriot Wind Farm,1338 CR 67,Bishop,TX,78343,Nueces,27.580489,-97.640077,TRE,ERCO,"Electric Reliability Council of Texas, Inc.",,22,NR,2,IPP Non-CHP,N,,N,,N,,N,X,,AEP Texas Central Company,3278,OK,345, , ,N,,,,,,X,X,15399,Avangrid Power LLC,Patriot Wind Farm,TX,Nueces,PAT1,Onshore Wind Turbine,WT,,S,X,X,,,226.1, ,226.1,226.1,0,N, , ,OP,X,6,2019, , ,N,IPP Non-CHP,2,X,WND,,,,,,,,,,N,N,63,,,,,,,,, , , , , , , , ,,, , , ,, , ,N,,
39347,"East Texas Electric Coop, Inc",58645,RC Thomas Hydroelectric Project,5170 South FM1988,Livingston,TX,77351,Polk,30.632222,-95.01,SERC,MISO,"Midcontinent Independent Transmission System Operator, Inc..",Lake Livingston,22,RE,1,Electric Utility,N,,N,,N,,N,X,,Entergy Texas Inc.,55937,TX,138, , ,N,,,,,,N,X,39347,"East Texas Electric Coop, Inc",RC Thomas Hydroelectric Project,TX,Polk,RCT1,Conventional Hydroelectric,HY,,S,X,X,EES.RCTHOMAS,EES.RCTHOMAS,8.9,0.9,8.1,8.1,3.3,N, , ,OP,X,7,2020, , ,N,Electric Utility,1,X,WAT,,,,,,,,,,N,N, ,10M,,,,,,,, , , , , , , , ,,, , , ,, , ,N,,
60453,Onward Energy,58681,Route 66 Wind Plant,Farm To Market Road 2161,Panhandle,TX,79068,Carson,35.205278,-101.434167,TRE,ERCO,"Electric Reliability Council of Texas, Inc.",,22,NR,2,IPP Non-CHP,N,,N,,Y,15-97,N,X,,Sharyland Utilities LP,17008,TX,345, , ,N,,,,,,N,X,60453,Onward Energy,Route 66 Wind Plant,TX,Carson,RT661,Onshore Wind Turbine,WT,,S,X,X,ROUTE66_RN,ROUTE66_RN,150.0, ,150,150,0,N, , ,OP,X,8,2015, , ,N,IPP Non-CHP,2,X,WND,,,,,,,,,,N,N,75,,,,,,,,, , , , , , , , ,,, , , ,, , ,N,,
50123,"Leeward Asset Management, LLC",58710,Barilla Solar,Hovey Road,Fort Stockton,TX,79735,Pecos,30.96,-103.35,TRE,ERCO,"Electric Reliability Council of Texas, Inc.",,22,NR,2,IPP Non-CHP,N,,N,,N,,,X,,AEP Texas Central Company,3278,TX,138, , ,N,,,,,,X,X,50123,"Leeward Asset Management, LLC",Barilla Solar,TX,Pecos,BRLA,Solar Photovoltaic,PV,,S,X,X,,,30.2, ,30.2,30.2, ,N, , ,OP,X,6,2015, , ,N,IPP Non-CHP,2,X,SUN,,,,,,,,,,N,N, ,,,,,,,,, , , , , , , , ,,, , , ,N, , ,N,,
58489,OCI Energy LLC,58716,"OCI Alamo 2, LLC",8203 Binz Engelman Road,Converse,TX,78109,Bexar,29.469444,-98.331944,TRE,ERCO,"Electric Reliability Council of Texas, Inc.",,22,NR,2,IPP Non-CHP,N,,N,,N,,N,X,,City of San Antonio - (TX),16604,TX,34.5, , ,N,,,,,,X,X,58489,OCI Energy LLC,"OCI Alamo 2, LLC",TX,Bexar,1,Solar Photovoltaic,PV,,S,X,X,,,4.4, ,4.4,4.4, ,N, , ,OP,X,3,2014, , ,N,IPP Non-CHP,2,X,SUN,,,,,,,,,,N,, ,,,,,,,,, , , , , , , , ,,, , , ,, , ,N,,
56769,Consolidated Edison Development Inc.,58717,"OCI Alamo 4, LLC",Ranch to Market Road 334,Brackettville,TX,78837,Kinney,29.33,-100.39,TRE,ERCO,"Electric Reliability Council of Texas, Inc.",,22,NR,2,IPP Non-CHP,N,,Y,14-408,Y,14-78,,,,AEP Texas Central Company,3278,TX,138, , ,N,,,,,,,,56769,Consolidated Edison Development Inc.,"OCI Alamo 4, LLC",TX,Kinney,1,Solar Photovoltaic,PV,,S,X,X,,,39.6, ,39.6,39.6, ,N, , ,OP,X,8,2014, , ,N,IPP Non-CHP,2,X,SUN,,,,,,,,,,N,, ,,,,,,,,, , , , , , , , ,,, , , ,, , ,,,
56545,Pattern Operators LP,58720,Pattern Panhandle Wind 2 LLC,1797 FM 2385,Panhandle,TX,79068,Carson,35.442778,-101.372778,TRE,ERCO,"Electric Reliability Council of Texas, Inc.",,22,NR,2,IPP Non-CHP,N,,N,,N,,N,X,,Cross Texas Transmission,60065,,345, , ,N,,,,,,X,X,56545,Pattern Operators LP,Pattern Panhandle Wind 2 LLC,TX,Carson,1,Onshore Wind Turbine,WT,,S,X,X,,,181.7, ,181.7,181.7,0,N, , ,OP,X,11,2014, , ,N,IPP Non-CHP,2,X,WND,,,,,,,,,,N,,79,,,,,,,,, , , , , , , , ,,, , , ,, , ,,,
49893,Invenergy Services LLC,58765,Miami Wind Energy Center,3096 FM 1268,Miami,TX,79059,Roberts,35.653889,-100.538611,TRE,ERCO,"Electric Reliability Council of Texas, Inc.",,22,NR,2,IPP Non-CHP,N,,N,,N,,N,X,,Cross Texas Transmission,60065,,345, , ,N,,,,,,,,49893,Invenergy Services LLC,Miami Wind Energy Center,TX,Roberts,1,Onshore Wind Turbine,WT,,S,X,X,MIAM1_G1_G2,CROSS TEXAS GRAY COUNTY 345 KV SUBSTATION,288.6, ,288.6,288.6,0,N, , ,OP,X,8,2014, , ,N,IPP Non-CHP,2,X,WND,,,,,,,,,,N,,156,,,,,,,,, , , , , , , , ,,, , , ,, , ,N,,
17650,Southern Power Co,58766,Wake Wind Energy Center,2895 FM 193,Floydada,TX,79235,Crosby,33.825,-101.099722,TRE,ERCO,"Electric Reliability Council of Texas, Inc.",,22,NR,2,IPP Non-CHP,N,,N,,Y,EG15-133-000,N,X,,Wind Energy Transmission Texas LLC,60066,,345, , ,N,,,,,,X,X,17650,Southern Power Co,Wake Wind Energy Center,TX,Crosby,1,Onshore Wind Turbine,WT,,W,X,X,,,257.3, ,257,257,1.7,N, , ,OP,X,10,2016, , ,N,IPP Non-CHP,2,X,WND,,,,,,,,,,N,,150,,,,,,,,, , , , , , , , ,,, , , ,, , ,N,,
66100,Boralex US Operations LLC,58772,Longhorn Wind,120 CR 17,Silverton,TX,79201,Briscoe,34.311111,-101.251111,TRE,ERCO,"Electric Reliability Council of Texas, Inc.",,22,NR,2,IPP Non-CHP,N,,N,,N,,,X,,Sharyland Utilities LP,17008,TX,345, , ,N,,,,,,,,66100,Boralex US Operations LLC,Longhorn Wind,TX,Briscoe,GEN1,Onshore Wind Turbine,WT,,S,X,X,,,200.0, ,200,200,0,N, , ,OP,X,5,2015, , ,N,IPP Non-CHP,2,X,WND,,,,,,,,,,,,100,,,,,,,,, , , , , , , , ,,, , , ,, , ,,,
66100,Boralex US Operations LLC,58773,TX Hereford Wind,4501 FM 1259,Hereford,TX,88116,Deaf Smith,34.748056,-102.174444,TRE,ERCO,"Electric Reliability Council of Texas, Inc.",,22,NR,2,IPP Non-CHP,N,,N,,N,,,X,,Sharyland Utilities LP,17008,TX,345, , ,N,,,,,,,,66100,Boralex US Operations LLC,TX Hereford Wind,TX,Deaf Smith,GEN1,Onshore Wind Turbine,WT,,S,X,X,,,200.0, ,200,200,0,N, , ,OP,X,12,2014, , ,N,IPP Non-CHP,2,X,WND,,,,,,,,,,N,,87,,,,,,,,, , , , , , , , ,,, , , ,, , ,,,
57170,"EDF Renewable Asset Holdings, Inc.",58774,Spinning Spur Wind II,6899 Windy Way Road,Adrian,TX,79001,Oldham,35.276944,-102.682778,TRE,ERCO,"Electric Reliability Council of Texas, Inc.",,22,NR,2,IPP Non-CHP,N,,N,,N,,,X,,Sharyland Utilities LP,17008,TX,345, , ,N,,,,,,,,57170,"EDF Renewable Asset Holdings, Inc.",Spinning Spur Wind II,TX,Oldham,GEN1,Onshore Wind Turbine,WT,,S,X,X,,,161.0, ,161,161,0,N, , ,OP,X,7,2014, , ,N,IPP Non-CHP,2,X,WND,,,,,,,,,,N,,85,,,,,,,,, , , , , , , , ,,, , , ,, , ,,,
66100,Boralex US Operations LLC,58775,Spinning Spur Wind III,6899 Windy Way Road,Adrian,TX,79001,Oldham,35.295,-102.721111,TRE,ERCO,"Electric Reliability Council of Texas, Inc.",,22,NR,2,IPP Non-CHP,N,,N,,N,,,X,,Sharyland Utilities LP,17008,TX,345, , ,N,,,,,,,,66100,Boralex US Operations LLC,Spinning Spur Wind III,TX,Oldham,GEN1,Onshore Wind Turbine,WT,,S,X,X,,,194.0, ,194,194,0,N, , ,OP,X,9,2015, , ,N,IPP Non-CHP,2,X,WND,,,,,,,,,,N,,97,,,,,,,,, , , , , , , , ,,, , , ,, , ,,,
7349,"Golden Spread Electric Cooperative, Inc",58835,Elk Station,1454 CR 315,Abernathy,TX,79311,Hale,33.865,-101.843333,MRO,SWPP,Southwest Power Pool,,22,RE,1,Electric Utility,N,,N,,N,,,X,,Southwestern Public Service Co,17718,TX,345, , ,N,,NORTHERN NATURAL GAS,,,,N,,7349,"Golden Spread Electric Cooperative, Inc",Elk Station,TX,Hale,ELK1,Natural Gas Fired Combustion Turbine,GT,,S,X,X,,,199.8,0.85,195.8,202,85,N, , ,OP,X,6,2015, , ,N,Electric Utility,1,X,NG,,,,,,,,,,N,, ,1H,,,,,,,, , , , , , , , ,,, , , ,, , ,N,N,N
62969,"Keechi Wind, LLC",58838,Keechi Wind,3601 FM 4,Jacksboro,TX,76458,Jack,33.143056,-98.161111,TRE,ERCO,"Electric Reliability Council of Texas, Inc.",,22,NR,2,IPP Non-CHP,N,,N,,N,,N,X,,Brazos Electric Power Coop Inc,2172,,138, , ,N,,,,,,N,X,62969,"Keechi Wind, LLC",Keechi Wind,TX,Jack,KW1,Onshore Wind Turbine,WT,,S,X,X,ERCOT Bus #562,ERCOT Bus #562,110.0, ,110,110,0,N, , ,OP,X,1,2015, , ,N,IPP Non-CHP,2,X,WND,,,,,,,,,,N,N,55,,,,,,,,, , , , , , , , ,,, , , ,N, , ,N,,
58749,PCI Nitrogen LLC,58870,Rentech Nitrogen Pasadena Cogeneration,2001 Jackson Road,Pasadena,TX,77506,Harris,29.739444,-95.194722,TRE,ERCO,"Electric Reliability Council of Texas, Inc.",Municipality,22,NR,3,IPP CHP,Y,QF14-571-001.,N,,N,,N,X,,CenterPoint Energy,8901,TX,69, , ,N,,,,,,N,,58749,PCI Nitrogen LLC,Rentech Nitrogen Pasadena Cogeneration,TX,Harris,MG202,All Other,ST,,S,X,X,,,15.4,0.85,14,14.2,4.2,N, , ,OP,X,3,2015, , ,Y,IPP CHP,3,B,WH,,,,,,WH,,,,N,N, ,1H,,,,,N,,N, , , , , , , , ,,, , , ,, , ,N,N,N
58811,Ameresco Dallas LLC,58946,Ameresco Dallas LLC,10011 Log Cabin Road,Dallas,TX,75253,Dallas,32.648611,-96.644444,TRE,ERCO,"Electric Reliability Council of Texas, Inc.",,22,NR,2,IPP Non-CHP,N,,Y,QF12-295-000,N,,N,X,,Oncor Electric Delivery Company LLC,44372,TX,13.8, , ,N,,,,,,N,X,58811,Ameresco Dallas LLC,Ameresco Dallas LLC,TX,Dallas,ENG1,Landfill Gas,IC,,S,X,X,,,1.4,1,1.4,1.4,0.7,N, , ,OP,X,2,2011, , ,N,IPP Non-CHP,2,X,LFG,,,,,,,,,,N,N, ,10M,,,,,,,, , , , , , , , ,,, , , ,, , ,N,N,N
59359,"BHE Renewables, LLC",59005,Mariah del Norte,2145 County Rd E,Friona,TX,79035,Parmer,34.6675,-102.577778,TRE,ERCO,"Electric Reliability Council of Texas, Inc.",,22,NR,2,IPP Non-CHP,N,,N,,Y,16-113-000,N,X,,Oncor Electric Delivery Company LLC,44372,TX,345, , ,N,,,,,,X,X,59359,"BHE Renewables, LLC",Mariah del Norte,TX,Parmer,MAR1,Onshore Wind Turbine,WT,,S,X,X,MARIAH_ALL,MARIAH_ALL,230.4, ,230.4,230.4,1,N, , ,OP,X,11,2016, , ,N,IPP Non-CHP,2,X,WND,,,,,,,,,,N,N,96,,,,,,,,, , , , , , , , ,,, , , ,, , ,N,,
58872,Shannon Wind LLC,59034,Shannon Wind,4130 Cobb Road,Windhorst,TX,76389,Clay,33.509722,-98.360833,TRE,ERCO,"Electric Reliability Council of Texas, Inc.",,22,NR,2,IPP Non-CHP,N,,N,,Y,EG14-58-000,N,X,,Oncor Electric Delivery Company LLC,44372,TX,345, , ,N,,,,,,X,X,58872,Shannon Wind LLC,Shannon Wind,TX,Clay,SHAN1,Onshore Wind Turbine,WT,,S,X,X,,,204.0, ,204,204,0.3,N, , ,OP,X,12,2015, , ,N,IPP Non-CHP,2,X,WND,,,,,,,,,,N,N,119,,,,,,,,, , , , , , , , ,,, , , ,, , ,N,,
56215,"Big Sky Wind, LLC",59063,Stella Wind Farm,1238 E. Turcotte Rd.,Armstrong,TX,78338,Kenedy,26.941667,-97.6425,TRE,ERCO,"Electric Reliability Council of Texas, Inc.",,22,NR,2,IPP Non-CHP,N,,N,,Y,18-72,N,X,,AEP Texas Central Company,3278,TX,345, , ,N,,,,,,N,X,56215,"Big Sky Wind, LLC",Stella Wind Farm,TX,Kenedy,WT1,Onshore Wind Turbine,WT,,S,X,X,,,201.0, ,201,201,0,N, , ,OP,X,12,2018, , ,N,IPP Non-CHP,2,X,WND,,,,,,,,,,N,N,67,,,,,,,,, , , , , , , , ,,, , , ,, , ,N,,
56215,"Big Sky Wind, LLC",59066,Bruennings Breeze Wind Farm,382 W. Main St,Raymondville,TX,78580,Willacy,26.522222,-97.691111,TRE,ERCO,"Electric Reliability Council of Texas, Inc.",,22,NR,2,IPP Non-CHP,N,,N,,Y,17-75,N,X,,AEP Texas Central Company,3278,TX,345, , ,N,,,,,,N,X,56215,"Big Sky Wind, LLC",Bruennings Breeze Wind Farm,TX,Willacy,MVII,Onshore Wind Turbine,WT,,S,X,X,"BBREEZE_UNIT1, BBREEZE_UNIT2","BBREEZE_UNIT1, BBREEZE_UNIT2",228.0, ,228,228,0,N, , ,OP,X,12,2017, , ,N,IPP Non-CHP,2,X,WND,,,,,,,,,,N,N,76,,,,,,,,, , , , , , , , ,,, , , ,, , ,N,,
56215,"Big Sky Wind, LLC",59068,"Colbeck's Corner, LLC",2506 County Road 5,Groom,TX,79068,Carson,35.254184,-101.186622,TRE,ERCO,"Electric Reliability Council of Texas, Inc.",,22,NR,2,IPP Non-CHP,N,,N,,Y,15-125,N,X,,Oncor Electric Delivery Company LLC,44372,TX,345, , ,N,,,,,,N,X,56215,"Big Sky Wind, LLC","Colbeck's Corner, LLC",TX,Carson,GVII,Onshore Wind Turbine,WT,,S,X,X,GRANDVW1_A_B,GRANDVW1_A_B,200.0, ,200,200,0,N, , ,OP,X,5,2016, , ,N,IPP Non-CHP,2,X,WND,,,,,,,,,,N,N,112,,,,,,,,, , , , , , , , ,,, , , ,, , ,N,,
58939,Cameron Wind 1 LLC,59118,Cameron Wind 1 LLC,25005 FM 1847 B,Rio Hondo,TX,78583,Cameron,26.195278,-97.466111,TRE,ERCO,"Electric Reliability Council of Texas, Inc.",,22,NR,2,IPP Non-CHP,N,,N,,Y,15-79-000,N,X,,"South Texas Electric Coop, Inc",17583,TX,138, , ,Y,,,,,,N,X,58939,Cameron Wind 1 LLC,Cameron Wind 1 LLC,TX,Cameron,CAM1,Onshore Wind Turbine,WT,,S,X,X,,,165.0, ,165,165,55,N, , ,OP,X,12,2015, , ,N,IPP Non-CHP,2,X,WND,,,,,,,,,,N,N,55,,,,,,,,, , , , , , , , ,,, , , ,, , ,N,,
58959,Freeport LNG Development L.P,59145,Freeport LP Pretreatment Facility,CR 690 and CR 891,Freeport,TX,77541,Brazoria,28.979167,-95.306944,TRE,ERCO,"Electric Reliability Council of Texas, Inc.",,211,NR,7,Industrial CHP,N,,N,,N,,N,X,,CenterPoint Energy,8901,TX,138, , ,N,,KINDER MORGAN NORTH TEXAS PL,GULF SOUTH PIPELINE COMPANY LP,ENBRIDGE PIPELINES EAST TEXAS,,N,N,58959,Freeport LNG Development L.P,Freeport LP Pretreatment Facility,TX,Brazoria,65GTG,Natural Gas Fired Combustion Turbine,GT,,S,X,X,,,87.0,0.9,70,87,56,N, , ,OP,X,9,2019, , ,Y,Industrial CHP,7,T,NG,,,,,,,,,,N,,0,1H,,,,,,,, , , , , , , , ,,, , , ,, , ,N,,
58998,Chapman Ranch Wind LLC,59193,Chapman Ranch Wind I,1070 County Road 55,Corpus Christi,TX,78415,Nueces,27.5925,-97.500833,TRE,ERCO,"Electric Reliability Council of Texas, Inc.",,22,NR,2,IPP Non-CHP,N,,N,,Y,15-111-000,N,X,,AEP Texas Central Company,3278,TX,138, , ,N,,,,,,X,X,58998,Chapman Ranch Wind LLC,Chapman Ranch Wind I,TX,Nueces,CHA1,Onshore Wind Turbine,WT,,S,X,X,,,236.0, ,249,249,0,N, , ,OP,X,10,2017, , ,N,IPP Non-CHP,2,X,WND,,,,,,,,,,N,N,81,,,,,,,,, , , , , , , , ,,, , , ,, , ,N,,
56769,Consolidated Edison Development Inc.,59204,OCI Alamo 3 LLC,12065 E Loop 1604,San Antonio,TX,78109,Bexar,29.479167,-98.297222,TRE,ERCO,"Electric Reliability Council of Texas, Inc.",,22,NR,2,IPP Non-CHP,N,,Y,15-123,N,,,,,City of San Antonio - (TX),16604,TX,34.5, , ,N,,,,,,,,56769,Consolidated Edison Development Inc.,OCI Alamo 3 LLC,TX,Bexar,OCIA3,Solar Photovoltaic,PV,,S,X,X,,,5.5, ,5.5,5.5, ,N, , ,OP,X,1,2015, , ,N,IPP Non-CHP,2,X,SUN,,,,,,,,,,,, ,,,,,,,,, , , , , , , , ,,, , , ,, , ,,,
56769,Consolidated Edison Development Inc.,59205,OCI Alamo 5 LLC,5061 Farm to Market 1023,Uvalde,TX,78801,Uvalde,29.216667,-99.716111,TRE,ERCO,"Electric Reliability Council of Texas, Inc.",,22,NR,2,IPP Non-CHP,N,,N,,Y,15-132,,,,"South Texas Electric Coop, Inc",17583,TX,138, , ,N,,,,,,,,56769,Consolidated Edison Development Inc.,OCI Alamo 5 LLC,TX,Uvalde,OCIA5,Solar Photovoltaic,PV,,S,X,X,,,100.0, ,100,100, ,N, , ,OP,X,12,2015, , ,N,IPP Non-CHP,2,X,SUN,,,,,,,,,,,, ,,,,,,,,, , , , , , , , ,,, , , ,, , ,,,
59359,"BHE Renewables, LLC",59206,Alamo 6,1401 Nevill Cutoff Road,Fort Stockton,TX,79735,Pecos,30.993056,-102.270833,TRE,ERCO,"Electric Reliability Council of Texas, Inc.",,22,NR,2,IPP Non-CHP,N,,N,,N,,N,X,,Lower Colorado River Authority,11269,,138, , ,N,,,,,,X,X,59359,"BHE Renewables, LLC",Alamo 6,TX,Pecos,OCIA6,Solar Photovoltaic,PV,,S,X,X,,,105.0, ,116,116, ,N, , ,OP,X,3,2017, , ,N,IPP Non-CHP,2,X,SUN,,,,,,,,,,N,N, ,,,,,,,,, , , , , , , , ,,, , , ,, , ,N,,
56769,Consolidated Edison Development Inc.,59207,OCI Alamo 7 LLC,11180 Loop Rd,Haskell,TX,79521,Haskell,33.04,-99.5525,TRE,ERCO,"Electric Reliability Council of Texas, Inc.",,22,NR,2,IPP Non-CHP,N,,N,,Y,16-17,,,,AEP Texas North Company,20404,TX,138, , ,N,,,,,,,,56769,Consolidated Edison Development Inc.,OCI Alamo 7 LLC,TX,Haskell,OCIA7,Solar Photovoltaic,PV,,S,X,X,,,100.0, ,100,100, ,N, , ,OP,X,8,2016, , ,N,IPP Non-CHP,2,X,SUN,,,,,,,,,,,, ,,,,,,,,, , , , , , , , ,,, , , ,, , ,,,
57170,"EDF Renewable Asset Holdings, Inc.",59238,Windthorst-2,3885 Loftin Road,Archer,TX,76389,Archer,33.495278,-98.5,TRE,ERCO,"Electric Reliability Council of Texas, Inc.",,22,NR,2,IPP Non-CHP,N,,N,,Y,14-29-000,N,X,,Brazos Electric Power Coop Inc,2172,,69, , ,N,,,,,,,,57170,"EDF Renewable Asset Holdings, Inc.",Windthorst-2,TX,Archer,WND2,Onshore Wind Turbine,WT,,J,X,X,,,67.6, ,67.6,67.6,0,N, , ,OP,X,9,2014, , ,N,IPP Non-CHP,2,X,WND,,,,,,,,,,,,28,,,,,,,,, , , , , , , , ,,, , , ,, , ,,,
61133,"Lorenzo Wind, LLC",59244,Lorenzo Wind,608 County Road 125,Lorenzo,TX,79343,Crosby,33.699167,-101.524722,MRO,SWPP,Southwest Power Pool,,22,NR,2,IPP Non-CHP,N,,Y,14-480-000,N,,,X,,Southwestern Public Service Co,17718,TX,115, , ,N,,,,,,,,61133,"Lorenzo Wind, LLC",Lorenzo Wind,TX,Crosby,FIBE1,Onshore Wind Turbine,WT,,S,X,X,,,80.0, ,80,80,3,N, , ,OP,X,12,2018, , ,N,IPP Non-CHP,2,X,WND,,,,,,,,,,,,29,,,,,,,,, , , , , , , , ,,, , , ,, , ,,,
67080,TC Energy,59245,Fluvanna,14925 County Road 2224,Fluvanna,TX,79517,Scurry,32.931944,-101.143611,TRE,ERCO,"Electric Reliability Council of Texas, Inc.",,22,NR,2,IPP Non-CHP,N,,N,,N,,N,X,,Oncor Electric Delivery Company LLC,44372,TX,138, , ,N,,,,,,X,X,67080,TC Energy,Fluvanna,TX,Scurry,FLUV1,Onshore Wind Turbine,WT,,W,X,X,,,155.4, ,155.4,155.4,0,N, , ,OP,X,11,2017, , ,N,IPP Non-CHP,2,X,WND,,,,,,,,,,N,N,74,,,,,,,,, , , , , , , , ,,, , , ,, , ,N,,
65226,"FGE Goodnight I, LLC",59246,Goodnight,4690 HWY 207,Claude,TX,79019,Armstrong,35.093889,-101.326111,TRE,ERCO,"Electric Reliability Council of Texas, Inc.",,22,NR,2,IPP Non-CHP,N,,N,,N,,N,X,,Oncor Electric Delivery Company LLC,44372,TX,34,345, ,N,,,,,,X,X,65226,"FGE Goodnight I, LLC",Goodnight,TX,Armstrong,GOOD1,Onshore Wind Turbine,WT,,S,X,X,ERCOT Panhandle,ERCOT Panhandle,265.5,0.98,265.5,265.5, ,N, , ,OP,X,4,2024, , ,N,IPP Non-CHP,2,X,WND,,,,,,,,,,N,N,59,10M,,,,,,,, , , , , , , , ,,, , , ,, , ,N,,
17718,Southwestern Public Service Co,59247,Hale Community Wind Farm,TBD,Plainview,TX,79072,Hale,33.927778,-101.742222,MRO,SWPP,Southwest Power Pool,,22,RE,1,Electric Utility,N,,N,,N,,N,X,,Southwestern Public Service Co,17718,TX,240, , ,N,,,,,,X,X,17718,Southwestern Public Service Co,Hale Community Wind Farm,TX,Hale,HALE1,Onshore Wind Turbine,WT,,S,X,X,,,478.0, ,128,107,1,N, , ,OP,X,6,2019, , ,N,Electric Utility,1,X,WND,,,,,,,,,,,,239,,,,,,,,, , , , , , , , ,,, , , ,, , ,,,
65411,Duke Energy Renewables Services,59320,Los Vientos Windpower III,200 FM 490,Rio Grande City,TX,78582,Starr,26.388611,-98.806111,TRE,ERCO,"Electric Reliability Council of Texas, Inc.",,22,NR,2,IPP Non-CHP,N,,N,,N,,N,X,,AEP Texas Central Company,3278,TX,138, , ,N,,,,,,,,65411,Duke Energy Renewables Services,Los Vientos Windpower III,TX,Starr,GEN1,Onshore Wind Turbine,WT,,W,X,X,ERCOT,,200.0, ,200,200,0.1,N, , ,OP,X,4,2015, , ,N,IPP Non-CHP,2,X,WND,,,,,,,,,,,,100,,,,,,,,, , , , , , , , ,,, , , ,, , ,,,
65411,Duke Energy Renewables Services,59321,Los Vientos Windpower IV,200 FM 490,Rio Grande City,TX,78582,Starr,26.380556,-98.818333,TRE,ERCO,"Electric Reliability Council of Texas, Inc.",,22,NR,2,IPP Non-CHP,N,,N,,N,,N,X,,AEP Texas Central Company,3278,TX,345, , ,N,,,,,,,,65411,Duke Energy Renewables Services,Los Vientos Windpower IV,TX,Starr,GEN1,Onshore Wind Turbine,WT,,W,X,X,ERCOT,,200.0, ,200,200,26,N, , ,OP,X,7,2016, , ,N,IPP Non-CHP,2,X,WND,,,,,,,,,,,,100,,,,,,,,, , , , , , , , ,,, , , ,, , ,N,,
65411,Duke Energy Renewables Services,59332,Mesquite Creek Wind,2412 County Road W,Lamesa,TX,79331,Dawson,32.7,-101.741111,TRE,ERCO,"Electric Reliability Council of Texas, Inc.",,22,NR,2,IPP Non-CHP,N,,N,,N,,,X,,Wind Energy Transmission Texas LLC,60066,,345, , ,N,,,,,,,,65411,Duke Energy Renewables Services,Mesquite Creek Wind,TX,Dawson,MSCRK,Onshore Wind Turbine,WT,,W,X,X,,,211.2, ,211.2,211.2,0,N, , ,OP,X,4,2015, , ,N,IPP Non-CHP,2,X,WND,,,,,,,,,,N,N,118,,,,,,,,, , , , , , , , ,,, , , ,, , ,N,,
59157,The Methodist Hospital,59381,"The Methodist Hospital, Gas Turbine",6565 Fannin Street,Houston,TX,77030,Harris,29.709444,-95.400278,TRE,ERCO,"Electric Reliability Council of Texas, Inc.",,622,NR,5,Commercial CHP,N,,N,,N,,N,X,,CenterPoint Energy,8901,TX,4.16, , ,N,CENTERPOINT ENERGY,CENTERPOINT ENERGY INTRASTATE PL LLC,,,,X,X,59157,The Methodist Hospital,"The Methodist Hospital, Gas Turbine",TX,Harris,GT-1,Natural Gas Fired Combustion Turbine,GT,,S,X,X,,,5.0,0.8,3,4,2.3,N, , ,OP,X,2,2010, , ,Y,Commercial CHP,5,T,NG,,,,,,NG,,,,N,N, ,1H,,,,,,,, , , , , , , , ,,, , , ,, , ,N,N,N
59155,"Evergreen Wind, LLC",59384,South Plains Wind Phase I,1700 State Highway 207,Floydada,TX,79241,Floyd,34.080556,-101.323611,TRE,ERCO,"Electric Reliability Council of Texas, Inc.",,22,NR,2,IPP Non-CHP,N,,N,,N,,N,X,,Sharyland Utilities LP,17008,TX,345, , ,N,,,,,,,,59155,"Evergreen Wind, LLC",South Plains Wind Phase I,TX,Floyd,1,Onshore Wind Turbine,WT,,S,X,X,,,200.0, ,200,200,0,N, , ,OP,X,11,2015, , ,N,IPP Non-CHP,2,X,WND,,,,,,,,,,,,100,,,,,,,,, , , , , , , , ,,, , , ,, , ,,,
17583,"South Texas Electric Coop, Inc",59391,Red Gate Power Plant,23601 W FM490,Edinburg,TX,78541,Hidalgo,26.451111,-98.1775,TRE,ERCO,"Electric Reliability Council of Texas, Inc.",Wells,22,RE,1,Electric Utility,N,,N,,N,,N,X,,AEP Texas Central Company,3278,TX,138, , ,N,,NET MEXICO PIPELINE,,,"Served off a ~26 mile lateral connected to the Net Mexico Pipeline.  The ""Red Gate Pipeline"" lateral is also owned and operated by Kinder Morgan Tejas Pipeline LLC",N,,17583,"South Texas Electric Coop, Inc",Red Gate Power Plant,TX,Hidalgo,ENG01,Natural Gas Internal Combustion Engine,IC,,S,X,X,REDGATE_ALL,,18.7,0.9,18.3,18.3,7.5,N, , ,OP,X,12,2016, , ,N,Electric Utility,1,X,NG,,,,,,,,,,N,N, ,12H,,,,,,,, , , , , , , , ,,, , , ,, , ,N,N,N
59180,Newman Solar LLC,59407,Newman Solar,4920 Stan Roberts Senior Ave,El Paso,TX,79934,El Paso,31.978333,-106.4275,WECC,EPE,El Paso Electric Company,,22,NR,2,IPP Non-CHP,N,,Y,QF14-708-000,N,,N,X,,El Paso Electric Co,5701,TX,13.8, , ,N,,,,,,,,59180,Newman Solar LLC,Newman Solar,TX,El Paso,NEW1,Solar Photovoltaic,PV,,S,X,X,,,10.5, ,10.3,10.3, ,N, , ,OP,X,12,2014, , ,N,IPP Non-CHP,2,X,SUN,,,,,,,,,,,, ,,,,,,,,, , , , , , , , ,,, , , ,, , ,,,
59188,Pleasant Hill Wind Energy LLC,59417,Pleasant Hill Wind Energy Project,597 FM 1471,Lorenzo,TX,79343,Crosby,33.738889,-101.485,MRO,SWPP,Southwest Power Pool,,22,NR,2,IPP Non-CHP,N,,Y,QF14-295-000,N,,N,X,,South Plains Electric Coop Inc,17561,TX,69, , ,N,,,,,,X,X,59188,Pleasant Hill Wind Energy LLC,Pleasant Hill Wind Energy Project,TX,Crosby,WT1,Onshore Wind Turbine,WT,,S,X,X,,,20.0, ,20,20,0,N, , ,OP,X,10,2015, , ,N,IPP Non-CHP,2,X,WND,,,,,,,,,,N,,11,,,,,,,,, , , , , , , , ,,, , , ,, , ,,,
56545,Pattern Operators LP,59442,Logans Gap Wind LLC,2011 CR 207,Comanche,TX,76442,Comanche,31.8225,-98.690556,TRE,ERCO,"Electric Reliability Council of Texas, Inc.",,22,NR,2,IPP Non-CHP,N,,N,,N,,N,X,,Oncor Electric Delivery Company LLC,44372,TX,138, , ,N,,,,,,X,X,56545,Pattern Operators LP,Logans Gap Wind LLC,TX,Comanche,1,Onshore Wind Turbine,WT,,W,X,X,,,200.1, ,200.1,200.1,0.1,N, , ,OP,X,8,2015, , ,N,IPP Non-CHP,2,X,WND,,,,,,,,,,,,87,,,,,,,,, , , , , , , , ,,, , , ,, , ,,,
59238,Palo Duro Wind,59475,Palo Duro Wind,14535 FM 1267,Perryton,TX,79070,Ochiltree,36.243889,-101.001389,MRO,SWPP,Southwest Power Pool,,22,NR,2,IPP Non-CHP,N,,N,,N,,,X,,Oklahoma Gas & Electric Co,14063,OK,345, , ,N,,,,,,,,59238,Palo Duro Wind,Palo Duro Wind,TX,Ochiltree,GE1.7,Onshore Wind Turbine,WT,,S,X,X,,,249.9, ,249.9,249.9,0,N, , ,OP,X,12,2014, , ,N,IPP Non-CHP,2,X,WND,,,,,,,,,,,,147,,,,,,,,, , , , , , , , ,WT,WND,200.9,6,2025,N, , ,,,
59871,"TX Jumbo Road Wind, LLC",59621,TX Jumbo Road Wind,1600 County Road 603,Hereford,TX,79045,Deaf Smith,34.72,-102.253333,TRE,ERCO,"Electric Reliability Council of Texas, Inc.",,22,NR,2,IPP Non-CHP,N,,N,,N,,N,X,,Oncor Electric Delivery Company LLC,44372,TX,345, , ,N,,,,,,X,X,59871,"TX Jumbo Road Wind, LLC",TX Jumbo Road Wind,TX,Deaf Smith,JRWND,Onshore Wind Turbine,WT,,S,X,X,,,299.7, ,299.7,299.7,1,N, , ,OP,X,4,2015, , ,N,IPP Non-CHP,2,X,WND,,,,,,,,,,N,N,162,,,,,,,,, , , , , , , , ,,, , , ,, , ,N,,
59414,"Nelson Gardens Energy, LLC",59649,Nelson Gardens Landfill Gas to Energy,"8963 Nelson Road, Building #5",San Antonio,TX,78252,Bexar,29.33,-98.66,TRE,ERCO,"Electric Reliability Council of Texas, Inc.",,22,NR,2,IPP Non-CHP,N,,N,,N,,N,X,,City of San Antonio - (TX),16604,TX,13.2, , ,N,,,,,,X,X,59414,"Nelson Gardens Energy, LLC",Nelson Gardens Landfill Gas to Energy,TX,Bexar,UNIT1,Landfill Gas,IC,,S,X,X,,,1.1,1,1.1,1.1,0.5,N, , ,OP,X,4,2014, , ,N,IPP Non-CHP,2,X,LFG,,,,,,,,,,N,N, ,10M,,,,,,,, , , , , , , , ,,, , , ,N, , ,N,N,N
59428,"Sendero Wind Energy, LLC",59654,Sendero,565 FM 649,Hebbronville,TX,78361,Jim Hogg,27.18,-98.916667,TRE,ERCO,"Electric Reliability Council of Texas, Inc.",,22,NR,2,IPP Non-CHP,N,,Y,16-169-000,N,,N,,,AEP Texas Central Company,3278,TX,138, , ,N,,,,,,X,X,59428,"Sendero Wind Energy, LLC",Sendero,TX,Jim Hogg,1,Onshore Wind Turbine,WT,,S,X,X,EXGNSND_WIND_1,EXGNSND_WIND_1,78.0, ,78,78,0.8,N, , ,OP,X,12,2015, , ,N,IPP Non-CHP,2,X,WND,,,,,,,,,,,N,39,,,,,,,,, , , , , , , , ,,, , , ,N, , ,N,,
57416,"Acciona Energy USA Global, LLC",59712,"San Roman Wind I, LLC",31304 - 31664 San Ramon Rd,Los Fresnos,TX,78566,Cameron,26.125979,-97.377599,TRE,ERCO,"Electric Reliability Council of Texas, Inc.",,22,NR,2,IPP Non-CHP,N,,N,,N,,N,X,,AEP Texas Central Company,3278,TX,138, , ,N,,,,,,X,X,57416,"Acciona Energy USA Global, LLC","San Roman Wind I, LLC",TX,Cameron,SRWI,Onshore Wind Turbine,WT,,S,X,X,,,95.3, ,95.3,95.3,0,N, , ,OP,X,2,2017, , ,N,IPP Non-CHP,2,X,WND,,,,,,,,,,N,N,31,,,,,,,,, , , , , , , , ,,, , , ,, , ,N,,
59501,"Green Pastures Wind I, LLC",59732,Green Pastures Wind I,4278 CR 140,Seymour,TX,76380,Baylor,33.628222,-99.411169,TRE,ERCO,"Electric Reliability Council of Texas, Inc.",,22,NR,2,IPP Non-CHP,N,,N,,N,,N,X,,AEP Texas North Company,20404,TX,345, , ,N,,,,,,X,X,59501,"Green Pastures Wind I, LLC",Green Pastures Wind I,TX,Baylor,GPI,Onshore Wind Turbine,WT,,W,X,X,,,150.0, ,150,150,1,N, , ,OP,X,4,2015, , ,N,IPP Non-CHP,2,X,WND,,,,,,,,,,N,,50,,,,,,,,, , , , , , , , ,,, , , ,, , ,N,,
59502,"Green Pastures Wind II, LLC",59733,Green Pastures Wind II,4278 CR 140,Seymour,TX,76380,Knox,33.645964,-99.532944,TRE,ERCO,"Electric Reliability Council of Texas, Inc.",,22,NR,2,IPP Non-CHP,N,,N,,N,,N,X,,AEP Texas North Company,20404,TX,345, , ,N,,,,,,X,X,59502,"Green Pastures Wind II, LLC",Green Pastures Wind II,TX,Knox,GPII,Onshore Wind Turbine,WT,,W,X,X,,,150.0, ,150,150,1,N, , ,OP,X,10,2015, , ,N,IPP Non-CHP,2,X,WND,,,,,,,,,,N,N,50,,,,,,,,, , , , , , , , ,,, , , ,, , ,,,
65757,"Briscoe Wind Farm, LLC",59734,Briscoe Wind Farm,9947 County Road F,Silverton,TX,79257,Briscoe,34.432267,-101.237233,TRE,ERCO,"Electric Reliability Council of Texas, Inc.",,22,NR,2,IPP Non-CHP,N,,N,,N,,N,,,AEP Texas North Company,20404,TX,345, , ,N,,,,,,X,X,65757,"Briscoe Wind Farm, LLC",Briscoe Wind Farm,TX,Briscoe,BFW,Onshore Wind Turbine,WT,,S,X,X,,,150.0, ,150,150,1,N, , ,OP,X,10,2015, , ,N,IPP Non-CHP,2,X,WND,,,,,,,,,,N,N,81,,,,,,,,, , , , , , , , ,,, , , ,, , ,,,
6035,"Constellation Power, Inc",59812,Wolf Hollow II,8787 Wolf Hollow Court,Granbury,TX,76048,Hood,32.337679,-97.734612,TRE,ERCO,"Electric Reliability Council of Texas, Inc.",,22,NR,2,IPP Non-CHP,N,,N,,Y,17-19-000,N,,,Oncor Electric Delivery Company LLC,44372,TX,345, , ,N,,ENERGY TRANSFER FUEL LP,WORSHAM-STEED GAS STORAGE LLC,,,N,X,6035,"Constellation Power, Inc",Wolf Hollow II,TX,Hood,CGT4,Natural Gas Fired Combined Cycle,CT,BLK2,S,X,Y,WHCCS2_4,WHCCS2_4,360.0,0.9,327.8,353.3,113,N, , ,OP,X,6,2017, , ,N,IPP Non-CHP,2,X,NG,,,,,,,,,,N,N, ,12H,,,,,,,, , , , , , , , ,,, , , ,N, , ,N,N,N
59698,"Sky Global Power One Pledgor, LLC",59938,Sky Global Power One,3217 US 90A Hwy,Rock Island,TX,77470,Colorado,29.550278,-96.537778,TRE,ERCO,"Electric Reliability Council of Texas, Inc.",,22,NR,2,IPP Non-CHP,N,,N,,N,,N,X,,"South Texas Electric Coop, Inc",17583,,138, , ,N,,KINDER MORGAN TEXAS PIPELINE LLC,,,,N,X,59698,"Sky Global Power One Pledgor, LLC",Sky Global Power One,TX,Colorado,UNIT1,Natural Gas Internal Combustion Engine,IC,,S,X,X,,,8.5,0.9,8.3,8.4,4.3,N, , ,OP,X,5,2016, , ,N,IPP Non-CHP,2,X,NG,,,,,,NG,,,,,N, ,10M,,,,,,,, , , , , , , , ,,, , , ,, , ,N,N,N
59139,SunEdison LLC,59943,Rattlesnake Den,151 CR170,Garden City,TX,79739,Glasscock,31.74325,-101.493407,TRE,ERCO,"Electric Reliability Council of Texas, Inc.",,22,NR,2,IPP Non-CHP,N,,N,,N,,N,X,,Wind Energy Transmission Texas LLC,60066,,345, , ,N,,,,,,,,59139,SunEdison LLC,Rattlesnake Den,TX,Glasscock,1,Onshore Wind Turbine,WT,,S,X,X,RSK_RN,ERCOT West 345KV hub,207.2, ,207.2,207.2,0,N, , ,OP,X,7,2015, , ,N,IPP Non-CHP,2,X,WND,,,,,,,,,,N,N,118,,,,,,,,, , , , , , , , ,,, , , ,, , ,N,,
63428,"Bearkat Wind Energy 1, LLC",59972,Bearkat,11045 State Hwy 137,St. Lawrence,TX,79739,Glasscock,31.727237,-101.582,TRE,ERCO,"Electric Reliability Council of Texas, Inc.",,22,NR,2,IPP Non-CHP,N,,N,,Y,17-120-000,N,X,,Wind Energy Transmission Texas LLC,60066,,345, , ,N,,,,,,N,X,63428,"Bearkat Wind Energy 1, LLC",Bearkat,TX,Glasscock,BRKAT,Onshore Wind Turbine,WT,,S,X,X,,,196.7, ,196.7,196.7,0,N, , ,OP,X,2,2018, , ,N,IPP Non-CHP,2,X,WND,,,,,,,,,,N,N,57,,,,,,,,, , , , , , , , ,,, , , ,N, , ,N,,
17650,Southern Power Co,59994,RE Roserock,293 Mendal Road,Fort Stockton,TX,79735,Pecos,30.960209,-103.306662,TRE,ERCO,"Electric Reliability Council of Texas, Inc.",,22,NR,2,IPP Non-CHP,N,,N,,Y,EG15-43-000,N,,,AEP Texas North Company,20404,TX,138, , ,N,,,,,,X,X,17650,Southern Power Co,RE Roserock,TX,Pecos,ROSEK,Solar Photovoltaic,PV,,W,X,X,,,160.0, ,157.5,157.5, ,N, , ,OP,X,11,2016, , ,N,IPP Non-CHP,2,X,SUN,,,,,,,,,,,, ,,,,,,,,, , , , , , , , ,,, , , ,, , ,N,,
59777,"Buckthorn Westex, LLC",60044,Buckthorn Westex,Texas rt. 18,Ft. Stockton,TX,79735,Pecos,30.57552,-102.551292,TRE,ERCO,"Electric Reliability Council of Texas, Inc.",,22,NR,2,IPP Non-CHP,N,,N,,N,,N,,,AEP Texas North Company,20404,TX,138, , ,N,,,,,,,,59777,"Buckthorn Westex, LLC",Buckthorn Westex,TX,Pecos,BKTH1,Solar Photovoltaic,PV,,S,X,X,,,154.0, ,154,154, ,N, , ,OP,X,5,2018, , ,N,IPP Non-CHP,2,X,SUN,,,,,,,,,,,, ,,,,,,,,, , , , , , , , ,,, , , ,, , ,,,
65411,Duke Energy Renewables Services,60059,Los Vientos V Wind Power,222 FM 490,Rio Grande City,TX,78582,Starr,26.411689,-98.571554,TRE,ERCO,"Electric Reliability Council of Texas, Inc.",,22,NR,2,IPP Non-CHP,N,,N,,N,,,,,AEP Texas Central Company,3278,TX,138, , ,N,,,,,,,,65411,Duke Energy Renewables Services,Los Vientos V Wind Power,TX,Starr,1,Onshore Wind Turbine,WT,,W,X,X,,,110.0, ,110,110,0.1,N, , ,OP,X,12,2015, , ,N,IPP Non-CHP,2,X,WND,,,,,,,,,,,,55,,,,,,,,, , , , , , , , ,,, , , ,, , ,N,,
60453,Onward Energy,60087,South Plains II,County Rd. 129,Lockney,TX,79241,Floyd,34.196962,-101.381494,TRE,ERCO,"Electric Reliability Council of Texas, Inc.",,22,NR,2,IPP Non-CHP,N,,N,,Y,16-52,N,X,,Sharyland Utilities LP,17008,TX,345, , ,N,,,,,,N,X,60453,Onward Energy,South Plains II,TX,Floyd,SPII,Onshore Wind Turbine,WT,,S,X,X,SPLAIN2_RN,SPLAIN2_RN,300.0, ,300,300,0,N, , ,OP,X,6,2016, , ,N,IPP Non-CHP,2,X,WND,,,,,,,,,,N,N,91,,,,,,,,, , , , , , , , ,,, , , ,, , ,N,,
59882,"Javelina Wind Energy, LLC",60104,"Javelina Wind Energy, LLC",5429 Vaquillas Road,Mirando City,TX,78369,Webb,27.32,-99.0,TRE,ERCO,"Electric Reliability Council of Texas, Inc.",,22,NR,2,IPP Non-CHP,N,,N,,N,,N,,,Electric Transmission Texas LLC,50174,TX,345, , ,N,,,,,,,,59882,"Javelina Wind Energy, LLC","Javelina Wind Energy, LLC",TX,Webb,GEWTG,Onshore Wind Turbine,WT,,S,X,X,BORDAS,BORDAS,249.7, ,249.7,249.7,0,N, , ,OP,X,12,2015, , ,N,IPP Non-CHP,2,X,WND,,,,,,,,,,N,N,126,,,,,,,,, , , , , , , , ,,, , , ,, , ,,,
6035,"Constellation Power, Inc",60122,Colorado Bend II,4023 S. State Highway 60,Wharton,TX,77488,Wharton,29.289415,-96.065399,TRE,ERCO,"Electric Reliability Council of Texas, Inc.",Wells,22,NR,2,IPP Non-CHP,N,,N,,Y,17-20-000,N,X,,CenterPoint Energy,8901,TX,358, , ,N,,GULF SOUTH PIPELINE COMPANY LP,,,,N,X,6035,"Constellation Power, Inc",Colorado Bend II,TX,Wharton,CT7,Natural Gas Fired Combined Cycle,CT,BLK3,S,X,Y,CBECII_1,CBECII_1,360.9,0.9,329.3,360.2,113,N, , ,OP,X,6,2017, , ,N,IPP Non-CHP,2,X,NG,,,,,,,,,,N,N, ,12H,,,,,,,, , , , , , , , ,,, , , ,N, , ,N,N,
61123,Upton County Solar 2 LLC,60123,Castle Gap Solar Hybrid,5291 US HWY 385 South,McCarney,TX,79752,Upton,31.255,-102.272,TRE,ERCO,"Electric Reliability Council of Texas, Inc.",,22,NR,2,IPP Non-CHP,N,,N,,N,,N,,,Lower Colorado River Authority,11269,,138, , ,Y,,,,,,X,X,61123,Upton County Solar 2 LLC,Castle Gap Solar Hybrid,TX,Upton,BAT1,Batteries,BA,,S,X,X,,,9.9, ,9.9,9.9,0,N, , ,OP,X,6,2019, , ,N,IPP Non-CHP,2,X,MWH,,,,,,,,,,,, ,10M,,,,,,,, , , , , , , , ,,, , , ,, , ,,,
59979,"Cotton Plains Wind I, LLC",60210,Cotton Plains Wind Farm,1904 FM 786,Floydada,TX,79235,Floyd,34.060333,-101.187628,TRE,ERCO,"Electric Reliability Council of Texas, Inc.",,22,NR,2,IPP Non-CHP,N,,Y,EG17-42-000,N,,N,,,Sharyland Utilities LP,17008,TX,345, , ,N,,,,,,N,X,59979,"Cotton Plains Wind I, LLC",Cotton Plains Wind Farm,TX,Floyd,CPWF,Onshore Wind Turbine,WT,,S,X,X,COTPLNS_RN,,50.4, ,50.4,50.4,0,N, , ,OP,X,3,2017, , ,N,IPP Non-CHP,2,X,WND,,,,,,,,,,N,N,21,,,,,,,,, , , , , , , , ,,, , , ,, , ,N,,
59999,"Rocksprings Val Verde Wind, LLC",60217,Rocksprings,1825 US 377,Del Rio,TX,78840,Val Verde,29.72753,-100.79431,TRE,ERCO,"Electric Reliability Council of Texas, Inc.",,22,NR,2,IPP Non-CHP,N,,N,,Y,EG-17-29,N,,,AEP Texas Central Company,3278,TX,138, , ,N,,,,,,N,X,59999,"Rocksprings Val Verde Wind, LLC",Rocksprings,TX,Val Verde,RKSP,Onshore Wind Turbine,WT,,S,X,X,,,149.3, ,149.3,149.3,0,N, , ,OP,X,9,2017, , ,N,IPP Non-CHP,2,X,WND,,,,,,,,,,N,N,69,,,,,,,,, , , , , , , , ,,, , , ,, , ,N,,
60048,PHR Holdings LLC,60264,Bacliff,5501 State Highway 146,Bacliff,TX,77518,Galveston,29.49233,-94.98483,TRE,ERCO,"Electric Reliability Council of Texas, Inc.",,22,NR,2,IPP Non-CHP,N,,N,,N,,N,,,CenterPoint Energy,8901,TX,138, , ,N,,KINDER MORGAN TEXAS PIPELINE LLC,,,,X,X,60048,PHR Holdings LLC,Bacliff,TX,Galveston,BCGT1,Natural Gas Fired Combustion Turbine,GT,,S,X,X,BAC_BAC_CTG1,BAC_BAC_CTG1,71.2,0.9,54,60,54,N, , ,OP,X,7,2018, , ,N,IPP Non-CHP,2,X,NG,,,,,,NG,,,,N,N, ,1H,,,,,,,, , , , , , , , ,,, , , ,, , ,N,N,N
67080,TC Energy,60270,Blue Cloud Wind Energy LLC,1901 County Road 227,Sudan,TX,79371,Bailey,34.03821,-102.665242,MRO,SWPP,Southwest Power Pool,,22,NR,2,IPP Non-CHP,N,,N,,Y,18-121,N,X,,Southwestern Public Service Co,17718,TX,230, , ,N,,,,,,N,X,67080,TC Energy,Blue Cloud Wind Energy LLC,TX,Bailey,WT1,Onshore Wind Turbine,WT,,W,X,X,,,148.4, ,148.4,148.4,0,N, , ,OP,X,12,2018, , ,N,IPP Non-CHP,2,X,WND,,,,,,,,,,,,150,,,,,,,,, , , , , , , , ,,, , , ,, , ,N,,
65489,"Canyon Wind Project, LLC",60271,"Canyon Wind Project, LLC",TBD,Scurry,TX,75158,Scurry,32.631073,-101.008494,TRE,ERCO,"Electric Reliability Council of Texas, Inc.",,22,NR,2,IPP Non-CHP,N,,N,,N,,,,,Oncor Electric Delivery Company LLC,44372,TX,138,345, ,N,,,,,,,,65489,"Canyon Wind Project, LLC","Canyon Wind Project, LLC",TX,Scurry,WT1,Onshore Wind Turbine,WT,,S,X,X,,,308.8, ,308.8,308.8, ,N, , ,OP,X,1,2024, , ,,IPP Non-CHP,2,,WND,,,,,,,,,,,,111,,,,,,,,, , , , , , , , ,,, , , ,, , ,,,
5701,El Paso Electric Co,60300,Montana Solar Facility,13511 A Montana,El Paso,TX,79938,El Paso,31.813061,-106.218892,WECC,EPE,El Paso Electric Company,,22,RE,1,Electric Utility,N,,N,,N,,,,,El Paso Electric Co,5701,TX,13.8, , ,N,,,,,,,,5701,El Paso Electric Co,Montana Solar Facility,TX,El Paso,IMPV1,Solar Photovoltaic,PV,,S,X,X,,,3.0, ,3,3, ,N, , ,OP,X,5,2017, , ,N,Electric Utility,1,X,SUN,,,,,,,,,,,, ,,,,,,,,, , , , , , , , ,,, , , ,, , ,N,,
60128,"Electra Wind, LLC",60338,Electra Wind Farm,13445 C R 134 East,Oklaunion,TX,76364,Wilbarger,34.102943,-99.118746,TRE,ERCO,"Electric Reliability Council of Texas, Inc.",,22,NR,2,IPP Non-CHP,N,,N,,Y,16-84-000,,,,Electric Transmission Texas LLC,50174,,345, , ,N,,,,,,X,,60128,"Electra Wind, LLC",Electra Wind Farm,TX,Wilbarger,EWF,Onshore Wind Turbine,WT,,S,X,X,ELECTRAW_1_2,ELECTRAW_1_2,230.0, ,230,230,1,N, , ,OP,X,11,2016, , ,N,IPP Non-CHP,2,X,WND,,,,,,,,,,N,N,100,,,,,,,,, , , , , , , , ,,, , , ,, , ,N,,
60129,"Horse Creek Wind, LLC",60339,Horse Creek Wind Farm,694 CR 284,Weinert,TX,76388,Haskell,33.35,-99.54,TRE,ERCO,"Electric Reliability Council of Texas, Inc.",,22,NR,2,IPP Non-CHP,N,,N,,Y,16-41-000,N,,,Electric Transmission Texas LLC,50174,,345, , ,N,,,,,,X,X,60129,"Horse Creek Wind, LLC",Horse Creek Wind Farm,TX,Haskell,HCWF,Onshore Wind Turbine,WT,,S,X,X,HORSECRK_RN,HORSECRK_RN,230.0, ,230,230,1,N, , ,OP,X,10,2016, , ,N,IPP Non-CHP,2,X,WND,,,,,,,,,,N,N,100,,,,,,,,, , , , , , , , ,,, , , ,, , ,N,,
60155,"Old Settler Wind, LLC",60366,Old Settler Wind,1904 FM 786,Floydada,TX,79235,Floyd,34.060333,-101.187628,TRE,ERCO,"Electric Reliability Council of Texas, Inc.",,22,NR,2,IPP Non-CHP,N,,Y,EG17-43-000,N,,N,,,Sharyland Utilities LP,17008,TX,345, , ,N,,,,,,N,X,60155,"Old Settler Wind, LLC",Old Settler Wind,TX,Floyd,OSWF,Onshore Wind Turbine,WT,,S,X,X,COTPLNS_RN,,151.2, ,151.2,151.2,0,N, , ,OP,X,4,2017, , ,N,IPP Non-CHP,2,X,WND,,,,,,,,,,N,N,63,,,,,,,,, , , , , , , , ,,, , , ,, , ,N,,
17650,Southern Power Co,60372,Lamesa Solar,1236 County Rd 20,Lamesa,TX,79331,Dawson,32.715611,-101.926522,TRE,ERCO,"Electric Reliability Council of Texas, Inc.",,22,NR,2,IPP Non-CHP,N,,N,,Y,EG16-125-000,N,,,Oncor Electric Delivery Company LLC,44372,TX,138, , ,N,,,,,,X,X,17650,Southern Power Co,Lamesa Solar,TX,Dawson,LSPV1,Solar Photovoltaic,PV,,W,X,X,,,102.0, ,100,100, ,N, , ,OP,X,4,2017, , ,N,IPP Non-CHP,2,X,SUN,,,,,,,,,,,, ,,,,,,,,, , , , , , , , ,,, , , ,, , ,N,,
17650,Southern Power Co,60414,Bethel Wind Farm LLC,657 CR 617,Dimmitt,TX,79027,Castro,34.575311,-102.474698,MRO,SWPP,Southwest Power Pool,,22,NR,2,IPP Non-CHP,N,,N,,N,,,,,Southwestern Public Service Co,17718,TX,115, , ,N,,,,,,,,17650,Southern Power Co,Bethel Wind Farm LLC,TX,Castro,GEN1,Onshore Wind Turbine,WT,,W,X,X,,,276.0, ,276,276,2.3,N, , ,OP,X,1,2017, , ,N,IPP Non-CHP,2,X,WND,,,,,,,,,,,,120,,,,,,,,, , , , , , , , ,,, , , ,, , ,N,,
60228,CoServ Electric,60427,CoServ Community Solar Station,15554 Ike Byrom Rd,Aubrey,TX,76227,Denton,33.2706,-96.979168,TRE,ERCO,"Electric Reliability Council of Texas, Inc.",,22,NR,2,IPP Non-CHP,N,,N,,N,,N,X,,"Denton County Elec Coop, Inc",5078,TX,24.9, , ,N,,,,,,N,X,60228,CoServ Electric,CoServ Community Solar Station,TX,Denton,CSS1,Solar Photovoltaic,PV,,W,X,X,,,2.0, ,2,2, ,N, , ,OP,X,6,2015, , ,N,IPP Non-CHP,2,X,SUN,,,,,,,,,,N,N, ,,N,,,,,,, , , , , , , , ,,, , , ,, , ,N,,
17650,Southern Power Co,60436,East Pecos Solar,7220 Nevill Road,McCamey,TX,75792,Pecos,31.000883,-102.281744,TRE,ERCO,"Electric Reliability Council of Texas, Inc.",,22,NR,2,IPP Non-CHP,N,,N,,Y,EG16-127-000,N,,,Electric Transmission Texas LLC,50174,,345, , ,N,,,,,,X,X,17650,Southern Power Co,East Pecos Solar,TX,Pecos,1,Solar Photovoltaic,PV,,W,X,X,,,118.5, ,118.5,118.5, ,N, , ,OP,X,4,2017, , ,N,IPP Non-CHP,2,X,SUN,,,,,,,,,,,, ,,,,,,,,, , , , , , , , ,,, , , ,, , ,N,,
61199,"Peaker Power, LLC",60459,Port Comfort Power LLC,135 Diebel Lane,Point Comfort,TX,77978,Calhoun,28.64807,-96.54621,TRE,ERCO,"Electric Reliability Council of Texas, Inc.",,22,NR,2,IPP Non-CHP,N,,N,,N,,N,X,,AEP Texas Central Company,3278,TX,138, , ,N,,ENTERPRISE INTRASTATE LLC,,,,N,N,61199,"Peaker Power, LLC",Port Comfort Power LLC,TX,Calhoun,PC1,Natural Gas Fired Combustion Turbine,GT,,S,X,X,CALHOUN_ALL,,60.5,0.85,43,46,20,N, , ,OP,X,7,2017, , ,N,IPP Non-CHP,2,X,NG,,,,,,,,,,N,N, ,10M,,,,,,,, , , , , , , , ,,, , , ,, , ,N,,
61199,"Peaker Power, LLC",60460,Chamon Power LLC,18511 Beaumont Hwy,Houston,TX,77049,Harris,29.883214,-95.111345,TRE,ERCO,"Electric Reliability Council of Texas, Inc.",,22,NR,2,IPP Non-CHP,N,,N,,N,,N,X,,CenterPoint Energy,8901,TX,138, , ,N,,KINDER MORGAN TEJAS PIPELINE LLC,,,,N,N,61199,"Peaker Power, LLC",Chamon Power LLC,TX,Harris,CH1,Natural Gas Fired Combustion Turbine,GT,,S,X,X,CHAMON_UN1,,60.5,0.85,43,46,20,N, , ,OP,X,10,2017, , ,N,IPP Non-CHP,2,X,NG,,,,,,,,,,N,N,0,10M,,,,,,,, , , , , , , , ,,, , , ,, , ,N,N,N
34623,Tejas Power Generation LLC,60468,Friendswood Energy,12000 BLK Hiram Clarke Road,Houston,TX,77085,Harris,29.647267,-95.451516,TRE,ERCO,"Electric Reliability Council of Texas, Inc.",,22,NR,2,IPP Non-CHP,N,,N,,N,,N,,,CenterPoint Energy,8901,TX,138, , ,N,Other - See pipeline notes.,,,,KinderMorgan,N,N,34623,Tejas Power Generation LLC,Friendswood Energy,TX,Harris,GT-1,Natural Gas Fired Combustion Turbine,GT,,S,X,X,FEGC RN,FEGC RN,121.5,0.9,117,119,25,N, , ,OP,X,11,2018, , ,N,IPP Non-CHP,2,X,NG,,,,,,,,,,N,N, ,1H,,,,,,,,9,22,9,2025, , , , ,,, , , ,, , ,N,N,N
16604,City of San Antonio - (TX),60472,CPS 1 Community Solar,12750 E US Hwy 87,Adkins,TX,78101,Bexar,29.377966,-98.26922,TRE,ERCO,"Electric Reliability Council of Texas, Inc.",,22,RE,1,Electric Utility,N,,N,,N,,N,,,City of San Antonio - (TX),16604,TX,13.2, , ,N,,,,,,X,X,16604,City of San Antonio - (TX),CPS 1 Community Solar,TX,Bexar,CPS1,Solar Photovoltaic,PV,,S,X,X,LZCPS,LZCPS,1.0, ,1,1, ,N, , ,OP,X,8,2016, , ,N,Electric Utility,1,X,SUN,,,,,,,,,,N,, ,,,,,,,,, , , , , , , , ,,, , , ,, , ,,,
17650,Southern Power Co,60502,"Tyler Bluff Wind Project, LLC",5858 County Road 424,Muenster,TX,76252,Cooke,33.703851,-97.372009,TRE,ERCO,"Electric Reliability Council of Texas, Inc.",,22,NR,2,IPP Non-CHP,N,,N,,Y,EG16-109-000,N,,,Brazos Electric Power Coop Inc,2172,,138, , ,N,,,,,,X,X,17650,Southern Power Co,"Tyler Bluff Wind Project, LLC",TX,Cooke,GEN1,Onshore Wind Turbine,WT,,W,X,X,,,125.6, ,125,125,2.3,N, , ,OP,X,12,2016, , ,N,IPP Non-CHP,2,X,WND,,,,,,,,,,,,52,,,,,,,,, , , , , , , , ,,, , , ,, , ,N,,
56769,Consolidated Edison Development Inc.,60581,Upton County Solar,2361 Letter B Road,McCamey,TX,79752,Upton,31.241808,-102.29027,TRE,ERCO,"Electric Reliability Council of Texas, Inc.",,22,NR,2,IPP Non-CHP,N,,N,,Y,18-75,,,,Lower Colorado River Authority,11269,,138, , ,N,,,,,,,,56769,Consolidated Edison Development Inc.,Upton County Solar,TX,Upton,UCTX,Solar Photovoltaic,PV,,S,X,X,,,150.0, ,150,150, ,N, , ,OP,X,12,2017, , ,N,IPP Non-CHP,2,X,SUN,,,,,,,,,,,, ,,,,,,,,, , , , , , , , ,,, , , ,, , ,,,
60384,"Javelina Wind Energy II, LLC",60645,"Javelina Wind Energy II, LLC",5429 VAQUILLAS ROAD,MIRANDO,TX,78369,Webb,27.44,-98.91,TRE,ERCO,"Electric Reliability Council of Texas, Inc.",,22,NR,2,IPP Non-CHP,N,,N,,N,,,,,Electric Transmission Texas LLC,50174,,345, , ,N,,,,,,,,60384,"Javelina Wind Energy II, LLC","Javelina Wind Energy II, LLC",TX,Webb,WJ21,Onshore Wind Turbine,WT,,S,X,X,,,200.0, ,200,200,0.1,N, , ,OP,X,11,2016, , ,N,IPP Non-CHP,2,X,WND,,,,,,,,,,,,100,,,,,,,,, , , , , , , , ,,, , , ,, , ,,,
60389,Rabbit Hill Energy Storage Project,60649,Rabbit Hill Energy Storage Project,950 Rabbit Hill Rd.,Georgetown,TX,78626,Williamson,30.587828,-97.687023,TRE,ERCO,"Electric Reliability Council of Texas, Inc.",,22,NR,2,IPP Non-CHP,N,,N,,N,,N,X,,Electric Transmission Texas LLC,50174,,24.9, , ,Y,,,,,,N,X,60389,Rabbit Hill Energy Storage Project,Rabbit Hill Energy Storage Project,TX,Williamson,1,Batteries,BA,,S,X,X,,,9.9, ,9.9,9.9,0.1,N, , ,OP,X,4,2020, , ,N,IPP Non-CHP,2,X,MWH,,,,,,,,,,,, ,10M,,,,,,,, , , , , , , , ,,, , , ,, , ,N,N,
17650,Southern Power Co,60657,"Salt Fork Wind Project, LLC",12124 I-40,Clarendon,TX,79226,Donley,35.18172,-100.934408,TRE,ERCO,"Electric Reliability Council of Texas, Inc.",,22,NR,2,IPP Non-CHP,N,,N,,Y,EG16-112-000,N,X,,Cross Texas Transmission,60065,,345, , ,N,,,,,,X,X,17650,Southern Power Co,"Salt Fork Wind Project, LLC",TX,Donley,GEN1,Onshore Wind Turbine,WT,,W,X,X,,,174.0, ,174,174,2,N, , ,OP,X,12,2016, , ,N,IPP Non-CHP,2,X,WND,,,,,,,,,,,,87,,,,,,,,, , , , , , , , ,,, , , ,, , ,N,,
59359,"BHE Renewables, LLC",60682,Pearl Solar,1401 Nevill Cutoff Road,Fort Stockton,TX,79735,Pecos,30.98784,-102.26831,TRE,ERCO,"Electric Reliability Council of Texas, Inc.",,22,NR,2,IPP Non-CHP,N,,N,,N,,N,X,,Lower Colorado River Authority,11269,,138, , ,N,,,,,,X,X,59359,"BHE Renewables, LLC",Pearl Solar,TX,Pecos,PEARL,Solar Photovoltaic,PV,,S,X,X,,,50.0, ,50,50, ,N, , ,OP,X,10,2017, , ,N,IPP Non-CHP,2,X,SUN,,,,,,,,,,N,N, ,,,,,,,,, , , , , , , , ,,, , , ,, , ,N,,
60409,"Blue Summit Storage, LLC",60690,"Blue Summit Storage, LLC",17301 CR 97N,Vernon,TX,76384,Wilbarger,34.299,-99.399,TRE,ERCO,"Electric Reliability Council of Texas, Inc.",,22,NR,2,IPP Non-CHP,N,,N,,N,,,,,AEP Texas North Company,20404,TX,138, , ,Y,,,,,,,,60409,"Blue Summit Storage, LLC","Blue Summit Storage, LLC",TX,Wilbarger,WBSS,Batteries,BA,,S,X,X,,,30.0, ,30,30,0,N, , ,OP,X,8,2017, , ,N,IPP Non-CHP,2,X,MWH,,,,,,,,,,,, ,10M,,,,,,,, , , , , , , , ,,, , , ,, , ,,,
60443,"Rattlesnake Power, LLC",60743,"Rattlesnake Power, LLC",CR 128 and US Hwy 87,Brady,TX,76858,McCulloch,31.360331,-99.551356,TRE,ERCO,"Electric Reliability Council of Texas, Inc.",,22,NR,2,IPP Non-CHP,N,,N,,N,,N,X,,Lower Colorado River Authority,11269,,345, , ,N,,,,,,X,X,60443,"Rattlesnake Power, LLC","Rattlesnake Power, LLC",TX,McCulloch,WT1,Onshore Wind Turbine,WT,,W,X,X,,,160.0, ,160,160,0,N, , ,OP,X,9,2018, , ,N,IPP Non-CHP,2,X,WND,,,,,,,,,,N,N,64,,,,,,,,, , , , , , , , ,,, , , ,, , ,N,,
60400,"Phantom Solar, LLC",60774,Phantom Solar,91001 Ammo Road,Fort Hood,TX,76544,Bell,31.114983,-97.845111,TRE,ERCO,"Electric Reliability Council of Texas, Inc.",,22,NR,2,IPP Non-CHP,N,,Y,QF17662-000,N,,,,,Oncor Electric Delivery Company LLC,44372,TX,12.47, , ,N,,,,,,N,X,60400,"Phantom Solar, LLC",Phantom Solar,TX,Bell,GEN1,Solar Photovoltaic,PV,,S,X,X,,,15.4, ,15.4,15.4, ,N, , ,OP,X,4,2017, , ,N,IPP Non-CHP,2,X,SUN,,,,,,,,,,N,N, ,,,,,,,,, , , , , , , , ,,, , , ,, , ,N,,
60476,"Bluebell Solar, LLC",60789,Bluebell Solar,533 Bird Lane,Sterling City,TX,76951,Sterling,31.87,-100.828,TRE,ERCO,"Electric Reliability Council of Texas, Inc.",,22,NR,2,IPP Non-CHP,N,,N,,N,,N,,,Lower Colorado River Authority,11269,,34, , ,N,,,,,,N,N,60476,"Bluebell Solar, LLC",Bluebell Solar,TX,Sterling,UNIT1,Solar Photovoltaic,PV,,S,X,X,,,30.0, ,30,30, ,N, , ,OP,X,11,2018, , ,N,IPP Non-CHP,2,X,SUN,,,,,,,,,,,, ,,,,,,,,, , , , , , , , ,,, , , ,, , ,,,
60515,Astra Wind LLC,60856,Astra Wind Farm,41801 FM 168,Happy,TX,79042,Randall,34.769544,-102.052422,TRE,ERCO,"Electric Reliability Council of Texas, Inc.",,22,NR,2,IPP Non-CHP,N,,N,,N,,N,,,Oncor Electric Delivery Company LLC,44372,TX,345, , ,N,,,,,,X,X,60515,Astra Wind LLC,Astra Wind Farm,TX,Randall,ASTRA,Onshore Wind Turbine,WT,,S,X,X,HERFWIND_ALL,HERFWIND_ALL,163.0, ,163,163,1.4,N, , ,OP,X,5,2017, , ,N,IPP Non-CHP,2,X,WND,,,,,,,,,,N,N,68,12H,,,,,,,, , , , , , , , ,,, , , ,, , ,N,,
60542,"Willow Springs Windfarm, LLC",60901,Willow Springs Wind Farm,343 CR 251,Weinert,TX,76388,Haskell,33.345366,-99.624257,TRE,ERCO,"Electric Reliability Council of Texas, Inc.",,22,NR,2,IPP Non-CHP,N,,N,,Y,EG16-151-000,N,,,AEP Texas North Company,20404,TX,345, , ,N,,,,,,X,X,60542,"Willow Springs Windfarm, LLC",Willow Springs Wind Farm,TX,Haskell,WSPWF,Onshore Wind Turbine,WT,,S,X,X,SALVTION_GEN,SALVTION_GEN,250.0, ,250,250,0,N, , ,OP,X,11,2017, , ,N,IPP Non-CHP,2,X,WND,,,,,,,,,,,,110,,,,,,,,, , , , , , , , ,,, , , ,, , ,N,,
60543,"Dermott Wind, LLC",60902,Dermott Wind,8538  F M 1142,Snyder,TX,79549,Scurry,32.863769,-100.975128,TRE,ERCO,"Electric Reliability Council of Texas, Inc.",,22,NR,2,IPP Non-CHP,N,,N,,Y,EG16-151-000,,,,Oncor Electric Delivery Company LLC,44372,TX,345, , ,N,,,,,,X,X,60543,"Dermott Wind, LLC",Dermott Wind,TX,Scurry,DERM,Onshore Wind Turbine,WT,,S,X,X,DERMOTT_ALL,DERMOTT_ALL,253.0, ,253,253,0,N, , ,OP,X,7,2017, , ,N,IPP Non-CHP,2,X,WND,,,,,,,,,,N,,110,,,,,,,,, , , , , , , , ,,, , , ,, , ,N,,
55937,Entergy Texas Inc.,60925,Montgomery County,11191 Longstreet Road,Willis,TX,77318,Montgomery,30.44083,-95.5275,SERC,MISO,"Midcontinent Independent Transmission System Operator, Inc..",Lake Conroe,22,RE,1,Electric Utility,N,,N,,N,,,,,Entergy Texas Inc.,55937,TX,230,115, ,N,Other - See pipeline notes.,Other - Please explain in pipeline notes below.,,,Gulf South Pipeline Company,N,,55937,Entergy Texas Inc.,Montgomery County,TX,Montgomery,1A,Natural Gas Fired Combined Cycle,CT,PB01,S,X,N,,,250.0,0.85,250,250, ,N, , ,OP,X,1,2021, , ,N,Electric Utility,1,X,NG,,,,,,,,,,,, ,12H,,,,,,,, , , , , , , , ,,, , , ,, , ,N,N,N
60617,"Buckthorn Wind Project, LLC",60983,Buckthorn Wind,11265 Country Road 109,Mingus,TX,76463,Erath,32.371306,-98.377389,TRE,ERCO,"Electric Reliability Council of Texas, Inc.",,22,NR,2,IPP Non-CHP,N,,N,,N,,N,,,Brazos Electric Power Coop Inc,2172,TX,138, , ,N,,,,,,X,X,60617,"Buckthorn Wind Project, LLC",Buckthorn Wind,TX,Erath,BWIND,Onshore Wind Turbine,WT,,S,X,X,,,100.5, ,100.5,100.5,3.8,N, , ,OP,X,12,2017, , ,N,IPP Non-CHP,2,X,WND,,,,,,,,,,,,29,,,,,,,,, , , , , , , , ,,, , , ,, , ,,,
59359,"BHE Renewables, LLC",60987,Santa Rita Wind Energy,4990E Hwy 67,Big Lake,TX,76932,Reagan,31.181377,-101.318787,TRE,ERCO,"Electric Reliability Council of Texas, Inc.",,22,NR,2,IPP Non-CHP,N,,N,,N,,N,X,,Lower Colorado River Authority,11269,TX,345, , ,N,,,,,,X,X,59359,"BHE Renewables, LLC",Santa Rita Wind Energy,TX,Reagan,GEN1,Onshore Wind Turbine,WT,,S,X,X,,,300.0, ,300,300,0,N, , ,OP,X,4,2018, , ,N,IPP Non-CHP,2,X,WND,,,,,,,,,,N,N,120,,,,,,,,, , , , , , , , ,,, , , ,, , ,N,,
60636,"SolaireHolman 1, LLC",60989,SolaireHolman Solar Project,89287 US Hwy 67,Alpine,TX,79830,Brewster,30.45512,-103.4747,TRE,ERCO,"Electric Reliability Council of Texas, Inc.",,22,NR,2,IPP Non-CHP,N,,N,,N,,N,,,AEP Texas Central Company,3278,TX,69, , ,N,,,,,,X,X,60636,"SolaireHolman 1, LLC",SolaireHolman Solar Project,TX,Brewster,PV1,Solar Photovoltaic,PV,,S,X,X,,,50.0, ,50,50, ,N, , ,OP,X,4,2017, , ,N,IPP Non-CHP,2,X,SUN,,,,,,,,,,N,N, ,,,,,,,,, , , , , , , , ,,, , , ,, , ,,,
17650,Southern Power Co,61001,Cactus Flats Wind Energy Project,7515 CR 2246,Eden,TX,76837,Concho,31.112474,-100.028142,TRE,ERCO,"Electric Reliability Council of Texas, Inc.",,22,NR,2,IPP Non-CHP,N,,N,,N,,N,,,AEP Texas Central Company,3278,TX,138, , ,N,,,,,,X,X,17650,Southern Power Co,Cactus Flats Wind Energy Project,TX,Concho,WT1,Onshore Wind Turbine,WT,,W,X,X,To be determined,To be determined,148.4, ,148.4,148.4,3.4,N, , ,OP,X,7,2018, , ,N,IPP Non-CHP,2,X,WND,,,,,,,,,,,,43,,,,,,,,, , , , , , , , ,,, , , ,, , ,,,
63074,Scout Clean Energy LLC,61032,Heart of Texas Wind Project,2401 US 283,Brady,TX,76825,McCulloch,31.242177,-99.421266,TRE,ERCO,"Electric Reliability Council of Texas, Inc.",,22,NR,2,IPP Non-CHP,N,,N,,N,,N,,,Lower Colorado River Authority,11269,TX,345, , ,N,,,,,,X,X,63074,Scout Clean Energy LLC,Heart of Texas Wind Project,TX,McCulloch,HTX,Onshore Wind Turbine,WT,,S,X,X,,,180.0, ,180,180,180,N, , ,OP,X,5,2020, , ,N,IPP Non-CHP,2,X,WND,,,,,,,,,,,,64,,,,,,,,, , , , , , , , ,,, , , ,, , ,N,,
60520,SoCore Energy LLC,61205,Bandera Electric Coop PV,352 Walter White Ranch Road,Leakey,TX,78873,Real,29.681032,-99.762212,TRE,ERCO,"Electric Reliability Council of Texas, Inc.",,22,NR,2,IPP Non-CHP,N,,Y,QF17-345-001,N,,N,,,Electric Transmission Texas LLC,50174,,24.94, , ,N,,,,,,N,,60520,SoCore Energy LLC,Bandera Electric Coop PV,TX,Real,PV1,Solar Photovoltaic,PV,,W,X,X,,,1.5, ,1.5,1.5, ,N, , ,OP,X,2,2017, , ,N,IPP Non-CHP,2,X,SUN,,,,,,,,,,,, ,,,,,,,,, , , , , , , , ,,, , , ,, , ,,,
59359,"BHE Renewables, LLC",61212,Flat Top Wind I,559 FM 218 W,Mullin,TX,76864,Mills,31.684511,-98.603358,TRE,ERCO,"Electric Reliability Council of Texas, Inc.",,22,NR,2,IPP Non-CHP,N,,N,,Y,EG17-56-000,N,X,,Oncor Electric Delivery Company LLC,44372,TX,345, , ,N,,,,,,N,X,59359,"BHE Renewables, LLC",Flat Top Wind I,TX,Mills,FTWI,Onshore Wind Turbine,WT,,S,X,X,,,200.0, ,200,200,0,N, , ,OP,X,1,2018, , ,N,IPP Non-CHP,2,X,WND,,,,,,,,,,N,N,100,,,,,,,,, , , , , , , , ,,, , , ,, , ,N,,
64835,Tres Power Victoria LLC,61241,Tres City Power LLC,1301 Willow Street,Victoria,TX,77901,Victoria,28.7853,-97.0093,TRE,ERCO,"Electric Reliability Council of Texas, Inc.",,22,NR,2,IPP Non-CHP,N,,N,,N,,N,,,AEP Texas Central Company,3278,TX,138, , ,N,Other - See pipeline notes.,KINDER MORGAN TEJAS PIPELINE LLC,,,Kinder Morgan Tejas Pipeline,N,X,64835,Tres Power Victoria LLC,Tres City Power LLC,TX,Victoria,VC-1,Natural Gas Fired Combustion Turbine,GT,,S,X,X,,,50.0,0.85,43,48,32,N, , ,OP,X,2,2020, , ,N,IPP Non-CHP,2,X,NG,,,,,,,,,,N,N, ,10M,,,,,,,, , , , , , , , ,,, , , ,, , ,N,,
64835,Tres Power Victoria LLC,61242,"Tres Port Power, LLC",2100 Old Bloomington Rd North,Victoria,TX,77905,Victoria,28.69637,-96.9453,TRE,ERCO,"Electric Reliability Council of Texas, Inc.",,22,NR,2,IPP Non-CHP,N,,N,,N,,N,X,,AEP Texas Central Company,3278,TX,138, , ,N,Other - See pipeline notes.,TENNESSEE GAS PIPELINE COMPANY,,,Tennessee Gas Pipeline,N,X,64835,Tres Power Victoria LLC,"Tres Port Power, LLC",TX,Victoria,VP-1,Natural Gas Fired Combustion Turbine,GT,,S,X,X,,,50.0,0.85,43,48,32,N, , ,OP,X,7,2019, , ,N,IPP Non-CHP,2,X,NG,,,,,,,,,,,N, ,10M,,,,,,,, , , , , , , , ,,, , , ,, , ,N,,
9339,International Bound & Wtr Comm,6128,Amistad Dam & Power,670 Texas Spur 349,Del Rio,TX,78840,Val Verde,29.449827,-101.06011,TRE,ERCO,"Electric Reliability Council of Texas, Inc.",Rio Grande,22,RE,1,Electric Utility,N,,N,,N,,N,X,,AEP Texas Central Company,3278,TX,138, , ,N,,,,,,X,X,9339,International Bound & Wtr Comm,Amistad Dam & Power,TX,Val Verde,1,Conventional Hydroelectric,HY,,S,X,X,,,33.0,0.9,29,29,29,N, , ,OP,X,6,1983, , ,N,Electric Utility,1,X,WAT,,,,,,,,,,N,, ,10M,,,,,,,, , , , , , , , ,,, , , ,, , ,N,,
57389,IKEA Property Inc,61309,IKEA Grand Prairie Rooftop PV System,1000 IKEA Way,Grand Prairie,TX,75052,Dallas,32.82,-97.05,TRE,ERCO,"Electric Reliability Council of Texas, Inc.",,22,NR,2,IPP Non-CHP,N,,Y,pending,N,,N,,,Oncor Electric Delivery Company LLC,44372,TX,0.48, , ,N,,,,,,N,N,57389,IKEA Property Inc,IKEA Grand Prairie Rooftop PV System,TX,Dallas,PV1,Solar Photovoltaic,PV,,S,X,X,,,1.2, ,1.1,0.7, ,N, , ,OP,X,12,2017, , ,N,IPP Non-CHP,2,X,SUN,,,,,,,,,,,N, ,,,,,,,,, , , , , , , , ,,, , , ,, , ,,,
15399,Avangrid Power LLC,61343,Karankawa Wind LLC,12136 HWY 359,Mathis,TX,78368,San Patricio,28.170179,-97.817507,TRE,ERCO,"Electric Reliability Council of Texas, Inc.",,22,NR,2,IPP Non-CHP,N,,N,,Y,EG19-75-000,N,X,,AEP Texas Central Company,3278,TX,345, , ,N,,,,,,X,,15399,Avangrid Power LLC,Karankawa Wind LLC,TX,San Patricio,WT1,Onshore Wind Turbine,WT,,S,X,X,,,307.1, ,307.1,307.1,0,N, , ,OP,X,11,2019, , ,N,IPP Non-CHP,2,X,WND,,,,,,,,,,,N,124,,,,,,,,, , , , , , , , ,,, , , ,, , ,N,,
60453,Onward Energy,61346,RE Maplewood,1272 FM 1901,McCamey,TX,79752,Pecos,30.976638,-102.257753,TRE,ERCO,"Electric Reliability Council of Texas, Inc.",,22,NR,2,IPP Non-CHP,N,,N,,N,,N,,,Electric Transmission Texas LLC,50174,,345, , ,N,,,,,,,,60453,Onward Energy,RE Maplewood,TX,Pecos,PV1,Solar Photovoltaic,PV,,S,X,X,,,222.0,1,222,222, ,N, , ,OP,X,10,2021, , ,N,IPP Non-CHP,2,X,SUN,,,,,,,,,,,, ,,,,,,,,, , , , , , , , ,,, , , ,, , ,,,
60995,Tarrant Regional Water District,61355,Arlington Outlet Hydroelectric Generator,5251 Everman Kennedale,Fort Worth,TX,76140,Tarrant,32.639069,-97.242906,TRE,ERCO,"Electric Reliability Council of Texas, Inc.",Cedar Creek Reservoir,22131,NR,4,Commercial Non-CHP,N,,N,,N,,N,X,,Oncor Electric Delivery Company LLC,44372,TX,4.1, , ,N,,,,,,X,X,60995,Tarrant Regional Water District,Arlington Outlet Hydroelectric Generator,TX,Tarrant,HY1,Conventional Hydroelectric,HY,,S,X,X,LZ North,LZ North,1.3,0.9,1.3,1.3,0.6,N, , ,OP,X,9,2015, , ,N,Commercial Non-CHP,4,X,WAT,,,,,,,,,,N,N, ,10M,,,,,,,, , , , , , , , ,,, , , ,, , ,N,,
61801,Midway Solar,61368,Midway Solar - TX,FM highway 1901 at CO-OP Road,Fort Stockton,TX,79735,Pecos,30.995503,-102.223537,TRE,ERCO,"Electric Reliability Council of Texas, Inc.",,22,NR,2,IPP Non-CHP,N,,N,,N,,N,,,PacifiCorp,14354,WY,345, , ,N,,,,,,X,X,61801,Midway Solar,Midway Solar - TX,TX,Pecos,PV1,Solar Photovoltaic,PV,,W,X,X,,,182.0, ,182,182, ,N, , ,OP,X,12,2018, , ,N,IPP Non-CHP,2,X,SUN,,,,,,,,,,,, ,,,,,,,,, , , , , , , , ,,, , , ,, , ,,,
61060,Cypress Creek Renewables,61370,Walnut Springs Solar,563 Farm Road 203,Walnut Springs,TX,76690,Bosque,32.07868,-97.768464,TRE,ERCO,"Electric Reliability Council of Texas, Inc.",,22,NR,2,IPP Non-CHP,N,,Y,46028,N,,N,X,,Texas-New Mexico Power Co,40051,TX,22, , ,N,,,,,,X,X,61060,Cypress Creek Renewables,Walnut Springs Solar,TX,Bosque,GEN1,Solar Photovoltaic,PV,,S,X,X,,,5.0, ,5,5, ,N, , ,OP,X,12,2016, , ,N,IPP Non-CHP,2,X,SUN,,,,,,,,,,,, ,,,,,,,,, , , , , , , , ,,, , , ,, , ,,,
17698,Southwestern Electric Power Co,6139,Welsh,FM Rd 1735,Pittsburg,TX,75686,Titus,33.05522,-94.839993,MRO,SWPP,Southwest Power Pool,Swauano Creek Reserv,22,RE,1,Electric Utility,N,,N,,N,,Y,N,OP,Southwestern Electric Power Co,17698,TX,345, , ,N,,,,,,N,X,17698,Southwestern Electric Power Co,Welsh,TX,Titus,1,Conventional Steam Coal,ST,,S,X,X,,,558.0,0.9,500,500,150,N, , ,OP,X,3,1977, , ,N,Electric Utility,1,X,SUB,,,,,,DFO,,,,N,N, ,OVER,,Y,,,Y,,, , , , , , , , ,ST,NG,535,11,2027,N, , ,N,N,N
61037,"Foard City Wind, LLC",61402,Foard City Wind,195 CR 337,Crowell,TX,79227,Foard,33.915315,-99.740278,TRE,ERCO,"Electric Reliability Council of Texas, Inc.",,22,NR,2,IPP Non-CHP,N,,N,,Y,EG18-100-000,N,X,,AEP Texas North Company,20404,TX,345, , ,N,,,,,,N,X,61037,"Foard City Wind, LLC",Foard City Wind,TX,Foard,FOARD,Onshore Wind Turbine,WT,,S,X,X,EDITHCLA7A,EDITHCLA7A,352.8, ,350.3,350.3,0.3,N, , ,OP,X,9,2019, , ,N,IPP Non-CHP,2,X,WND,,,,,,,,,,N,N,139,,,,,,,,, , , , , , , , ,,, , , ,, , ,N,,
61060,Cypress Creek Renewables,61409,Highway 56 Solar,16480 Hwy 56,Sherman,TX,75092,Grayson,33.614436,-96.690448,TRE,ERCO,"Electric Reliability Council of Texas, Inc.",,22,NR,2,IPP Non-CHP,N,,Y,17-1275-000,N,,N,X,,Oncor Electric Delivery Company LLC,44372,TX,12.47, , ,N,,,,,,X,X,61060,Cypress Creek Renewables,Highway 56 Solar,TX,Grayson,GEN1,Solar Photovoltaic,PV,,S,X,X,,,5.3, ,5.3,5.3, ,N, , ,OP,X,12,2017, , ,N,IPP Non-CHP,2,X,SUN,,,,,,,,,,,, ,,,,,,,,, , , , , , , , ,,, , , ,, , ,,,
61060,Cypress Creek Renewables,61410,Whitesboro Solar,4899 FM 901,Whitesboro,TX,76273,Grayson,33.616526,-96.868721,TRE,ERCO,"Electric Reliability Council of Texas, Inc.",,22,NR,2,IPP Non-CHP,N,,Y,17-1276-000,N,,N,X,,Oncor Electric Delivery Company LLC,44372,TX,12.47, , ,N,,,,,,X,X,61060,Cypress Creek Renewables,Whitesboro Solar,TX,Grayson,GEN1,Solar Photovoltaic,PV,,S,X,X,,,5.0, ,5,5, ,N, , ,OP,X,12,2017, , ,N,IPP Non-CHP,2,X,SUN,,,,,,,,,,,, ,,,,,,,,, , , , , , , , ,,, , , ,, , ,,,
61060,Cypress Creek Renewables,61411,Whitesboro Solar II,4899 FM 901,Whitesboro,TX,76273,Grayson,33.624853,-96.867474,TRE,ERCO,"Electric Reliability Council of Texas, Inc.",,22,NR,2,IPP Non-CHP,N,,Y,17-1277-000,N,,N,X,,Oncor Electric Delivery Company LLC,44372,TX,12.47, , ,N,,,,,,X,X,61060,Cypress Creek Renewables,Whitesboro Solar II,TX,Grayson,GEN1,Solar Photovoltaic,PV,,S,X,X,,,5.0, ,5,5, ,N, , ,OP,X,12,2017, , ,N,IPP Non-CHP,2,X,SUN,,,,,,,,,,,, ,,,,,,,,, , , , , , , , ,,, , , ,, , ,,,
61054,Fluvanna Wind Energy LLC,61417,Gopher Creek Wind Farm,TBD,Fluvanna,TX,79517,Borden,32.875073,-101.208955,TRE,ERCO,"Electric Reliability Council of Texas, Inc.",,22,NR,2,IPP Non-CHP,N,,N,,N,,N,X,,Oncor Electric Delivery Company LLC,44372,TX,138, , ,N,,,,,,,,61054,Fluvanna Wind Energy LLC,Gopher Creek Wind Farm,TX,Borden,GCWF,Onshore Wind Turbine,WT,,S,X,X,,,158.0, ,158,158,0.5,N, , ,OP,X,9,2019, , ,N,IPP Non-CHP,2,X,WND,,,,,,,,,,N,,76,,,,,,,,, , , , , , , , ,,, , , ,, , ,N,,
55983,Luminant Generation Company LLC,6145,Comanche Peak,Farm to Market Road 56,Glen Rose,TX,76043,Somervell,32.298365,-97.785515,TRE,ERCO,"Electric Reliability Council of Texas, Inc.",Squaw Creek,22,NR,2,IPP Non-CHP,N,,N,,N,,N,X,,Oncor Electric Delivery Company LLC,44372,TX,345, , ,N,,,,,,N,N,55983,Luminant Generation Company LLC,Comanche Peak,TX,Somervell,1,Nuclear,ST,,W,X,X,,,1215.0,0.9,1205,1235,1112,N, , ,OP,X,8,1990, , ,N,IPP Non-CHP,2,X,NUC,,,,,,,,,,N,N, ,OVER,,,,,,,, , , , , , , , ,,, , , ,, , ,N,,
55983,Luminant Generation Company LLC,6146,Martin Lake,PO Box 651,Tatum,TX,75691,Rusk,32.2606,-94.5706,TRE,ERCO,"Electric Reliability Council of Texas, Inc.",Martin Lake,22,NR,2,IPP Non-CHP,N,,N,,N,,Y,Y,OP,Oncor Electric Delivery Company LLC,44372,TX,345, , ,N,,,,,,N,N,55983,Luminant Generation Company LLC,Martin Lake,TX,Rusk,1,Conventional Steam Coal,ST,,S,X,X,,,793.2,0.95,800,815,220,N, , ,OP,X,5,1977, , ,N,IPP Non-CHP,2,X,SUB,,,,,,DFO,,,,N,N, ,OVER,,Y,,,,Y,, , , , , , , , ,,, , , ,, , ,Y,N,N
61100,E-Volve Energy Holdings LLC,61493,E-Volve Energy Holdings LLC,886 FM 3013,Sealy,TX,77474,Austin,29.740788,-96.15994,TRE,ERCO,"Electric Reliability Council of Texas, Inc.",,22,NR,2,IPP Non-CHP,N,,N,,N,,N,,,CenterPoint Energy,8901,TX,34.5, , ,N,,,,,,,,61100,E-Volve Energy Holdings LLC,E-Volve Energy Holdings LLC,TX,Austin,SEALY,Solar Photovoltaic,PV,,S,X,X,Houston LZ,,1.2, ,1.2,1.2, ,N, , ,OP,X,12,2015, , ,N,IPP Non-CHP,2,X,SUN,,,,,,,,,,,, ,,,,,,,,, , , , , , , , ,,, , , ,, , ,,,
61060,Cypress Creek Renewables,61513,Marlin Solar,253 CR 2861,Marlin,TX,76661,Limestone,31.286739,-96.877205,TRE,ERCO,"Electric Reliability Council of Texas, Inc.",,22,NR,2,IPP Non-CHP,N,,Y,47082; 47322,N,,N,X,,Oncor Electric Delivery Company LLC,44372,TX,12.4, , ,N,,,,,,X,X,61060,Cypress Creek Renewables,Marlin Solar,TX,Limestone,GEN1,Solar Photovoltaic,PV,,S,X,X,,,5.3, ,5.3,5.3, ,N, , ,OP,X,12,2017, , ,N,IPP Non-CHP,2,X,SUN,,,,,,,,,,,, ,,,,,,,,, , , , , , , , ,,, , , ,, , ,,,
61060,Cypress Creek Renewables,61514,North Gainesville Solar,2651 N. Weaver Street,Gainesville,TX,76420,Cooke,33.656072,-97.148569,TRE,ERCO,"Electric Reliability Council of Texas, Inc.",,22,NR,2,IPP Non-CHP,N,,Y,47083; 47323,N,,N,X,,Oncor Electric Delivery Company LLC,44372,TX,12.47, , ,N,,,,,,X,X,61060,Cypress Creek Renewables,North Gainesville Solar,TX,Cooke,GEN1,Solar Photovoltaic,PV,,S,X,X,,,5.2, ,5.2,5.2, ,N, , ,OP,X,12,2017, , ,N,IPP Non-CHP,2,X,SUN,,,,,,,,,,,, ,,,,,,,,, , , , , , , , ,,, , , ,, , ,,,
61060,Cypress Creek Renewables,61524,Whitewright Solar,15058 N. W. State Highway 11,Whitewright,TX,75491,Fannin,33.498186,-96.378894,TRE,ERCO,"Electric Reliability Council of Texas, Inc.",,22,NR,2,IPP Non-CHP,N,,Y,47084; 46819,N,,N,X,,Texas-New Mexico Power Co,40051,TX,12, , ,N,,,,,,X,X,61060,Cypress Creek Renewables,Whitewright Solar,TX,Fannin,GEN1,Solar Photovoltaic,PV,,S,X,X,,,10.0, ,10,10, ,N, , ,OP,X,12,2017, , ,N,IPP Non-CHP,2,X,SUN,,,,,,,,,,,, ,,,,,,,,, , , , , , , , ,,, , , ,, , ,,,
61060,Cypress Creek Renewables,61532,Leon Solar,639 CR 1119,Greenville,TX,75401,Hunt,33.16114,-96.239739,TRE,ERCO,"Electric Reliability Council of Texas, Inc.",,22,NR,2,IPP Non-CHP,N,,Y,47345; 47189,N,,N,X,,Oncor Electric Delivery Company LLC,44372,TX,24.9, , ,N,,,,,,X,X,61060,Cypress Creek Renewables,Leon Solar,TX,Hunt,GEN1,Solar Photovoltaic,PV,,S,X,X,,,10.0, ,10,10, ,N, , ,OP,X,12,2017, , ,N,IPP Non-CHP,2,X,SUN,,,,,,,,,,,, ,,,,,,,,, , , , , , , , ,,, , , ,, , ,,,
61188,West Texas A&M University,61589,UL Advanced Wind Turbine Test Facility,3700 E. Nance Rd,Canyon,TX,79015,Randall,34.966012,-101.78412,MRO,SWPP,Southwest Power Pool,,611,NR,4,Commercial Non-CHP,N,,Y,13-643-000,N,,,,,Southwestern Public Service Co,17718,TX,13.2, , ,N,,,,,,,,61188,West Texas A&M University,UL Advanced Wind Turbine Test Facility,TX,Randall,MT-1,Onshore Wind Turbine,WT,,S,X,X,,,0.1, ,0.1,0.1,0,N, , ,OP,X,1,2016, , ,N,Commercial Non-CHP,4,X,WND,,,,,,,,,,,,1,10M,,,,,,,, , , , , , , , ,,, , , ,, , ,,,
61060,Cypress Creek Renewables,61625,West Moore Solar II,1917 W. Moore Street,Sherman,TX,75092,Grayson,33.61748,-96.6284,TRE,ERCO,"Electric Reliability Council of Texas, Inc.",,22,NR,2,IPP Non-CHP,N,,N,,N,,N,X,,Oncor Electric Delivery Company LLC,44372,TX,12.47, , ,N,,,,,,X,X,61060,Cypress Creek Renewables,West Moore Solar II,TX,Grayson,GEN1,Solar Photovoltaic,PV,,S,X,X,,,5.0, ,5,5, ,N, , ,OP,X,12,2018, , ,N,IPP Non-CHP,2,X,SUN,,,,,,,,,,,, ,,,,,,,,, , , , , , , , ,,, , , ,, , ,,,
5063,City of Denton - (TX),61643,Denton Energy Center,8161 Jim Christal Road,Denton,TX,76207,Denton,33.214869,-97.209692,TRE,ERCO,"Electric Reliability Council of Texas, Inc.",Municipality,22,RE,1,Electric Utility,N,,N,,N,,N,X,,City of Denton - (TX),5063,TX,138, , ,N,,ENTERPRISE TEXAS PIPELINE,,,,N,X,5063,City of Denton - (TX),Denton Energy Center,TX,Denton,DEC1,Natural Gas Internal Combustion Engine,IC,,S,X,X,,,18.8,0.8,18.8,18.8,3.8,N, , ,OP,X,7,2018, , ,N,Electric Utility,1,X,NG,,,,,,,,,,N,N, ,10M,,,,,,,, , , , , , , , ,,, , , ,, , ,N,,N
61291,"Wildcat Ranch Wind Project, LLC",61674,Wildcat Ranch Wind Project,2176 County Road 97,Morton,TX,79346,Cochran,33.5296,-102.9619,MRO,SWPP,Southwest Power Pool,,22,NR,2,IPP Non-CHP,N,,N,,N,,,,,Southwestern Public Service Co,17718,TX,115, , ,N,,,,,,,,61291,"Wildcat Ranch Wind Project, LLC",Wildcat Ranch Wind Project,TX,Cochran,WT,Onshore Wind Turbine,WT,,S,X,X,,,150.0, ,150,150,3,N, , ,OP,X,12,2018, , ,N,IPP Non-CHP,2,X,WND,,,,,,,,,,,,65,,,,,,,,, , , , , , , , ,,, , , ,, , ,,,
62080,"Lamesa Solar II, L.L.C.",61697,Lamesa II,2060 County Rd O,Lamesa,TX,79331,Dawson,32.713326,-101.885218,TRE,ERCO,"Electric Reliability Council of Texas, Inc.",,22,NR,2,IPP Non-CHP,N,,N,,N,,,,,Oncor Electric Delivery Company LLC,44372,TX,138, , ,N,,,,,,,,62080,"Lamesa Solar II, L.L.C.",Lamesa II,TX,Dawson,IVORY,Solar Photovoltaic,PV,,S,X,X,,,50.0, ,50,50, ,N, , ,OP,X,11,2018, , ,N,IPP Non-CHP,2,X,SUN,,,,,,,,,,,, ,,,,,,,,, , , , , , , , ,,, , , ,, , ,,,
61323,"PowerFin ASL 1, LLC",61700,PowerFin Kingsbery,942 Lott Avenue,Austin,TX,78721,Travis,30.265877,-97.684861,TRE,ERCO,"Electric Reliability Council of Texas, Inc.",,22,NR,2,IPP Non-CHP,N,,N,,Y,EG19-6-001,N,X,,Austin Energy,1015,,12.47, , ,N,,,,,,X,X,61323,"PowerFin ASL 1, LLC",PowerFin Kingsbery,TX,Travis,PFPKB,Solar Photovoltaic,PV,,S,X,X,,,2.6, ,2.6,2.6, ,N, , ,OP,X,3,2018, , ,N,IPP Non-CHP,2,X,SUN,,,,,,,,,,N,N, ,10M,,,,,,,, , , , , , , , ,,, , , ,, , ,N,,
1015,Austin Energy,61741,Kingsberry Energy Storage System,5017 1/2 Alf Avenue,Austin,TX,78721,Travis,30.266028,-97.686139,TRE,ERCO,"Electric Reliability Council of Texas, Inc.",,22,RE,1,Electric Utility,N,,N,,N,,,,,Austin Energy,1015,TX,12.47, , ,Y,,,,,,,,1015,Austin Energy,Kingsberry Energy Storage System,TX,Travis,KBESS,Batteries,BA,,S,X,X,LZ_AEN,LZ_AEN,1.5, ,1.5,1.5,0,N, , ,OP,X,9,2018, , ,N,Electric Utility,1,X,MWH,,,,,,,,,,,, ,10M,,,,,,,, , , , , , , , ,,, , , ,, , ,,,
57416,"Acciona Energy USA Global, LLC",61773,"Palmas Wind, LLC",18551 Olimito North Rd,Rio Hondo,TX,78583,Cameron,26.288889,-97.496389,TRE,ERCO,"Electric Reliability Council of Texas, Inc.",,22,NR,2,IPP Non-CHP,N,,N,,N,,N,,,"South Texas Electric Coop, Inc",17583,TX,138, , ,N,,,,,,X,X,57416,"Acciona Energy USA Global, LLC","Palmas Wind, LLC",TX,Cameron,PW,Onshore Wind Turbine,WT,,S,X,X,,,144.9, ,142.6,142.6,0,N, , ,OP,X,11,2020, , ,N,IPP Non-CHP,2,X,WND,,,,,,,,,,N,N,46,,,,,,,,, , , , , , , , ,,, , , ,, , ,N,,
61396,"Midway Wind, LLC",61776,"Midway Wind, LLC",5894 CR 3865,Taft,TX,78390,San Patricio,27.954976,-97.300202,TRE,ERCO,"Electric Reliability Council of Texas, Inc.",,22,NR,2,IPP Non-CHP,N,,N,,N,,N,X,,AEP Texas Central Company,3278,TX,138, , ,N,,,,,,X,X,61396,"Midway Wind, LLC","Midway Wind, LLC",TX,San Patricio,MIDWY,Onshore Wind Turbine,WT,,S,X,X,,,162.9,0.95,162.9,162.9,0,N, , ,OP,X,8,2019, , ,N,IPP Non-CHP,2,X,WND,,,,,,,,,,N,,47,,,,,,,,, , , , , , , , ,,, , , ,, , ,,,
56570,Coleto Creek Power LP,6178,Coleto Creek,FM 2987 off Hwy 59,Fannin,TX,77960,Goliad,28.7128,-97.214167,TRE,ERCO,"Electric Reliability Council of Texas, Inc.",Coleto Creek Reservoir,22,NR,2,IPP Non-CHP,N,,N,,Y,04-55-000,Y,Y,OP,Oncor Electric Delivery Company LLC,44372,TX,138, , ,N,,,,,,N,X,56570,Coleto Creek Power LP,Coleto Creek,TX,Goliad,1,Conventional Steam Coal,ST,,W,X,X,,,622.4,0.9,655,655,175,N, , ,OP,X,6,1980, , ,N,IPP Non-CHP,2,X,SUB,,,,,,DFO,,,,N,N, ,OVER,,Y,,,Y,,, , , , , , , , ,,, , , ,, , ,N,N,N
56201,Engie North America,61782,Live Oak Wind Project,1440 CR 431,Eldorado,TX,76936,Schleicher,31.048557,-100.623114,TRE,ERCO,"Electric Reliability Council of Texas, Inc.",,22,NR,2,IPP Non-CHP,N,,N,,N,,N,X,,AEP Texas Central Company,3278,TX,345, , ,N,,,,,,N,N,56201,Engie North America,Live Oak Wind Project,TX,Schleicher,WTGS,Onshore Wind Turbine,WT,,W,X,X,,,199.5,0.95,199.5,199.5,2.6,N, , ,OP,X,3,2019, , ,N,IPP Non-CHP,2,X,WND,,,,,,,,,,,,76,,,,,,,,, , , , , , , , ,,, , , ,, , ,N,,
11269,Lower Colorado River Authority,6179,Fayette Power Project,6549 Power Plant Rd.,La Grange,TX,78945,Fayette,29.9172,-96.7506,TRE,ERCO,"Electric Reliability Council of Texas, Inc.",Lake Fayette,22,RE,1,Electric Utility,N,,N,,N,,N,X,,Lower Colorado River Authority,11269,,345, , ,N,,,,,,X,X,11269,Lower Colorado River Authority,Fayette Power Project,TX,Fayette,1,Conventional Steam Coal,ST,,J,X,X,,,615.0,0.9,590,598,156,N, , ,OP,X,6,1979, , ,N,Electric Utility,1,X,SUB,DFO,,,,,DFO,,,,N,N, ,OVER,,Y,,,Y,N,, , , , , , , , ,,, , , ,N, , ,Y,N,N
55983,Luminant Generation Company LLC,6180,Oak Grove (TX),P.O. Box 558,Franklin,TX,77856,Robertson,31.1803,-96.4866,TRE,ERCO,"Electric Reliability Council of Texas, Inc.",Twin Oak Reservoir,22,NR,2,IPP Non-CHP,N,,N,,N,,N,X,,Oncor Electric Delivery Company LLC,44372,TX,345, , ,N,,ENERGY TRANSFER COMPANY TEXAS PL LTD,,,,N,N,55983,Luminant Generation Company LLC,Oak Grove (TX),TX,Robertson,OG1,Conventional Steam Coal,ST,,S,X,X,,,916.8,0.96,855,855,348,N, , ,OP,X,4,2010, , ,N,IPP Non-CHP,2,X,LIG,,,,,,NG,,,,N,N, ,OVER,,Y,,,,Y,, , , , , , , , ,,, , , ,, , ,N,N,N
61060,Cypress Creek Renewables,61810,Chisum,Farm to Market Road 196,Blossom,TX,75416,Lamar,33.63291,-95.39071,TRE,ERCO,"Electric Reliability Council of Texas, Inc.",,22,NR,2,IPP Non-CHP,N,,N,,N,,N,,,Texas-New Mexico Power Co,40051,TX,22, , ,N,,,,,,X,X,61060,Cypress Creek Renewables,Chisum,TX,Lamar,GEN1,Solar Photovoltaic,PV,,S,X,X,,,10.0, ,10,10, ,N, , ,OP,X,12,2018, , ,N,IPP Non-CHP,2,X,SUN,,,,,,,,,,,, ,,,,,,,,, , , , , , , , ,,, , , ,, , ,,,
16624,"San Miguel Electric Coop, Inc",6183,San Miguel,6200 FM 3387,Christine,TX,78012,Atascosa,28.7044,-98.4775,TRE,ERCO,"Electric Reliability Council of Texas, Inc.",Wells,22,RE,1,Electric Utility,N,,N,,N,,Y,Y,OP,"South Texas Electric Coop, Inc",17583,TX,345, , ,N,,,,,,X,X,16624,"San Miguel Electric Coop, Inc",San Miguel,TX,Atascosa,1,Conventional Steam Coal,ST,,S,X,X,SAN_SANMIGG1,SAN_SANMIGG1,410.0,0.9,391,391,250,N, , ,OP,X,1,1982, , ,N,Electric Utility,1,X,LIG,,,,,,DFO,,,,N,N, ,OVER,,Y,,,Y,,, , , , , , , , ,,, , , ,, , ,N,N,N
61485,"Rio Bravo Windpower, LLC",61865,"Rio Bravo Windpower, LLC",399 Rancho Nuevo Rd,Roma,TX,78584,Starr,26.649,-99.0387,TRE,ERCO,"Electric Reliability Council of Texas, Inc.",,22,NR,2,IPP Non-CHP,N,,N,,Y,EG-18-90-000,,,,Electric Transmission Texas LLC,50174,,345, , ,N,,,,,,N,X,61485,"Rio Bravo Windpower, LLC","Rio Bravo Windpower, LLC",TX,Starr,1,Onshore Wind Turbine,WT,,S,X,X,,,237.6, ,237.6,237.6,3.5,N, , ,OP,X,6,2019, , ,N,IPP Non-CHP,2,X,WND,,,,,,,,,,N,,66,,,,,,,,, , , , , , , , ,,, , , ,, , ,N,,
61060,Cypress Creek Renewables,61867,Bovine,427 W FM 1093,Wallis,TX,76524,Austin,29.631324,-96.076894,TRE,ERCO,"Electric Reliability Council of Texas, Inc.",,22,NR,2,IPP Non-CHP,N,,N,,N,,N,,,CenterPoint Energy,8901,TX,34.5, , ,N,,,,,,X,X,61060,Cypress Creek Renewables,Bovine,TX,Austin,GEN1,Solar Photovoltaic,PV,,S,X,X,,,10.0, ,10,10, ,N, , ,OP,X,12,2018, , ,N,IPP Non-CHP,2,X,SUN,,,,,,,,,,,, ,,,,,,,,, , , , , , , , ,,, , , ,, , ,,,
61060,Cypress Creek Renewables,61868,Bronson,4343 FM 1875 Road #1,Beasley,TX,77417,Fort Bend,29.537482,-95.969548,TRE,ERCO,"Electric Reliability Council of Texas, Inc.",,22,NR,2,IPP Non-CHP,N,,N,,N,,N,,,CenterPoint Energy,8901,TX,34.5, , ,N,,,,,,X,X,61060,Cypress Creek Renewables,Bronson,TX,Fort Bend,GEN1,Solar Photovoltaic,PV,,S,X,X,,,10.0, ,10,10, ,N, , ,OP,X,12,2018, , ,N,IPP Non-CHP,2,X,SUN,,,,,,,,,,,, ,,,,,,,,, , , , , , , , ,,, , , ,, , ,,,
61060,Cypress Creek Renewables,61871,Sterling Solar (TX),CR 1060,Greenville,TX,75401,Hunt,33.166173,-96.172617,TRE,ERCO,"Electric Reliability Council of Texas, Inc.",,22,NR,2,IPP Non-CHP,N,,N,,N,,N,,,Oncor Electric Delivery Company LLC,44372,TX,24.9, , ,N,,,,,,X,X,61060,Cypress Creek Renewables,Sterling Solar (TX),TX,Hunt,GEN1,Solar Photovoltaic,PV,,S,X,X,,,10.0, ,10,10, ,N, , ,OP,X,11,2018, , ,N,IPP Non-CHP,2,X,SUN,,,,,,,,,,,, ,,,,,,,,, , , , , , , , ,,, , , ,, , ,,,
61677,Sol Systems,61872,Lampwick,HWY 29,Hext,TX,76848,Menard,30.872228,-99.537261,TRE,ERCO,"Electric Reliability Council of Texas, Inc.",,22,NR,2,IPP Non-CHP,N,,N,,N,,,,,Oncor Electric Delivery Company LLC,44372,TX,12.47, , ,N,,,,,,,,61677,Sol Systems,Lampwick,TX,Menard,GEN1,Solar Photovoltaic,PV,,S,X,X,,,7.5, ,7.5,7.5, ,N, , ,OP,X,11,2019, , ,N,IPP Non-CHP,2,X,SUN,,,,,,,,,,,, ,,,,,,,,, , , , , , , , ,,, , , ,, , ,,,
61060,Cypress Creek Renewables,61873,Yellow Jacket,TX-174,Meridian,TX,76665,Bosque,31.933841,-97.653747,TRE,ERCO,"Electric Reliability Council of Texas, Inc.",,22,NR,2,IPP Non-CHP,N,,N,,N,,N,X,,Texas-New Mexico Power Co,40051,TX,22, , ,N,,,,,,X,X,61060,Cypress Creek Renewables,Yellow Jacket,TX,Bosque,GEN1,Solar Photovoltaic,PV,,S,X,X,,,5.0, ,5,5, ,N, , ,OP,X,11,2018, , ,N,IPP Non-CHP,2,X,SUN,,,,,,,,,,,, ,,,,,,,,, , , , , , , , ,,, , , ,, , ,,,
61060,Cypress Creek Renewables,61874,Eddy II,698 Franklin Road,Eddy,TX,76524,McLennan,31.291151,-97.260738,TRE,ERCO,"Electric Reliability Council of Texas, Inc.",,22,NR,2,IPP Non-CHP,N,,N,,N,,N,X,,Oncor Electric Delivery Company LLC,44372,TX,24.9, , ,N,,,,,,X,X,61060,Cypress Creek Renewables,Eddy II,TX,McLennan,GEN1,Solar Photovoltaic,PV,,S,X,X,,,10.0, ,10,10, ,N, , ,OP,X,11,2018, , ,N,IPP Non-CHP,2,X,SUN,,,,,,,,,,,, ,,,,,,,,, , , , , , , , ,,, , , ,, , ,N,,
61060,Cypress Creek Renewables,61875,Cascade Solar (TX),10407 TX-60,Wharton,TX,77488,Wharton,29.205355,-96.023384,TRE,ERCO,"Electric Reliability Council of Texas, Inc.",,22,NR,2,IPP Non-CHP,N,,N,,N,,N,X,,CenterPoint Energy,8901,TX,12.47, , ,N,,,,,,X,X,61060,Cypress Creek Renewables,Cascade Solar (TX),TX,Wharton,GEN1,Solar Photovoltaic,PV,,S,X,X,,,10.0, ,10,10, ,N, , ,OP,X,4,2019, , ,N,IPP Non-CHP,2,X,SUN,,,,,,,,,,,, ,,,,,,,,, , , , , , , , ,,, , , ,, , ,,,
60146,Ameresco Federal Solutions,61887,Fort Bliss (DEA EPIC),11339 SSG SIMS RD,El Paso,TX,79918,El Paso,31.829986,-106.372861,TRE,EPE,El Paso Electric Company,,22,NR,2,IPP Non-CHP,N,,N,,N,,N,,,El Paso Electric Co,5701,TX,13.8, , ,N,,,,,,X,,60146,Ameresco Federal Solutions,Fort Bliss (DEA EPIC),TX,El Paso,DEPIC,Solar Photovoltaic,PV,,S,X,X,,,2.0, ,2,2, ,N, , ,OP,X,7,2018, , ,N,IPP Non-CHP,2,X,SUN,,,,,,,,,,N,N, ,,,,,,,,, , , , , , , , ,,, , , ,, , ,N,,
61944,MN8 Energy LLC,61895,Toyota HQ Plan,6565 Headquarters Dr,Plano,TX,75024,Collin,33.084219,-96.84113,TRE,ERCO,"Electric Reliability Council of Texas, Inc.",,22,NR,2,IPP Non-CHP,N,,Y,17-1531,N,,,,,Oncor Electric Delivery Company LLC,44372,TX,25, , ,N,,,,,,,,61944,MN8 Energy LLC,Toyota HQ Plan,TX,Collin,TOYHQ,Solar Photovoltaic,PV,,S,X,X,,,7.7, ,5.9,3.5, ,N, , ,OP,X,9,2017, , ,N,IPP Non-CHP,2,X,SUN,,,,,,,,,,,, ,,,,,,,,, , , , , , , , ,,, , , ,, , ,N,,
61515,"Phoebe Energy Project, LLC",61906,Phoebe Solar,11445 E St HWY 302,Kermit,TX,79745,Winkler,31.843422,-102.868295,TRE,ERCO,"Electric Reliability Council of Texas, Inc.",,22,NR,2,IPP Non-CHP,N,,N,,N,,N,,,Oncor Electric Delivery Company LLC,44372,TX,138, , ,N,,,,,,N,X,61515,"Phoebe Energy Project, LLC",Phoebe Solar,TX,Winkler,PHOEB,Solar Photovoltaic,PV,,S,X,X,,,250.0, ,250,250, ,N, , ,OP,X,11,2019, , ,N,IPP Non-CHP,2,X,SUN,,,,,,,,,,N,N, ,,,,,,,,, , , , , , , , ,,, , , ,, , ,N,,
61523,225DD 8me LLC,61920,Galloway 1 Solar Farm,1096 County Road 4508,Paint Rock,TX,76866,Concho,31.435932,-99.796613,TRE,ERCO,"Electric Reliability Council of Texas, Inc.",,22,NR,2,IPP Non-CHP,N,,N,,N,,N,X,,Lower Colorado River Authority,11269,,230, , ,N,,,,,,N,X,61523,225DD 8me LLC,Galloway 1 Solar Farm,TX,Concho,GSM01,Solar Photovoltaic,PV,,S,X,X,Galo_RN1,,250.0, ,250,250, ,N, , ,OP,X,10,2021, , ,N,IPP Non-CHP,2,X,SUN,,,,,,,,,,N,, ,,,,,,,,, , , , , , , , ,,, , , ,, , ,N,,
61527,"Tahoka Wind, LLC",61921,Tahoka Wind,2405 County Road 24,Tahoka,TX,79373,Lynn,33.150904,-101.679188,TRE,ERCO,"Electric Reliability Council of Texas, Inc.",,22,NR,2,IPP Non-CHP,N,,N,,Y,EG18-26-000,,,,Oncor Electric Delivery Company LLC,44372,TX,345, , ,N,,,,,,N,X,61527,"Tahoka Wind, LLC",Tahoka Wind,TX,Lynn,TAH,Onshore Wind Turbine,WT,,S,X,X,,,300.0, ,300,300,0,N, , ,OP,X,12,2018, , ,N,IPP Non-CHP,2,X,WND,,,,,,,,,,,,120,,,,,,,,, , , , , , , , ,,, , , ,, , ,N,,
17718,Southwestern Public Service Co,6193,Harrington,8400 N.Lakeside Dr.,Amarillo,TX,79108,Potter,35.29816,-101.747187,MRO,SWPP,Southwest Power Pool,Municipality,22,RE,1,Electric Utility,N,,N,,N,,N,X,,Southwestern Public Service Co,17718,TX,230, , ,N,,ONEOK WES TEX TRANSMISSION LLC,,,,N,N,17718,Southwestern Public Service Co,Harrington,TX,Potter,1,Natural Gas Steam Turbine,ST,,S,X,X,SPS.HARRNGTN1,SPS.HARRNGTN1,360.0,0.9,339,339,120,N, , ,OP,X,1,1976,12,2036,N,Electric Utility,1,X,NG,,,,,,NG,,,,N,N, ,OVER,,,,,,,, , , , , , , , ,ST,NG,360,2,2025,N, , ,Y,Y,N
17718,Southwestern Public Service Co,6194,Tolk,9m E. of Muleshoe on Hwy 70,Muleshoe,TX,79371,Lamb,34.186494,-102.56999,MRO,SWPP,Southwest Power Pool,Wells,22,RE,1,Electric Utility,N,,N,,N,,N,X,,Southwestern Public Service Co,17718,TX,230, , ,N,,ONEOK WES TEX TRANSMISSION LLC,EL PASO NATURAL GAS COMPANY LLC,,,N,N,17718,Southwestern Public Service Co,Tolk,TX,Lamb,1,Conventional Steam Coal,ST,,S,X,X,SPS.TOLK1,SPS.TOLK1,567.9,0.9,532,532,125,N, , ,OP,X,1,1982,12,2028,N,Electric Utility,1,X,SUB,NG,,,,,NG,,,,N,N, ,OVER,,Y,,,Y,,, , , , , , , , ,,, , , ,, , ,Y,Y,N
65411,Duke Energy Renewables Services,61962,Holstein 1 Solar Farm,9002 Hwy 153,Wingate,TX,79566,Nolan,32.104125,-100.162375,TRE,ERCO,"Electric Reliability Council of Texas, Inc.",,22,NR,2,IPP Non-CHP,N,,N,,Y,EG19-35-000,,,,Oncor Electric Delivery Company LLC,44372,TX,345, , ,N,,,,,,,,65411,Duke Energy Renewables Services,Holstein 1 Solar Farm,TX,Nolan,HSF01,Solar Photovoltaic,PV,,W,X,X,,,200.0, ,200,200, ,N, , ,OP,X,6,2020, , ,N,IPP Non-CHP,2,X,SUN,,,,,,,,,,,, ,,,,,,,,, , , , , , , , ,,, , , ,, , ,,,
64719,Victoria Port Power II,61966,Victoria Port Power II LLC,2050 Old Bloomington Road,Victoria,TX,77905,Victoria,28.698477,-96.946125,TRE,ERCO,"Electric Reliability Council of Texas, Inc.",,22,NR,2,IPP Non-CHP,N,,N,,N,,N,,,AEP Texas Central Company,3278,TX,138, , ,N,Other - See pipeline notes.,,,,Kinder Morgan Tennessee Pipeline,N,N,64719,Victoria Port Power II,Victoria Port Power II LLC,TX,Victoria,VP2-1,Natural Gas Fired Combustion Turbine,GT,,S,X,X,,,50.0,0.85,43,48,32,N, , ,OP,X,1,2022, , ,N,IPP Non-CHP,2,X,NG,,,,,,,,,,,, ,10M,,,,,,,, , , , , , , , ,,, , , ,, , ,N,,
61562,"Torrecillas Wind Energy, LLC",61969,"Torrecillas Wind Energy, LLC",7595 FM 2050,Bruni,TX,78344,Webb,27.614411,-98.7945,TRE,ERCO,"Electric Reliability Council of Texas, Inc.",,22,NR,2,IPP Non-CHP,N,,N,,N,,,,,Electric Transmission Texas LLC,50174,,345, , ,N,,,,,,,,61562,"Torrecillas Wind Energy, LLC","Torrecillas Wind Energy, LLC",TX,Webb,TWE,Onshore Wind Turbine,WT,,S,X,X,,,300.0, ,300,300,1,N, , ,OP,X,2,2019, , ,N,IPP Non-CHP,2,X,WND,,,,,,,,,,,,121,,,,,,,,, , , , , , , , ,,, , , ,, , ,,,
61563,"Blue Summit II Wind, LLC",61970,Blue Summit II Wind,17301 CR 97N,Vernon,TX,76384,Wilbarger,34.225882,-99.477986,TRE,ERCO,"Electric Reliability Council of Texas, Inc.",,22,NR,2,IPP Non-CHP,N,,N,,N,,,,,Electric Transmission Texas LLC,50174,,345, , ,N,,,,,,,,61563,"Blue Summit II Wind, LLC",Blue Summit II Wind,TX,Wilbarger,BSII,Onshore Wind Turbine,WT,,S,X,X,,,99.4, ,99.4,99.4,1,N, , ,OP,X,1,2019, , ,N,IPP Non-CHP,2,X,WND,,,,,,,,,,,,85,,,,,,,,, , , , , , , , ,,, , , ,, , ,,,
49893,Invenergy Services LLC,62038,Santa Rita East,20716 N. State Highway 163,Barnhart,TX,76930,Irion,31.207988,-101.110787,TRE,ERCO,"Electric Reliability Council of Texas, Inc.",,22,NR,2,IPP Non-CHP,N,,N,,N,,,,,Lower Colorado River Authority,11269,,345, , ,N,,,,,,,,49893,Invenergy Services LLC,Santa Rita East,TX,Irion,STRAE,Onshore Wind Turbine,WT,,S,X,X,,,302.4, ,302.4,302.4,13,N, , ,OP,X,6,2019, , ,N,IPP Non-CHP,2,X,WND,,,,,,,,,,,,120,,,,,,,,, , , , , , , , ,,, , , ,, , ,,,
65411,Duke Energy Renewables Services,62141,Rambler,8999 Jeremiah Lane,San Angelo,TX,76901,Tom Green,31.517,-100.6,TRE,ERCO,"Electric Reliability Council of Texas, Inc.",,22,NR,2,IPP Non-CHP,N,,N,,N,,,,,Lower Colorado River Authority,11269,,345, , ,N,,,,,,,,65411,Duke Energy Renewables Services,Rambler,TX,Tom Green,RMBLR,Solar Photovoltaic,PV,,W,X,X,,,200.0, ,200,200, ,N, , ,OP,X,6,2020, , ,N,IPP Non-CHP,2,X,SUN,,,,,,,,,,,, ,,,,,,,,, , , , , , , , ,,, , , ,, , ,,,
61683,Amadeus Wind LLC,62142,Amadeus Wind Farm,TBD,Rotan,TX,79546,Fisher,32.96736,-100.56428,TRE,ERCO,"Electric Reliability Council of Texas, Inc.",,22,NR,2,IPP Non-CHP,N,,N,,N,,N,,,Electric Transmission Texas LLC,50174,,345, , ,N,,,,,,X,X,61683,Amadeus Wind LLC,Amadeus Wind Farm,TX,Fisher,AM-TX,Onshore Wind Turbine,WT,,S,X,X,,,250.0, ,250,250,1,N, , ,OP,X,12,2020, , ,N,IPP Non-CHP,2,X,WND,,,,,,,,,,N,N,96,10M,,,,,,,, , , , , , , , ,,, , , ,, , ,N,,
57389,IKEA Property Inc,62152,IKEA Live Oak Rooftop PV System,1000 IKEA RBFCU Parkway,Live Oak,TX,78233,Bexar,29.48,-98.25,TRE,ERCO,"Electric Reliability Council of Texas, Inc.",,441,NR,4,Commercial Non-CHP,N,,Y,IKEA hasn't filed QF yet as the project is still U but will.,N,,N,X,,AEP Texas Central Company,3278,TX,0.48, , ,N,,,,,,N,N,57389,IKEA Property Inc,IKEA Live Oak Rooftop PV System,TX,Bexar,570,Solar Photovoltaic,PV,,S,X,X,,,1.7, ,1.7,1.7, ,N, , ,OP,X,4,2019, , ,N,Commercial Non-CHP,4,X,SUN,,,,,,,,,,,, ,,,,,,,,, , , , , , , , ,,, , , ,, , ,N,,
61727,Reloj del Sol Wind Farm LLC,62207,Reloj del Sol Wind Farm,4390 US HWY 83,San Ygnacio,TX,78067,Zapata,27.03028,-99.388388,TRE,ERCO,"Electric Reliability Council of Texas, Inc.",,22,NR,2,IPP Non-CHP,N,,N,,N,,N,,,Electric Transmission Texas LLC,50174,,345, , ,N,,,,,,N,N,61727,Reloj del Sol Wind Farm LLC,Reloj del Sol Wind Farm,TX,Zapata,RELOJ,Onshore Wind Turbine,WT,,S,X,X,,,209.4, ,209.4,209.4,20,N, , ,OP,X,5,2021, , ,N,IPP Non-CHP,2,X,WND,,,,,,,,,,,,51,,,,,,,,, , , , , , , , ,,, , , ,, , ,,,
56201,Engie North America,62227,"Seymour Hills Wind Project, LLC",TBD,Seymour,TX,76380,Baylor,33.57824,-99.1921,TRE,ERCO,"Electric Reliability Council of Texas, Inc.",,22,NR,2,IPP Non-CHP,N,,N,,N,,N,,,Brazos Electric Power Coop Inc,2172,,69, , ,N,,,,,,N,N,56201,Engie North America,"Seymour Hills Wind Project, LLC",TX,Baylor,WTGS,Onshore Wind Turbine,WT,,W,X,X,,,30.2,0.95,30.2,30.2,2.5,N, , ,OP,X,5,2019, , ,N,IPP Non-CHP,2,X,WND,,,,,,,,,,,,12,,,,,,,,, , , , , , , , ,,, , , ,, , ,N,,
63048,Misae Lessee LLC,62249,Misae Solar,Co Road AA,Childress,TX,79201,Childress,34.380532,-100.099625,TRE,ERCO,"Electric Reliability Council of Texas, Inc.",,22,NR,2,IPP Non-CHP,N,,N,,N,,N,,,Electric Transmission Texas LLC,50174,,345, , ,N,,,,,,N,N,63048,Misae Lessee LLC,Misae Solar,TX,Childress,77777,Solar Photovoltaic,PV,,W,X,X,,,240.0, ,240,240, ,N, , ,OP,X,1,2020, , ,N,IPP Non-CHP,2,X,SUN,,,,,,,,,,,, ,10M,,,,,,,, , , , , , , , ,,, , , ,, , ,,,
65411,Duke Energy Renewables Services,62258,Mesteno,200 FM 490,Rio Grande City,TX,78582,Starr,26.523692,-98.745522,TRE,ERCO,"Electric Reliability Council of Texas, Inc.",,22,NR,2,IPP Non-CHP,N,,N,,N,,,,,Electric Transmission Texas LLC,50174,,345, , ,N,,,,,,,,65411,Duke Energy Renewables Services,Mesteno,TX,Starr,MES,Onshore Wind Turbine,WT,,W,X,X,,,201.6, ,200,200,3,N, , ,OP,X,12,2019, , ,N,IPP Non-CHP,2,X,WND,,,,,,,,,,,,56,,,,,N,,,, , , , , , , , ,,, , , ,, , ,,,
61771,Ranchero Wind Farm LLC,62259,Ranchero Wind Farm LLC,TBD,Iraan,TX,79744,Crockett,30.594908,-101.453021,TRE,ERCO,"Electric Reliability Council of Texas, Inc.",,22,NR,2,IPP Non-CHP,N,,N,,Y,EG19-36-000,N,X,,Lower Colorado River Authority,11269,,345, , ,N,,,,,,X,X,61771,Ranchero Wind Farm LLC,Ranchero Wind Farm LLC,TX,Crockett,RAN,Onshore Wind Turbine,WT,,S,X,X,,,300.0,1,300,300,300,N, , ,OP,X,9,2019, , ,N,IPP Non-CHP,2,X,WND,,,,,,,,,,,,120,,,,,,,,, , , , , , , , ,,, , , ,, , ,N,,
61886,"Lockett Windfarm, LLC",62356,Lockett Windfarm,13072 US Hwy 183,Vernon,TX,76384,Wilbarger,34.072251,-99.264676,TRE,ERCO,"Electric Reliability Council of Texas, Inc.",,22,NR,2,IPP Non-CHP,N,,N,,Y,EG19-15-000,,,,Electric Transmission Texas LLC,50174,,345, , ,N,,,,,,,,61886,"Lockett Windfarm, LLC",Lockett Windfarm,TX,Wilbarger,LOC,Onshore Wind Turbine,WT,,S,X,X,,,183.8, ,183.8,183.8,0,N, , ,OP,X,9,2019, , ,N,IPP Non-CHP,2,X,WND,,,,,,,,,,,,75,,,,,,,,, , , , , , , , ,,, , , ,, , ,,,
61942,"Griffin Trail Wind, LLC",62411,Griffin Trail Wind,10447 US HWY 82,E Seymour,TX,76380,Knox,33.609313,-99.58229,TRE,ERCO,"Electric Reliability Council of Texas, Inc.",,22,NR,2,IPP Non-CHP,N,,N,,Y,EG19-89-000,,,,AEP Texas North Company,20404,TX,345, , ,N,,,,,,N,X,61942,"Griffin Trail Wind, LLC",Griffin Trail Wind,TX,Knox,GTWND,Onshore Wind Turbine,WT,,S,X,X,,,225.6, ,225.6,225.6,0.3,N, , ,OP,X,7,2021, , ,N,IPP Non-CHP,2,X,WND,,,,,,,,,,N,N,80,,,,,,,,, , , , , , , , ,,, , , ,, , ,N,,
56215,"Big Sky Wind, LLC",62415,West of the Pecos Solar,TBD,TBD,TX,79772,Reeves,31.4308,-103.7289,TRE,ERCO,"Electric Reliability Council of Texas, Inc.",,22,NR,2,IPP Non-CHP,N,,N,,Y,19-160,,,,Oncor Electric Delivery Company LLC,44372,TX,138, , ,N,,,,,,N,X,56215,"Big Sky Wind, LLC",West of the Pecos Solar,TX,Reeves,WOTP1,Solar Photovoltaic,PV,,S,X,X,W_PECOS_UNIT1,W_PECOS_UNIT1,100.0, ,100,100, ,N, , ,OP,X,12,2019, , ,N,IPP Non-CHP,2,X,SUN,,,,,,,,,,,, ,10M,,,,,,,, , , , , , , , ,,, , , ,, , ,N,,
56215,"Big Sky Wind, LLC",62416,Cranell Wind Farm LLC,TBD,TBD,TX,78393,Refugio,28.197778,-97.444953,TRE,ERCO,"Electric Reliability Council of Texas, Inc.",,22,NR,2,IPP Non-CHP,N,,N,,N,,N,,,AEP Texas Central Company,3278,TX,345, , ,N,,,,,,N,X,56215,"Big Sky Wind, LLC",Cranell Wind Farm LLC,TX,Refugio,WT1,Onshore Wind Turbine,WT,,S,X,X,,,220.0, ,220,220,0.1,N, , ,OP,X,1,2022, , ,N,IPP Non-CHP,2,X,WND,,,,,,,,,,N,N,100,,,,,,,,, , , , , , , , ,,, , , ,, , ,N,,
56215,"Big Sky Wind, LLC",62417,Peyton Creek Wind Farm LLC,4120 CR 222,Bay City,TX,77414,Matagorda,28.8433,-95.8631,TRE,ERCO,"Electric Reliability Council of Texas, Inc.",,22,NR,2,IPP Non-CHP,N,,N,,Y,19-180,,,,CenterPoint Energy,8901,TX,345, , ,N,,,,,,N,X,56215,"Big Sky Wind, LLC",Peyton Creek Wind Farm LLC,TX,Matagorda,WT1,Onshore Wind Turbine,WT,,S,X,X,,,151.2, ,151.2,151.2,25,N, , ,OP,X,6,2020, , ,N,IPP Non-CHP,2,X,WND,,,,,,,,,,N,N,48,,,,,,,,, , , , , , , , ,,, , , ,, , ,,,
2442,City of Bryan - (TX),6243,Dansby,8181 Mumford Road,Bryan,TX,77807,Brazos,30.7217,-96.4608,TRE,ERCO,"Electric Reliability Council of Texas, Inc.",Lake Bryan,22,RE,1,Electric Utility,N,,N,,N,,N,X,,City of Bryan - (TX),2442,TX,69, , ,N,,ENTERPRISE TEXAS PIPELINE,,,,N,X,2442,City of Bryan - (TX),Dansby,TX,Brazos,1,Natural Gas Steam Turbine,ST,,S,X,X,DANSBY,DANSBY,105.0,0.9,110,110,12,N, , ,OP,X,9,1978, , ,N,Electric Utility,1,X,NG,,,,,,NG,,,,N,, ,OVER,,,,,,,, , , , , , , , ,,, , , ,N, , ,N,N,N
65411,Duke Energy Renewables Services,62448,Lapetus,7351 Northwest 2001,Andrews,TX,79714,Andrews,32.460054,-102.672809,TRE,ERCO,"Electric Reliability Council of Texas, Inc.",,22,NR,2,IPP Non-CHP,N,,N,,N,,,,,Oncor Electric Delivery Company LLC,44372,TX,138, , ,N,,,,,,,,65411,Duke Energy Renewables Services,Lapetus,TX,Andrews,LAP,Solar Photovoltaic,PV,,W,X,X,,,100.0, ,100,100, ,N, , ,OP,X,12,2019, , ,N,IPP Non-CHP,2,X,SUN,,,,,,,,,,,, ,,,,,,,,, , , , , , , , ,,, , , ,, , ,,,
65925,Taygete Energy Project LLC,62483,Taygete Energy Project LLC,TBD,Coyanosa,TX,79730,Pecos,31.165245,-103.125868,TRE,ERCO,"Electric Reliability Council of Texas, Inc.",,22,NR,2,IPP Non-CHP,N,,N,,N,,N,,,AEP Texas Central Company,3278,TX,138, , ,N,,,,,,,,65925,Taygete Energy Project LLC,Taygete Energy Project LLC,TX,Pecos,PV1,Solar Photovoltaic,PV,,W,X,X,,,255.0, ,255,255, ,N, , ,OP,X,3,2021, , ,N,IPP Non-CHP,2,X,SUN,,,,,,,,,,,, ,,,,,,,,, , , , , , , , ,,, , , ,, , ,,,
64418,GSEone,62505,G.S.E. One LLC,1199 Co Rd 3115,Bonham,TX,75418,Fannin,33.500378,-96.146489,TRE,ERCO,"Electric Reliability Council of Texas, Inc.",,22,NR,2,IPP Non-CHP,N,,N,,N,,,,,Oncor Electric Delivery Company LLC,44372,TX,138, , ,N,,,,,,,,64418,GSEone,G.S.E. One LLC,TX,Fannin,1,Solar Photovoltaic,PV,,S,X,X,,,83.0, ,82.5,82.5, ,N, , ,OP,X,9,2021, , ,N,IPP Non-CHP,2,X,SUN,,,,,,,,,,,, ,,,,,,,,, , , , , , , , ,,, , , ,, , ,,,
21535,STP Nuclear Operating Co,6251,South Texas Project,8 mi. W. of Wadsworth on FM521,Wadsworth,TX,77483,Matagorda,28.795,-96.0481,TRE,ERCO,"Electric Reliability Council of Texas, Inc.",Colorado River,22,NR,2,IPP Non-CHP,N,,N,,N,,N,X,,Austin Energy,1015,TX,256, , ,N,,,,,,X,X,21535,STP Nuclear Operating Co,South Texas Project,TX,Matagorda,1,Nuclear,ST,,J,X,X,,,1354.3,0.9,1300,1340,1280,N, , ,OP,X,8,1988, , ,N,IPP Non-CHP,2,X,NUC,,,,,,,,,,N,N,0,OVER,,N,,,,,, , , , , , , , ,,, , , ,, , ,N,,
64758,SJRR   ,62548,SJRR Power LLC,18511 Beaumont Hwy,Houston,TX,77049,Harris,29.88193,-95.11148,TRE,ERCO,"Electric Reliability Council of Texas, Inc.",,22,NR,2,IPP Non-CHP,N,,N,,N,,,,,CenterPoint Energy,8901,TX,138, , ,N,,KINDER MORGAN TEJAS PIPELINE LLC,,,,N,,64758,SJRR   ,SJRR Power LLC,TX,Harris,SJ-1,Natural Gas Fired Combustion Turbine,GT,,S,X,X,,,50.0,0.85,43,48,34,N, , ,OP,X,6,2022, , ,N,IPP Non-CHP,2,X,NG,,,,,,,,,,,, ,10M,,,,,,,, , , , , , , , ,,, , , ,, , ,N,,
62047,"Roadrunner Solar, LLC",62561,"Roadrunner, LLC Hybrid",4209 FM 2463,McCamey,TX,79752,Upton,31.219444,-102.19222,TRE,ERCO,"Electric Reliability Council of Texas, Inc.",,22,NR,2,IPP Non-CHP,N,,N,,N,,,,,City of Garland - (TX),6958,TX,345, , ,Y,,,,,,,,62047,"Roadrunner Solar, LLC","Roadrunner, LLC Hybrid",TX,Upton,BA,Batteries,BA,,S,X,X,,,63.3, ,50,50, ,N, , ,OP,X,7,2023, , ,N,IPP Non-CHP,2,X,MWH,,,,,,,,,,,, ,10M,,,,,,,, , , , , , , , ,,, , , ,, , ,,,
62046,"High Lonesome Wind Power, LLC",62562,"High Lonesome Wind Power, LLC Hybrid",2731 W US Hwy 67,Rankin,TX,79778,Upton,31.171652,-101.881147,TRE,ERCO,"Electric Reliability Council of Texas, Inc.",,22,NR,2,IPP Non-CHP,N,,N,,Y,22-147-000,,,,Lower Colorado River Authority,11269,,345, , ,Y,,,,,,,,62046,"High Lonesome Wind Power, LLC","High Lonesome Wind Power, LLC Hybrid",TX,Upton,BA,Batteries,BA,,S,X,X,,,63.3, ,51,51,1,N, , ,OP,X,6,2023, , ,N,IPP Non-CHP,2,X,MWH,,,,,,,,,,,, ,10M,,,,,,,, , , , , , , , ,,, , , ,, , ,,,
62063,"Blue Summit III Wind, LLC",62566,Blue Summit III Wind,TBD,Chilicothe,TX,79225,Hardeman,34.170488,-99.563436,TRE,ERCO,"Electric Reliability Council of Texas, Inc.",,22,NR,2,IPP Non-CHP,N,,N,,N,,,,,AEP Texas Central Company,3278,TX,345, , ,N,,,,,,,,62063,"Blue Summit III Wind, LLC",Blue Summit III Wind,TX,Hardeman,BS3,Onshore Wind Turbine,WT,,S,X,X,,,200.2, ,200.2,200.2,1,N, , ,OP,X,12,2019, , ,N,IPP Non-CHP,2,X,WND,,,,,,,,,,,,82,,,,,,,,, , , , , , , , ,,, , , ,, , ,,,
62085,Mesquite Star Special LLC,62587,Mesquite Star,1125 F M 608,Roscoe,TX,79545,Nolan,32.255978,-100.320309,TRE,ERCO,"Electric Reliability Council of Texas, Inc.",,22,NR,2,IPP Non-CHP,N,,N,,N,,,,,"Big Country Electric Coop, Inc",1591,TX,345, , ,N,,,,,,,,62085,Mesquite Star Special LLC,Mesquite Star,TX,Nolan,MESQ,Onshore Wind Turbine,WT,,S,X,X,,,418.9, ,418.9,418.9,23,N, , ,OP,X,3,2020, , ,N,IPP Non-CHP,2,X,WND,,,,,,,,,,,,120,,,,,,,,, , , , , , , , ,,, , , ,, , ,,,
16604,City of San Antonio - (TX),62609,Commerce ESS,9800 W Commerce,San Antonio,TX,78227,Bexar,29.43445,-98.61765,TRE,ERCO,"Electric Reliability Council of Texas, Inc.",,22,RE,1,Electric Utility,N,,N,,N,,N,,,City of San Antonio - (TX),16604,TX,34, , ,Y,,,,,,,,16604,City of San Antonio - (TX),Commerce ESS,TX,Bexar,BA1,Batteries,BA,,S,X,X,SWRI,SWRI,10.0, ,10,10,0,N, , ,OP,X,6,2019, , ,N,Electric Utility,1,X,MWH,,,,,,,,,,,, ,10M,,,,,,,, , , , , , , , ,,, , , ,, , ,,,
16604,City of San Antonio - (TX),62610,Commerce Solar,9800 W Commerce,San Antonio,TX,78227,Bexar,29.43445,-98.61765,TRE,ERCO,"Electric Reliability Council of Texas, Inc.",,22,RE,1,Electric Utility,N,,N,,N,,,,,City of San Antonio - (TX),16604,TX,34, , ,N,,,,,,,,16604,City of San Antonio - (TX),Commerce Solar,TX,Bexar,PV1,Solar Photovoltaic,PV,,S,X,X,LZCPS,LZCPS,5.0, ,5,5,0,N, , ,OP,X,12,2019, , ,N,Electric Utility,1,X,SUN,,,,,,,,,,,, ,,,,,,,,, , , , , , , , ,,, , , ,, , ,,,
62106,Hidalgo Wind Farm II LLC,62618,Hidalgo Wind Farm II,41420 FM 490,Edinburg,TX,78541,Hidalgo,26.492862,-98.448267,TRE,ERCO,"Electric Reliability Council of Texas, Inc.",,22,NR,2,IPP Non-CHP,N,,N,,N,,,,,Electric Transmission Texas LLC,50174,,345, , ,N,,,,,,,,62106,Hidalgo Wind Farm II LLC,Hidalgo Wind Farm II,TX,Hidalgo,WT,Onshore Wind Turbine,WT,,S,X,X,,,50.4, ,50.4,50.4,1,N, , ,OP,X,2,2020, , ,N,IPP Non-CHP,2,X,WND,,,,,,,,,,,,14,,,,,,,,, , , , , , , , ,,, , , ,, , ,,,
62113,"Sage Draw Wind, LLC",62620,Sage Draw Wind,789 FM 212,Wilson,TX,79381,Lynn,33.303497,-101.65722,TRE,ERCO,"Electric Reliability Council of Texas, Inc.",,22,NR,2,IPP Non-CHP,N,,N,,Y,PUCT-49411,N,,,Sharyland Utilities LP,17008,,345, , ,N,,,,,,,,62113,"Sage Draw Wind, LLC",Sage Draw Wind,TX,Lynn,SD,Onshore Wind Turbine,WT,,S,X,X,,,338.4, ,338.4,338.4,0,N, , ,OP,X,8,2021, , ,N,IPP Non-CHP,2,X,WND,,,,,,,,,,,,120,,,,,,,,, , , , , , , , ,,, , , ,, , ,,,
56201,Engie North America,62630,Jumbo Hill Wind Project,8404 SW 100,Andrews,TX,79714,Andrews,32.386,-102.949,TRE,ERCO,"Electric Reliability Council of Texas, Inc.",,22,NR,2,IPP Non-CHP,N,,N,,N,,,,,Oncor Electric Delivery Company LLC,44372,TX,138, , ,N,,,,,,,,56201,Engie North America,Jumbo Hill Wind Project,TX,Andrews,WTGS1,Onshore Wind Turbine,WT,,W,X,X,,,160.7, ,160.7,160.7,2.8,N, , ,OP,X,3,2020, , ,N,IPP Non-CHP,2,X,WND,,,,,,,,,,,,57,,,,,,,,, , , , , , , , ,,, , , ,, , ,,,
58270,GE Wind Energy LLC,62642,GE-Lubbock,103 Runway Drive,Lubbock,TX,79416,Lubbock,33.59145,-102.056875,MRO,SWPP,Southwest Power Pool,,22,NR,2,IPP Non-CHP,N,,Y,QF11-143-000,N,,,,,South Plains Electric Coop Inc,17561,TX,690, , ,N,,,,,,,,58270,GE Wind Energy LLC,GE-Lubbock,TX,Lubbock,GE-P2,Onshore Wind Turbine,WT,,S,X,X,,,2.5, ,2.5,2.5,0.1,N, , ,OP,X,4,2014, , ,N,IPP Non-CHP,2,X,WND,,,,,,,,,,N,N,1,,,,,,,,, , , , , , , , ,,, , , ,, , ,,,
62635,Wildcat Creek Wind Farm LLC,62715,Wildcat Creek Wind Farm LLC,7234 FM 1198,Gainesville,TX,76240,Cooke,33.54915,-97.32958,TRE,ERCO,"Electric Reliability Council of Texas, Inc.",,22,NR,2,IPP Non-CHP,N,,N,,N,,,,,Oncor Electric Delivery Company LLC,44372,TX,345, , ,N,,,,,,,,62635,Wildcat Creek Wind Farm LLC,Wildcat Creek Wind Farm LLC,TX,Cooke,WCCWF,Onshore Wind Turbine,WT,,S,X,X,,,175.3, ,175.3,175.3,7.8,N, , ,OP,X,7,2021, , ,N,IPP Non-CHP,2,X,WND,,,,,,,,,,,,51,,,,,,,,, , , , , , , , ,,, , , ,, , ,,,
61728,GlidePath Power Operations LLC,62753,Prospect Storage,250 Ellis Lane,West Columbia,TX,77486,Brazoria,29.149166,-95.651111,TRE,ERCO,"Electric Reliability Council of Texas, Inc.",,22,NR,2,IPP Non-CHP,N,,N,,N,,N,X,,Texas-New Mexico Power Co,40051,TX,12.47, , ,Y,,,,,,N,N,61728,GlidePath Power Operations LLC,Prospect Storage,TX,Brazoria,BESS,Batteries,BA,,S,X,X,,,9.9, ,9.9,9.9,0.1,N, , ,OP,X,1,2020, , ,N,IPP Non-CHP,2,X,MWH,,,,,,,,,,,, ,10M,,,,,,,, , , , , , , , ,,, , , ,, , ,,,
65890,"Prospero Energy Project, LLC (Longroad)",62755,Prospero Solar,7598 SW 540,Andrews,TX,79714,Andrews,32.287873,-102.840399,TRE,ERCO,"Electric Reliability Council of Texas, Inc.",,22,NR,2,IPP Non-CHP,N,,N,,N,,,,,Oncor Electric Delivery Company LLC,44372,TX,345, , ,N,,,,,,X,X,65890,"Prospero Energy Project, LLC (Longroad)",Prospero Solar,TX,Andrews,PROSP,Solar Photovoltaic,PV,,S,X,X,,,300.0, ,300,300, ,N, , ,OP,X,6,2020, , ,N,IPP Non-CHP,2,X,SUN,,,,,,,,,,N,N, ,,,,,,,,, , , , , , , , ,,, , , ,, , ,N,,
58303,Energy Systems Group LLC,62762,NASA Johnson Space Center CHP,"Building 24 N, 2101 NASA Parkw",Houston,TX,77058,Harris,29.562372,-95.089302,TRE,ERCO,"Electric Reliability Council of Texas, Inc.",,22,NR,3,IPP CHP,N,,N,,N,,N,,,CenterPoint Energy,8901,TX,12.47, , ,N,CENTERPOINT ENERGY,MONUMENT PIPELINE LP,,,,N,N,58303,Energy Systems Group LLC,NASA Johnson Space Center CHP,TX,Harris,CTG-1,Natural Gas Fired Combustion Turbine,GT,,W,X,X,,,5.6,0.99,5.3,5.7,2.3,N, , ,OP,X,7,2018, , ,Y,IPP CHP,3,T,NG,,,,,,,,,,N,N, ,1H,,,,,,,, , , , , , , , ,,, , , ,, , ,N,N,
65905,"El Campo Wind, LLC (Longroad)",62765,El Campo Wind,5309 FM 1756 East,Truscott,TX,79227,Knox,33.732181,-99.726392,TRE,ERCO,"Electric Reliability Council of Texas, Inc.",,22,NR,2,IPP Non-CHP,N,,N,,N,,,,,Electric Transmission Texas LLC,50174,,345, , ,N,,,,,,,,65905,"El Campo Wind, LLC (Longroad)",El Campo Wind,TX,Knox,CAMPO,Onshore Wind Turbine,WT,,S,X,X,,,242.8, ,242.8,242.8,0,N, , ,OP,X,12,2020, , ,N,IPP Non-CHP,2,X,WND,,,,,,,,,,N,N,67,,,,,,,,, , , , , , , , ,,, , , ,, , ,N,,
62680,BT Coniglio Solar LLC,62772,Coniglio Solar,1986 County Road 3740,Wolfe City,TX,75496,Fannin,33.404486,-96.082472,TRE,ERCO,"Electric Reliability Council of Texas, Inc.",,22,NR,2,IPP Non-CHP,N,,N,,N,,N,,,Oncor Electric Delivery Company LLC,44372,TX,138, , ,N,,,,,,X,X,62680,BT Coniglio Solar LLC,Coniglio Solar,TX,Fannin,BTCON,Solar Photovoltaic,PV,,S,X,X,,,123.6, ,123.6,123.6, ,N, , ,OP,X,8,2021, , ,N,IPP Non-CHP,2,X,SUN,,,,,,,,,,N,, ,10M,,,,,,,, , , , , , , , ,,, , , ,, , ,,,
60496,"Adapture Renewables, Inc.",62773,"BT Cooke Solar, LLC",965 West Spring Road,Gainsville,TX,76240,Cooke,33.5493,-97.1798,TRE,ERCO,"Electric Reliability Council of Texas, Inc.",,22,NR,2,IPP Non-CHP,N,,N,,N,,,,,Oncor Electric Delivery Company LLC,44372,TX,138, , ,N,,,,,,,,60496,"Adapture Renewables, Inc.","BT Cooke Solar, LLC",TX,Cooke,BTCOO,Solar Photovoltaic,PV,,S,X,X,,,59.0, ,59,59, ,N, , ,OP,X,12,2020, , ,N,IPP Non-CHP,2,X,SUN,,,,,,,,,,,, ,,,,,,,,, , , , , , , , ,,, , , ,, , ,,,
62682,"Kellam Solar, LLC",62774,Kellam Solar,9990 FM 773,Ben Wheeler,TX,75754,Van Zandt,32.4744,-95.7156,TRE,ERCO,"Electric Reliability Council of Texas, Inc.",,22,NR,2,IPP Non-CHP,N,,N,,Y,EG21-15-000,N,,,"East Texas Electric Coop, Inc",39347,,138, , ,N,,,,,,X,X,62682,"Kellam Solar, LLC",Kellam Solar,TX,Van Zandt,BTKEL,Solar Photovoltaic,PV,,J,X,X,,,59.0, ,59,59, ,N, , ,OP,X,12,2020, , ,N,IPP Non-CHP,2,X,SUN,,,,,,,,,,N,, ,10M,,,,,,,, , , , , , , , ,,, , , ,, , ,N,,
56215,"Big Sky Wind, LLC",62783,Blackjack Creek Wind Farm,TBD,Skidmore,TX,78389,Bee,28.2078,-97.522673,TRE,ERCO,"Electric Reliability Council of Texas, Inc.",,22,NR,2,IPP Non-CHP,N,,N,,N,,N,,,AEP Texas Central Company,3278,TX,345, , ,N,,,,,,X,X,56215,"Big Sky Wind, LLC",Blackjack Creek Wind Farm,TX,Bee,BLKJK,Onshore Wind Turbine,WT,,S,X,X,,,239.6, ,239.6,239.6,22,N, , ,OP,X,5,2023, , ,N,IPP Non-CHP,2,X,WND,,,,,,,,,,,,50,,,,,,,,, , , , , , , , ,,, , , ,, , ,N,,
62705,Concho Bluff LLC,62804,Greasewood Solar,Oswego Road,Fort Stockton,TX,79735,Pecos,31.030996,-102.488209,TRE,ERCO,"Electric Reliability Council of Texas, Inc.",,22,NR,2,IPP Non-CHP,N,,N,,N,,,,,City of Garland - (TX),6958,TX,345, , ,N,,,,,,,,62705,Concho Bluff LLC,Greasewood Solar,TX,Pecos,GREA1,Solar Photovoltaic,PV,,S,X,X,,,255.0, ,255,255, ,N, , ,OP,X,2,2021, , ,N,IPP Non-CHP,2,X,SUN,,,,,,,,,,,, ,,,,,,,,, , , , , , , , ,,, , , ,, , ,,,
62659,BMP Wind LLC,62809,BMP Wind (TX),TBD,Baird,TX,79504,Callahan,32.28938,-99.291596,TRE,ERCO,"Electric Reliability Council of Texas, Inc.",,22,NR,2,IPP Non-CHP,N,,N,,N,,,,,AEP Texas Central Company,3278,TX,345, , ,N,,,,,,,,62659,BMP Wind LLC,BMP Wind (TX),TX,Callahan,BMP,Onshore Wind Turbine,WT,,S,X,X,,,340.0, ,340,340,23,N, , ,OP,X,12,2021, , ,N,IPP Non-CHP,2,X,WND,,,,,,,,,,,,68,,,,,,,,, , , , , , , , ,,, , , ,, , ,,,
65411,Duke Energy Renewables Services,62836,Maryneal Windpower,1793 County Rd 273,Maryneal,TX,79535,Nolan,32.199366,-100.491908,TRE,ERCO,"Electric Reliability Council of Texas, Inc.",,22,NR,2,IPP Non-CHP,N,,N,,N,,,,,Lower Colorado River Authority,11269,,345, , ,N,,,,,,,,65411,Duke Energy Renewables Services,Maryneal Windpower,TX,Nolan,MNW,Onshore Wind Turbine,WT,,W,X,X,,,182.4, ,182.4,182.4,0.1,N, , ,OP,X,7,2021, , ,N,IPP Non-CHP,2,X,WND,,,,,,,,,,,,38,,,,,,,,, , , , , , , , ,,, , , ,, , ,,,
56201,Engie North America,62845,ENGIE Long Draw Solar LLC,TBD,Gail,TX,79738,Borden,32.741383,-101.621793,TRE,ERCO,"Electric Reliability Council of Texas, Inc.",,22,NR,2,IPP Non-CHP,N,,N,,N,,,,,Wind Energy Transmission Texas LLC,60066,,345, , ,N,,,,,,,,56201,Engie North America,ENGIE Long Draw Solar LLC,TX,Borden,SP1,Solar Photovoltaic,PV,,W,X,X,,,225.0, ,225,225, ,N, , ,OP,X,12,2020, , ,N,IPP Non-CHP,2,X,SUN,,,,,,,,,,,, ,,,,,,,,, , , , , , , , ,,, , , ,, , ,,,
59050,Algonquin Power Co,62853,Maverick Creek Wind,Hwy 83,Eden,TX,76837,Concho,31.262546,-99.843961,TRE,ERCO,"Electric Reliability Council of Texas, Inc.",,22,NR,2,IPP Non-CHP,N,,N,,N,,,,,Lower Colorado River Authority,11269,,345, , ,N,,,,,,,,59050,Algonquin Power Co,Maverick Creek Wind,TX,Concho,MVRCK,Onshore Wind Turbine,WT,,S,X,X,,,491.6, ,491.6,491.6,1,N, , ,OP,X,3,2022, , ,N,IPP Non-CHP,2,X,WND,,,,,,,,,,N,N,127,,,,,,,,, , , , , , , , ,,, , , ,, , ,N,,
56215,"Big Sky Wind, LLC",62855,West Raymond Wind Farm LLC,TBA,Lyford,TX,78569,Willacy,26.376651,-97.993045,TRE,ERCO,"Electric Reliability Council of Texas, Inc.",,22,NR,2,IPP Non-CHP,N,,N,,N,,,,,AEP Texas Central Company,3278,TX,345, , ,N,,,,,,N,X,56215,"Big Sky Wind, LLC",West Raymond Wind Farm LLC,TX,Willacy,WRAYM,Onshore Wind Turbine,WT,,S,X,X,,,239.8, ,239.8,239.8,22,N, , ,OP,X,10,2021, , ,N,IPP Non-CHP,2,X,WND,,,,,,,,,,,,109,,,,,,,,, , , , , , , , ,,, , , ,, , ,N,,
56215,"Big Sky Wind, LLC",62909,"Raymond Wind Farm, LLC",TBD,Lyford,TX,78569,Willacy,26.364153,-97.780439,TRE,ERCO,"Electric Reliability Council of Texas, Inc.",,22,NR,2,IPP Non-CHP,N,,N,,N,,,,,AEP Texas Central Company,3278,TX,345, , ,N,,,,,,X,X,56215,"Big Sky Wind, LLC","Raymond Wind Farm, LLC",TX,Willacy,ERAYM,Onshore Wind Turbine,WT,,S,X,X,,,200.2, ,200.2,200.2,22,N, , ,OP,X,6,2021, , ,N,IPP Non-CHP,2,X,WND,,,,,,,,,,N,N,91,,,,,,,,, , , , , , , , ,,, , , ,, , ,,,
62789,Oberon Solar IB,62932,Oberon IB,31600 W I-20,Odessa,TX,79760,Ector,31.692358,-102.69743,TRE,ERCO,"Electric Reliability Council of Texas, Inc.",,22,NR,2,IPP Non-CHP,N,,N,,N,,,,,Oncor Electric Delivery Company LLC,44372,TX,138, , ,N,,,,,,,,62789,Oberon Solar IB,Oberon IB,TX,Ector,OBR1B,Solar Photovoltaic,PV,,W,X,X,,,30.0, ,30,30, ,N, , ,OP,X,7,2020, , ,N,IPP Non-CHP,2,X,SUN,,,,,,,,,,,, ,,,,,,,,, , , , , , , , ,,, , , ,, , ,,,
62788,Oberon Solar IA,62933,Oberon IA,31600 W I-20,Odessa,TX,79760,Ector,31.703258,-102.701206,TRE,ERCO,"Electric Reliability Council of Texas, Inc.",,22,NR,2,IPP Non-CHP,N,,N,,Y,EG19-94-000,N,,,Oncor Electric Delivery Company LLC,44372,TX,138, , ,N,,,,,,N,X,62788,Oberon Solar IA,Oberon IA,TX,Ector,OBR1A,Solar Photovoltaic,PV,,J,X,X,,,150.0, ,150,150, ,N, , ,OP,X,7,2020, , ,N,IPP Non-CHP,2,X,SUN,,,,,,,,,,N,N, ,,,,,,,,, , , , , , , , ,,, , , ,, , ,,,
62794,"AP Solar 2, LLC",62945,Fighting Jays Solar Project,TBD,Needville,TX,77461,Fort Bend,29.358425,-95.746388,TRE,ERCO,"Electric Reliability Council of Texas, Inc.",,22,NR,2,IPP Non-CHP,N,,N,,Y,20210920-5015,N,X,,CenterPoint Energy,8901,TX,345, , ,N,,,,,,X,X,62794,"AP Solar 2, LLC",Fighting Jays Solar Project,TX,Fort Bend,FJSOL,Solar Photovoltaic,PV,,S,X,X,,,227.5, ,227.5,227.5, ,N, , ,OP,X,6,2022, , ,N,IPP Non-CHP,2,X,SUN,,,,,,,,,,,, ,,,,,,,,, , , , , , , , ,,, , , ,, , ,N,,
61677,Sol Systems,62953,Griffin Solar,1301 Greig Dr,Robinson,TX,76706,McLennan,31.474114,-97.141218,TRE,ERCO,"Electric Reliability Council of Texas, Inc.",,22,NR,2,IPP Non-CHP,N,,Y,QF19-1277-000,N,,,,,Oncor Electric Delivery Company LLC,44372,TX,12.47,7.2, ,N,,,,,,,,61677,Sol Systems,Griffin Solar,TX,McLennan,1080,Solar Photovoltaic,PV,,S,X,X,,,5.0, ,5,5, ,N, , ,OP,X,11,2019, , ,N,IPP Non-CHP,2,X,SUN,,,,,,,,,,,, ,,,,,,,,, , , , , , , , ,,, , , ,, , ,,,
61677,Sol Systems,63027,Mars Solar,25564 State Highway 359,Bruni,TX,78344,Webb,27.421553,-98.834962,TRE,ERCO,"Electric Reliability Council of Texas, Inc.",,22,NR,2,IPP Non-CHP,N,,Y,QF19-603,N,,,,,AEP Texas Central Company,3278,TX,12.47, , ,N,,,,,,,,61677,Sol Systems,Mars Solar,TX,Webb,20,Solar Photovoltaic,PV,,S,X,X,,,10.0, ,10,10, ,N, , ,OP,X,8,2019, , ,N,IPP Non-CHP,2,X,SUN,,,,,,,,,,,, ,,,,,,,,, , , , , , , , ,,, , , ,, , ,,,
64495,Canadian Breaks LLC,63030,"Canadian Breaks, LLC",6237 CR 44,Vega,TX,79092,Deaf Smith,35.200164,-102.315517,TRE,ERCO,"Electric Reliability Council of Texas, Inc.",,22,NR,2,IPP Non-CHP,N,,N,,Y,EG19-115-000,N,X,,Oncor Electric Delivery Company LLC,44372,TX,345, , ,N,,,,,,N,X,64495,Canadian Breaks LLC,"Canadian Breaks, LLC",TX,Deaf Smith,CBRKS,Onshore Wind Turbine,WT,,W,X,X,CN_BRKS_UNIT_1,,210.1, ,210.1,210.1,0,N, , ,OP,X,12,2019, , ,N,IPP Non-CHP,2,X,WND,,,,,,,,,,N,N,87,,,,,,,,, , , , , , , , ,,, , , ,, , ,N,N,
56201,Engie North America,63100,Prairie Hill Wind Project,606 FM 342,Mart,TX,76664,Limestone,31.549868,-96.904072,TRE,ERCO,"Electric Reliability Council of Texas, Inc.",,22,NR,2,IPP Non-CHP,N,,N,,N,,,,,Oncor Electric Delivery Company LLC,44372,TX,345, , ,N,,,,,,,,56201,Engie North America,Prairie Hill Wind Project,TX,Limestone,WTG,Onshore Wind Turbine,WT,,W,X,X,,,300.0, ,300,300,3,N, , ,OP,X,12,2020, , ,N,IPP Non-CHP,2,X,WND,,,,,,,,,,,,100,,,,,,,,, , , , , , , , ,,, , , ,, , ,,,
56201,Engie North America,63101,Las Lomas Wind Project,TBD,Falcon,TX,78564,Zapata,26.69842,-99.05745,TRE,ERCO,"Electric Reliability Council of Texas, Inc.",,22,NR,2,IPP Non-CHP,N,,N,,N,,,,,AEP Texas Central Company,3278,TX,138, , ,N,,,,,,,,56201,Engie North America,Las Lomas Wind Project,TX,Zapata,WTG,Onshore Wind Turbine,WT,,W,X,X,,,201.6, ,201.6,201.6,4.2,N, , ,OP,X,12,2020, , ,N,IPP Non-CHP,2,X,WND,,,,,,,,,,,,48,,,,,,,,, , , , , , , , ,,, , , ,, , ,,,
62627,Cardinal Renewables,63180,"TPE Whitney Solar, LLC",468 County Road 1145,Kopperl,TX,76652,Bosque,32.05,-97.35,TRE,ERCO,"Electric Reliability Council of Texas, Inc.",,22,NR,2,IPP Non-CHP,N,,Y,18-56-000,N,,,,,United Electric Coop Service Inc - (TX),19490,TX,24.5, , ,N,,,,,,,,62627,Cardinal Renewables,"TPE Whitney Solar, LLC",TX,Bosque,TXWHT,Solar Photovoltaic,PV,,S,X,X,,,9.9, ,9.9,9.9, ,N, , ,OP,X,12,2017, , ,N,IPP Non-CHP,2,X,SUN,,,,,,,,,,N,, ,,,,,,,,, , , , , , , , ,,, , , ,, , ,,,
49893,Invenergy Services LLC,63194,Delilah Solar Energy LLC,TBD,Bogota,TX,75426,Red River,33.284418,-95.163557,TRE,ERCO,"Electric Reliability Council of Texas, Inc.",,22,NR,2,IPP Non-CHP,N,,N,,N,,,,,Oncor Electric Delivery Company LLC,44372,TX,345, , ,N,,,,,,,,49893,Invenergy Services LLC,Delilah Solar Energy LLC,TX,Red River,GEN1,Solar Photovoltaic,PV,,S,X,X,,,300.0, ,300,300, ,N, , ,OP,X,12,2024, , ,,IPP Non-CHP,2,,SUN,,,,,,,,,,,, ,,,,,,,,, , , , , , , , ,,, , , ,, , ,,,
62993,"Aviator Wind, LLC",63209,Aviator Wind,132 Cemetery Rd,Robert Lee,TX,76945,Coke,31.79261,-100.69729,TRE,ERCO,"Electric Reliability Council of Texas, Inc.",,22,NR,2,IPP Non-CHP,N,,N,,N,,N,,,Lower Colorado River Authority,11269,,345, , ,N,,,,,,,,62993,"Aviator Wind, LLC",Aviator Wind,TX,Coke,AVTOR,Onshore Wind Turbine,WT,,S,X,X,,,525.0,0.95,525,525,0,N, , ,OP,X,6,2021, , ,N,IPP Non-CHP,2,X,WND,,,,,,,,,,N,N,191,,,,,,,,, , , , , , , , ,,, , , ,, , ,N,,
49893,Invenergy Services LLC,63211,Samson Solar Energy,TBD,Cunningham,TX,75435,Franklin,33.25102,-95.193426,TRE,ERCO,"Electric Reliability Council of Texas, Inc.",,22,NR,2,IPP Non-CHP,N,,N,,N,,,,,Oncor Electric Delivery Company LLC,44372,TX,345, , ,N,,,,,,,,49893,Invenergy Services LLC,Samson Solar Energy,TX,Franklin,GEN1,Solar Photovoltaic,PV,,S,X,X,,,250.0, ,250,250, ,N, , ,OP,X,5,2022, , ,N,IPP Non-CHP,2,X,SUN,,,,,,,,,,N,N, ,,,,,,,,, , , , , , , , ,,, , , ,, , ,,,
62842,"Lightsource Renewable Energy Asset Management, LLC",63222,Impact Solar 1,6795 FM 1503,Deport,TX,75435,Lamar,33.467803,-95.370856,TRE,ERCO,"Electric Reliability Council of Texas, Inc.",,22,NR,2,IPP Non-CHP,N,,N,,Y,EG20-18-000,,,,Oncor Electric Delivery Company LLC,44372,TX,345, , ,N,,,,,,X,X,62842,"Lightsource Renewable Energy Asset Management, LLC",Impact Solar 1,TX,Lamar,TXIM1,Solar Photovoltaic,PV,,W,X,X,IMP_RN1,ERCOT-N,198.5,0.95,198.5,198.5, ,N, , ,OP,X,12,2020, , ,N,IPP Non-CHP,2,X,SUN,,,,,,,,,,N,N,0,,,,,N,,,, , , , , , , , ,,, , , ,, , ,N,,
55983,Luminant Generation Company LLC,63223,Brightside,431 CR 329,Beeville,TX,78102,Bee,28.430988,-97.889555,TRE,ERCO,"Electric Reliability Council of Texas, Inc.",,22,NR,2,IPP Non-CHP,N,,N,,N,,N,,,AEP Texas Central Company,3278,TX,138,69, ,N,,,,,,,,55983,Luminant Generation Company LLC,Brightside,TX,Bee,UNIT1,Solar Photovoltaic,PV,,S,X,X,,,50.7,0.9,50.7,50.7,0,N, , ,OP,X,5,2022, , ,N,IPP Non-CHP,2,X,SUN,,,,,,,,,,,, ,,,,,,,,, , , , , , , , ,,, , , ,, , ,,,
55983,Luminant Generation Company LLC,63233,Emerald Grove,25106 Hwy 67 S,Crane,TX,79731,Pecos,31.09331,-102.35964,TRE,ERCO,"Electric Reliability Council of Texas, Inc.",,22,NR,2,IPP Non-CHP,N,,N,,N,,N,,,Lower Colorado River Authority,11269,,138, , ,N,,,,,,,,55983,Luminant Generation Company LLC,Emerald Grove,TX,Pecos,UNIT1,Solar Photovoltaic,PV,,S,X,X,,,108.0,0.9,108,108, ,N, , ,OP,X,3,2023, , ,N,IPP Non-CHP,2,X,SUN,,,,,,,,,,,, ,,,,,,,,, , , , , , , , ,,, , , ,, , ,,,
63012,"2W Permian Solar, LLC",63255,2W Permian Solar Project Hybrid,8038 SW 1501,Andrews,TX,79714,Andrews,32.116388,-102.528333,TRE,ERCO,"Electric Reliability Council of Texas, Inc.",,22,NR,2,IPP Non-CHP,N,,N,,N,,,,,Oncor Electric Delivery Company LLC,44372,TX,345, , ,Y,,,,,,,,63012,"2W Permian Solar, LLC",2W Permian Solar Project Hybrid,TX,Andrews,2WPBA,Batteries,BA,,S,X,X,,,40.0, ,40,40,0.1,N, , ,OP,X,10,2021, , ,N,IPP Non-CHP,2,X,MWH,,,,,,,,,,,, ,10M,,,,,,,, , , , , , , , ,,, , , ,, , ,,,
62161,"Cubico USA, LLC",63273,Wagyu,2114 County Rd 456,Damon,TX,77430,Brazoria,29.242304,-95.658144,TRE,ERCO,"Electric Reliability Council of Texas, Inc.",,22,NR,2,IPP Non-CHP,N,,N,,Y,"EG20-158, EG20-159, EG20-160, EG20-161",N,,,CenterPoint Energy,8901,TX,138, , ,N,,,,,,X,X,62161,"Cubico USA, LLC",Wagyu,TX,Brazoria,1215,Solar Photovoltaic,PV,,S,X,X,,,120.0, ,120,120, ,N, , ,OP,X,8,2020, , ,N,IPP Non-CHP,2,X,SUN,,,,,,,,,,,, ,,,,,,,,, , , , , , , , ,,, , , ,, , ,,,
63092,"SE Titan, LLC",63320,Titan Solar Project,2545 (B) E KC Rd.,Van Horn,TX,79855,Culberson,31.70038,-104.458136,TRE,ERCO,"Electric Reliability Council of Texas, Inc.",,22,NR,2,IPP Non-CHP,N,,N,,N,,N,,,Lower Colorado River Authority,11269,,141, , ,N,,,,,,N,N,63092,"SE Titan, LLC",Titan Solar Project,TX,Culberson,IPTTN,Solar Photovoltaic,PV,,S,X,X,,,260.0, ,260,260, ,N, , ,OP,X,12,2021, , ,N,IPP Non-CHP,2,X,SUN,,,,,,,,,,N,N, ,,,,,,,,, , , , , , , , ,,, , , ,, , ,,,
63100,"SE Juno, LLC",63328,Juno Solar Project,136 County Road 116,Lamesa,TX,79331,Borden,32.772889,-101.39102,TRE,ERCO,"Electric Reliability Council of Texas, Inc.",,22,NR,2,IPP Non-CHP,N,,N,,N,,,,,Wind Energy Transmission Texas LLC,60066,,138, , ,N,,,,,,,,63100,"SE Juno, LLC",Juno Solar Project,TX,Borden,IPJNO,Solar Photovoltaic,PV,,S,X,X,,,143.5, ,143.5,143.5, ,N, , ,OP,X,8,2021, , ,N,IPP Non-CHP,2,X,SUN,,,,,,,,,,N,N, ,,,,,,,,, , , , , , , , ,,, , , ,, , ,,,
63101,"SE Aragorn, LLC",63329,Aragorn Solar Project,2535 (C) E KC Road,Van Horn,TX,79855,Culberson,31.719983,-104.442292,TRE,ERCO,"Electric Reliability Council of Texas, Inc.",,22,NR,2,IPP Non-CHP,N,,N,,N,,N,,,Lower Colorado River Authority,11269,,138, , ,N,,,,,,N,,63101,"SE Aragorn, LLC",Aragorn Solar Project,TX,Culberson,IPAGN,Solar Photovoltaic,PV,,S,X,X,,,187.2, ,180,180, ,N, , ,OP,X,12,2021, , ,N,IPP Non-CHP,2,X,SUN,,,,,,,,,,N,N, ,,,,,,,,, , , , , , , , ,,, , , ,, , ,,,
63082,ProEnergy Services,63335,HO Clarke Generating,12584 Hiram Clarke Road,Houston,TX,77045,Harris,29.64536,-95.45169,TRE,ERCO,"Electric Reliability Council of Texas, Inc.",,22,NR,2,IPP Non-CHP,N,,N,,Y,EG20-201-000,N,,,CenterPoint Energy,8901,TX,138, , ,N,,KINDER MORGAN TEXAS PIPELINE LLC,,,,N,X,63082,ProEnergy Services,HO Clarke Generating,TX,Harris,CTG-1,Natural Gas Fired Combustion Turbine,GT,,W,X,X,HOCPRO01,,60.5,0.85,44.5,49.8,22.5,N, , ,OP,X,3,2021, , ,N,IPP Non-CHP,2,X,NG,,,,,,,,,,N,N, ,10M,,,,,,,, , , , , , , , ,,, , , ,, , ,N,N,N
63118,224WB 8me LLC,63343,Galloway 2 Solar Farm,1096 County Road 4508,Paint Rock,TX,76933,Concho,31.446237,-99.902973,TRE,ERCO,"Electric Reliability Council of Texas, Inc.",,22,NR,2,IPP Non-CHP,N,,N,,N,,,,,Lower Colorado River Authority,11269,,345, , ,N,,,,,,,,63118,224WB 8me LLC,Galloway 2 Solar Farm,TX,Concho,GS2SF,Solar Photovoltaic,PV,,S,X,X,,,110.0, ,110,110, ,N, , ,OP,X,10,2023, , ,N,IPP Non-CHP,2,X,SUN,,,,,,,,,,,, ,,,,,,,,, , , , , , , , ,,, , , ,, , ,N,,
63116,"Bluebell Solar II, LLC",63351,Bluebell Solar II,1460 Mendenhall Ln,Sterling,TX,76951,Sterling,31.888,-100.825,TRE,ERCO,"Electric Reliability Council of Texas, Inc.",,22,NR,2,IPP Non-CHP,N,,N,,N,,,,,Lower Colorado River Authority,11269,,345, , ,N,,,,,,,,63116,"Bluebell Solar II, LLC",Bluebell Solar II,TX,Sterling,BBS2,Solar Photovoltaic,PV,,S,X,X,,,115.0, ,115,115, ,N, , ,OP,X,12,2020, , ,N,IPP Non-CHP,2,X,SUN,,,,,,,,,,,, ,,,,,,,,, , , , , , , , ,,, , , ,, , ,,,
63183,Oxy Renewable Energy LLC,63388,Oxy Renewable Energy - Goldsmith,1099 N Schabauer St,Goldsmith,TX,79741,Ector,32.0015,-102.6337,TRE,ERCO,"Electric Reliability Council of Texas, Inc.",,22,NR,2,IPP Non-CHP,N,,N,,N,,N,,,Oncor Electric Delivery Company LLC,44372,TX,138, , ,N,,,,,,X,X,63183,Oxy Renewable Energy LLC,Oxy Renewable Energy - Goldsmith,TX,Ector,SOLAR,Solar Photovoltaic,PV,,S,X,X,ERCOT LZ WEST,,16.8,1,16.8,16.8, ,N, , ,OP,X,5,2020, , ,N,IPP Non-CHP,2,X,SUN,,,,,,,,,,,, ,,,,,,,,, , , , , , , , ,,, , , ,, , ,N,,
64403,"Crane Solar Project, LLC",63519,Crane Solar Project,308 Tori Road,Crane,TX,79731,Crane,31.254361,-102.31165,TRE,ERCO,"Electric Reliability Council of Texas, Inc.",,22,NR,2,IPP Non-CHP,N,,N,,N,,N,X,,Lower Colorado River Authority,11269,,138, , ,N,,,,,,X,X,64403,"Crane Solar Project, LLC",Crane Solar Project,TX,Crane,CRN1,Solar Photovoltaic,PV,,S,X,X,FWLR_SLR_UNIT1,,150.0,0.95,150,150, ,N, , ,OP,X,7,2020, , ,N,IPP Non-CHP,2,X,SUN,,,,,,,,,,N,, ,,,,,,,,, , , , , , , , ,,, , , ,, , ,N,,
57416,"Acciona Energy USA Global, LLC",63624,"La Chalupa, LLC",18551 Olimito North Rd,Rio Hondo,TX,78583,Cameron,26.249888,-97.511842,TRE,ERCO,"Electric Reliability Council of Texas, Inc.",,22,NR,2,IPP Non-CHP,N,,N,,N,,,,,AEP Texas Central Company,3278,TX,138, , ,N,,,,,,X,X,57416,"Acciona Energy USA Global, LLC","La Chalupa, LLC",TX,Cameron,LC,Onshore Wind Turbine,WT,,S,X,X,,,198.5, ,198.5,198.5,0,N, , ,OP,X,6,2021, , ,N,IPP Non-CHP,2,X,WND,,,,,,,,,,N,N,63,,,,,,,,, , , , , , , , ,,, , , ,, , ,N,,
57170,"EDF Renewable Asset Holdings, Inc.",63655,Coyote Wind LLC,9899 County Road 1137,Snyder,TX,79549,Scurry,32.84879,-100.866458,TRE,ERCO,"Electric Reliability Council of Texas, Inc.",,22,NR,2,IPP Non-CHP,N,,N,,Y,20-89-000,,,,Oncor Electric Delivery Company LLC,44372,TX,345, , ,N,,,,,,,,57170,"EDF Renewable Asset Holdings, Inc.",Coyote Wind LLC,TX,Scurry,COY,Onshore Wind Turbine,WT,,S,X,X,,,242.5, ,242.5,242.5,0.5,N, , ,OP,X,1,2021, , ,N,IPP Non-CHP,2,X,WND,,,,,,,,,,,,59,,,,,,,,, , , , , , , , ,,, , , ,, , ,,,
63082,ProEnergy Services,63688,Topaz Generating,5651 Attwater Avenue,Texas City,TX,77590,Galveston,29.426389,-94.976667,TRE,ERCO,"Electric Reliability Council of Texas, Inc.",,22,NR,2,IPP Non-CHP,N,,N,,Y,EG20-250-000,N,,,Texas-New Mexico Power Co,40051,TX,138, , ,N,,FLORIDA GAS TRANSMISSION COMPANY,,,,N,N,63082,ProEnergy Services,Topaz Generating,TX,Galveston,CTG-1,Natural Gas Fired Combustion Turbine,GT,,W,X,X,138_ATT_TPZ,,60.5,0.85,44.5,49.8,22.5,N, , ,OP,X,7,2021, , ,N,IPP Non-CHP,2,X,NG,,,,,,,,,,N,N, ,10M,,,,,,,, , , , , , , , ,,, , , ,, , ,N,,
63430,"Chisholm Grid, LLC",63737,Chisholm Grid Energy Storage System,TBD,Fort Worth,TX,76179,Tarrant,32.904444,-97.386111,TRE,ERCO,"Electric Reliability Council of Texas, Inc.",,22,NR,2,IPP Non-CHP,N,,N,,N,,,,,Oncor Electric Delivery Company LLC,44372,TX,138, , ,Y,,,,,,,,63430,"Chisholm Grid, LLC",Chisholm Grid Energy Storage System,TX,Tarrant,CHS01,Batteries,BA,,S,X,X,,,100.0,1,100,100,0,N, , ,OP,X,10,2021, , ,N,IPP Non-CHP,2,X,MWH,,,,,,,,,,,, ,10M,,,,,,,, , , , , , , , ,,, , , ,, , ,,,
63437,"Helena Wind, LLC",63738,Helena Wind,TBD,Pawnee,TX,78145,Bee,28.621959,-97.937625,TRE,ERCO,"Electric Reliability Council of Texas, Inc.",,22,NR,2,IPP Non-CHP,N,,N,,N,,,,,"South Texas Electric Coop, Inc",17583,TX,345, , ,N,,,,,,,,63437,"Helena Wind, LLC",Helena Wind,TX,Bee,HEL,Onshore Wind Turbine,WT,,S,X,X,,,268.2,0.95,268.2,268.2,0,N, , ,OP,X,6,2022, , ,N,IPP Non-CHP,2,X,WND,,,,,,,,,,,,180,,,,,,,,, , , , , , , , ,,, , , ,, , ,,,
63431,"Las Majadas Wind Farm, LLC",63739,Las Majadas Wind Farm,5785 FM 1420,Santa Monica,TX,78569,Willacy,26.364843,-97.545341,TRE,ERCO,"Electric Reliability Council of Texas, Inc.",,22,NR,2,IPP Non-CHP,N,,N,,Y,EG20-95-000,,,,AEP Texas Central Company,3278,TX,345, , ,N,,,,,,,,63431,"Las Majadas Wind Farm, LLC",Las Majadas Wind Farm,TX,Willacy,LMAJ,Onshore Wind Turbine,WT,,S,X,X,,,272.6,1,272.6,272.6,0.2,N, , ,OP,X,3,2021, , ,N,IPP Non-CHP,2,X,WND,,,,,,,,,,,,125,,,,,,,,, , , , , , , , ,,, , , ,, , ,,,
63451,"Madero Grid, LLC",63757,Madero Grid,TBD,Mission,TX,78572,Hidalgo,26.169846,-98.329793,TRE,ERCO,"Electric Reliability Council of Texas, Inc.",,22,NR,2,IPP Non-CHP,N,,N,,N,,N,,,Sharyland Utilities LP,17008,TX,138, , ,Y,,,,,,N,X,63451,"Madero Grid, LLC",Madero Grid,TX,Hidalgo,MAD01,Batteries,BA,,S,X,X,MADERO_RN,MADERO_RN,100.0,0.95,100,100,0,N, , ,OP,X,3,2023,6,2042,N,IPP Non-CHP,2,X,MWH,,,,,,,,,,N,, ,10M,,,,,,,, , , , , , , , ,,, , , ,, , ,N,N,N
62842,"Lightsource Renewable Energy Asset Management, LLC",63764,Elm Branch Solar 1,5029 FM 984,Bardwell,TX,75101,Ellis,32.23256,-96.706121,TRE,ERCO,"Electric Reliability Council of Texas, Inc.",,22,NR,2,IPP Non-CHP,N,,N,,Y,EG20-116-000,,,,Oncor Electric Delivery Company LLC,44372,TX,345, , ,N,,,,,,X,X,62842,"Lightsource Renewable Energy Asset Management, LLC",Elm Branch Solar 1,TX,Ellis,TXEB1,Solar Photovoltaic,PV,,W,X,X,,ERCOT-N,134.7, ,134.7,134.7, ,N, , ,OP,X,12,2021, , ,N,IPP Non-CHP,2,X,SUN,,,,,,,,,,,, ,,,,,,,,, , , , , , , , ,,, , , ,, , ,N,,
62842,"Lightsource Renewable Energy Asset Management, LLC",63769,Briar Creek Solar 1,7690 FM 744,Corsicana,TX,75110,Navarro,32.067483,-96.585136,TRE,ERCO,"Electric Reliability Council of Texas, Inc.",,22,NR,2,IPP Non-CHP,N,,N,,Y,EG20-115-000,,,,Oncor Electric Delivery Company LLC,44372,TX,345, , ,N,,,,,,X,X,62842,"Lightsource Renewable Energy Asset Management, LLC",Briar Creek Solar 1,TX,Navarro,TXBC1,Solar Photovoltaic,PV,,W,X,X,,ERCOT-N,127.0, ,127,127, ,N, , ,OP,X,12,2021, , ,N,IPP Non-CHP,2,X,SUN,,,,,,,,,,,, ,,,,,,,,, , , , , , , , ,,, , , ,, , ,N,,
61222,174 Power Global Corp.,63797,Ellis Solar LLC,3391 Wyatt Road,Midlothian,TX,76065,Ellis,32.467194,-97.054333,TRE,ERCO,"Electric Reliability Council of Texas, Inc.",,22,NR,2,IPP Non-CHP,N,,N,,N,,,,,Oncor Electric Delivery Company LLC,44372,TX,5, , ,N,,,,,,N,X,61222,174 Power Global Corp.,Ellis Solar LLC,TX,Ellis,GER01,Solar Photovoltaic,PV,,S,X,X,,,80.0,0.95,80,80, ,N, , ,OP,X,10,2023, , ,N,IPP Non-CHP,2,X,SUN,,,,,,,,,,,, ,,,,,,,,, , , , , , , , ,,, , , ,, , ,,,
63515,"Sparta Solar, LLC",63840,Sparta Solar,TBD,Pawnee,TX,78145,Bee,28.655277,-98.001388,TRE,ERCO,"Electric Reliability Council of Texas, Inc.",,22,NR,2,IPP Non-CHP,N,,N,,Y,EG21-72-000,N,,,AEP Texas Central Company,3278,TX,345, , ,N,,,,,,,,63515,"Sparta Solar, LLC",Sparta Solar,TX,Bee,1111,Solar Photovoltaic,PV,,S,X,X,,,250.0,0.9,250,250, ,N, , ,OP,X,4,2024, , ,,IPP Non-CHP,2,,SUN,,,,,,,,,,,, ,,,,,,,,, , , , , , , , ,,, , , ,, , ,,,
49893,Invenergy Services LLC,63883,Samson Solar Energy III LLC,TBD,Cunningham,TX,75435,Lamar,33.426498,-95.357449,TRE,ERCO,"Electric Reliability Council of Texas, Inc.",,22,NR,2,IPP Non-CHP,N,,N,,N,,,,,Oncor Electric Delivery Company LLC,44372,TX,345, , ,N,,,,,,,,49893,Invenergy Services LLC,Samson Solar Energy III LLC,TX,Lamar,GEN1,Solar Photovoltaic,PV,,S,X,X,,,250.0, ,250,250, ,N, , ,OP,X,11,2022, , ,N,IPP Non-CHP,2,X,SUN,,,,,,,,,,,, ,,,,,,,,, , , , , , , , ,,, , , ,, , ,,,
63549,"Lily Solar, LLC",63892,Lily Solar Hybrid,7901 FM 1390,Scurry,TX,75158,Kaufman,32.533273,-96.428985,TRE,ERCO,"Electric Reliability Council of Texas, Inc.",,22,NR,2,IPP Non-CHP,N,,N,,N,,,,,"Rayburn Country Elec Coop, Inc",18589,TX,138, , ,Y,,,,,,,,63549,"Lily Solar, LLC",Lily Solar Hybrid,TX,Kaufman,LILY,Solar Photovoltaic,PV,,S,X,X,,,146.7, ,146,146,0.1,N, , ,OP,X,10,2021, , ,N,IPP Non-CHP,2,X,SUN,,,,,,,,,,,, ,1H,,,,,,,, , , , , , , , ,,, , , ,, , ,,,
63571,"Azure Sky Solar Project, LLC",63905,Azure Sky Solar,11825 Loop Road,Haskell,TX,79521,Haskell,33.021601,-99.61463,TRE,ERCO,"Electric Reliability Council of Texas, Inc.",,22,NR,2,IPP Non-CHP,N,,N,,N,,,,,Oncor Electric Delivery Company LLC,44372,TX,345, , ,Y,,,,,,,,63571,"Azure Sky Solar Project, LLC",Azure Sky Solar,TX,Haskell,ASKYB,Batteries,BA,,S,X,X,,,91.2, ,91.2,91.2, ,N, , ,OP,X,6,2022, , ,N,IPP Non-CHP,2,X,MWH,,,,,,,,,,,, ,10M,,,,,,,, , , , , , , , ,,, , , ,, , ,,,
57416,"Acciona Energy USA Global, LLC",63985,Fort Bend Solar LLC,1420 FM 1952 Rd,East Bernard,TX,77435,Fort Bend,29.560311,-95.98036,TRE,ERCO,"Electric Reliability Council of Texas, Inc.",,22,NR,2,IPP Non-CHP,N,,N,,N,,,,,CenterPoint Energy,8901,TX,138, , ,N,,,,,,X,X,57416,"Acciona Energy USA Global, LLC",Fort Bend Solar LLC,TX,Fort Bend,FBS,Solar Photovoltaic,PV,,S,X,X,,,240.0, ,240,240, ,N, , ,OP,X,10,2023, , ,N,IPP Non-CHP,2,X,SUN,,,,,,,,,,,, ,,,,,,,,, , , , , , , , ,,, , , ,, , ,N,,
56201,Engie North America,64026,"ANSON Solar Center, LLC",4211 County Road 185,Anson,TX,79501,Jones,32.811041,-99.91749,TRE,ERCO,"Electric Reliability Council of Texas, Inc.",,22,NR,2,IPP Non-CHP,N,,N,,N,,,,,Lone Star Transmission, ,TX,345, , ,N,,,,,,,,56201,Engie North America,"ANSON Solar Center, LLC",TX,Jones,SF1,Solar Photovoltaic,PV,,S,X,X,,,200.0, ,200,200, ,N, , ,OP,X,3,2021, , ,N,IPP Non-CHP,2,X,SUN,,,,,,,,,,,, ,,,,,,,,, , , , , , , , ,,, , , ,, , ,,,
64569,West Texas Solar Project II LLC,64075,Taygete II Energy Project,5177 Tipton Rd.,Coyanosa,TX,79730,Pecos,31.186,-103.128,TRE,ERCO,"Electric Reliability Council of Texas, Inc.",,22,NR,2,IPP Non-CHP,N,,N,,N,,N,X,,AEP Texas North Company,20404,TX,138, , ,N,,,,,,N,X,64569,West Texas Solar Project II LLC,Taygete II Energy Project,TX,Pecos,TAYG2,Solar Photovoltaic,PV,,S,X,X,TAYGETE2_ALL,,203.8, ,203.8,203.8, ,N, , ,OP,X,7,2023, , ,N,IPP Non-CHP,2,X,SUN,,,,,,,,,,N,N,0,10M,,,,,,,, , , , , , , , ,,, , , ,, , ,N,,
60496,"Adapture Renewables, Inc.",64079,CatanSolar,160 County Road 118,Runge,TX,78151,Karnes,28.871642,-97.696944,TRE,ERCO,"Electric Reliability Council of Texas, Inc.",,22,NR,2,IPP Non-CHP,N,,Y,20-1362-000,N,,,,,AEP Texas Central Company,3278,TX,12.47, , ,N,,,,,,,,60496,"Adapture Renewables, Inc.",CatanSolar,TX,Karnes,CS,Solar Photovoltaic,PV,,S,X,X,,,10.0, ,10,10, ,N, , ,OP,X,12,2020, , ,N,IPP Non-CHP,2,X,SUN,,,,,,,,,,,, ,,,,,,,,, , , , , , , , ,,, , , ,, , ,,,
63723,"Ignacio Grid, LLC",64089,Ignacio Grid Energy Storage System,4101 S. Mayberry Rd.,Mission,TX,78572,Hidalgo,26.166944,-98.325,TRE,ERCO,"Electric Reliability Council of Texas, Inc.",,22,NR,2,IPP Non-CHP,N,,N,,N,,N,,,Sharyland Utilities LP,17008,,138, , ,Y,,,,,,N,X,63723,"Ignacio Grid, LLC",Ignacio Grid Energy Storage System,TX,Hidalgo,IGN01,Batteries,BA,,S,X,X,MADERO_RN,MADERO_RN,100.0,0.95,100,100, ,N, , ,OP,X,3,2023,6,2042,N,IPP Non-CHP,2,X,MWH,,,,,,,,,,,, ,10M,,,,,,,, , , , , , , , ,,, , , ,, , ,,,
9339,International Bound & Wtr Comm,6410,Falcon Dam & Power,"PO Bx 1, FM 2098 Reservoir Rd",Falcon Heights,TX,78545,Starr,26.5575,-99.1642,TRE,ERCO,"Electric Reliability Council of Texas, Inc.",Rio Grande,22,RE,1,Electric Utility,N,,N,,N,,N,X,,AEP Texas Central Company,3278,TX,138, , ,N,,,,,,X,X,9339,International Bound & Wtr Comm,Falcon Dam & Power,TX,Starr,1,Conventional Hydroelectric,HY,,S,X,X,,,10.5,0.9,10.5,10.5,3,N, , ,OP,X,10,1954, , ,N,Electric Utility,1,X,WAT,,,,,,,,,,N,N, ,10M,,,,,,,, , , , , , , , ,,, , , ,, , ,N,,
19449,USACE-Fort Worth District,6413,Sam Rayburn Dam,7696 RR 255 West,Jasper,TX,75951,Jasper,31.060893,-94.1062,TRE,MISO,"Midcontinent Independent Transmission System Operator, Inc..",Angelina River,22,RE,1,Electric Utility,N,,N,,N,,N,X,,Entergy Texas Inc.,55937,TX,138, , ,N,,,,,,X,X,19449,USACE-Fort Worth District,Sam Rayburn Dam,TX,Jasper,1,Conventional Hydroelectric,HY,,S,X,X,,,26.0,0.95,26,26,10,N, , ,OP,X,9,1965, , ,N,Electric Utility,1,X,WAT,,,,,,,,,,N,N, ,10M,,,,,,,, , , , , , , , ,,, , , ,, , ,,,
63755,"Old 300 Solar Center, LLC",64133,"Old 300 Solar Center, LLC",102 JC Wicks Rd.,Needville,TX,77461,Fort Bend,29.33355,-95.82544,TRE,ERCO,"Electric Reliability Council of Texas, Inc.",,22,NR,2,IPP Non-CHP,N,,N,,N,,N,X,,CenterPoint Energy,8901,TX,345, , ,N,,,,,,N,X,63755,"Old 300 Solar Center, LLC","Old 300 Solar Center, LLC",TX,Fort Bend,2222,Solar Photovoltaic,PV,,S,X,X,,,430.0,0.9,430,430, ,N, , ,OP,X,10,2024, , ,N,IPP Non-CHP,2,X,SUN,,,,,,,,,,N,N, ,,,,,,,,, , , , , , , , ,,, , , ,, , ,N,,
19449,USACE-Fort Worth District,6414,Whitney,285 County Road 3602,Clifton,TX,76634,Bosque,31.8694,-97.3667,TRE,ERCO,"Electric Reliability Council of Texas, Inc.",Brazos River,22,RE,1,Electric Utility,N,,N,,N,,N,X,,Brazos Electric Power Coop Inc,2172,,69, , ,N,,,,,,X,X,19449,USACE-Fort Worth District,Whitney,TX,Bosque,1,Conventional Hydroelectric,HY,,S,X,X,,,20.9,0.9,21,21,1,N, , ,OP,X,6,1953, , ,N,Electric Utility,1,X,WAT,,,,,,,,,,N,N, ,10M,,,,,,,, , , , , , , , ,,, , , ,, , ,,,
63773,Orsted Onshore North America,64149,"Western Trail Wind, LLC",TBD,Electra,TX,76360,Wilbarger,33.85245,-99.06509,TRE,ERCO,"Electric Reliability Council of Texas, Inc.",,22,NR,2,IPP Non-CHP,N,,N,,Y,pending,,,,Oncor Electric Delivery Company LLC,44372,TX,345, , ,N,,,,,,,,63773,Orsted Onshore North America,"Western Trail Wind, LLC",TX,Wilbarger,WTW,Onshore Wind Turbine,WT,,S,X,X,,,366.6, ,366.6,366.6,0,N, , ,OP,X,4,2022, , ,N,IPP Non-CHP,2,X,WND,,,,,,,,,,,,130,,,,,,,,, , , , , , , , ,,, , , ,, , ,,,
27470,USCE-Tulsa District,6416,Denison,351 Corps Rd,Denison,TX,75020,Grayson,33.8181,-96.5692,TRE,ERCO,"Electric Reliability Council of Texas, Inc.",Red River,22,RE,1,Electric Utility,N,,N,,N,,N,X,,Southwestern Power Administration,17716,,138, , ,N,,,,,,X,X,27470,USCE-Tulsa District,Denison,TX,Grayson,1,Conventional Hydroelectric,HY,,S,X,X,,,53.5,0.95,50,50,25,N, , ,OP,X,3,1945, , ,N,Electric Utility,1,X,WAT,,,,,,,,,,,, ,1H,,,,,,,, , , , , , , , ,,, , , ,, , ,,,
63784,"Azure Sky Wind Project, LLC",64164,"Azure Sky Wind Project, LLC Hybrid",121 2201,Throckmorton,TX,76483,Throckmorton,33.169139,-99.266006,TRE,ERCO,"Electric Reliability Council of Texas, Inc.",,22,NR,2,IPP Non-CHP,N,,N,,N,,,,,Oncor Electric Delivery Company LLC,44372,TX,345, , ,Y,,,,,,,,63784,"Azure Sky Wind Project, LLC","Azure Sky Wind Project, LLC Hybrid",TX,Throckmorton,ASWBE,Batteries,BA,,S,X,X,,,120.0, ,120,120,0.1,N, , ,OP,X,4,2024, , ,N,IPP Non-CHP,2,X,MWH,,,,,,,,,,,, ,10M,,,,,,,, , , , , , , , ,,, , , ,, , ,,,
56201,Engie North America,64165,Priddy Wind Project,500 FM-575,Goldthwaite,TX,76844,Mills,31.5481,-98.49491,TRE,ERCO,"Electric Reliability Council of Texas, Inc.",,22,NR,2,IPP Non-CHP,N,,N,,N,,,,,Oncor Electric Delivery Company LLC,44372,TX,345, , ,N,,,,,,,,56201,Engie North America,Priddy Wind Project,TX,Mills,WTG1,Onshore Wind Turbine,WT,,S,X,X,,,302.4,0.95,302.4,302.4,4,N, , ,OP,X,1,2022, , ,N,IPP Non-CHP,2,X,WND,,,,,,,,,,,,63,,,,,,,,, , , , , , , , ,,, , , ,, , ,,,
62842,"Lightsource Renewable Energy Asset Management, LLC",64204,Elara Solar,4200 Beever Ln Road,Pearsall,TX,78061,Frio,28.883196,-99.178605,TRE,ERCO,"Electric Reliability Council of Texas, Inc.",,22,NR,2,IPP Non-CHP,N,,N,,N,,,,,"South Texas Electric Coop, Inc",17583,,138, , ,N,,,,,,X,X,62842,"Lightsource Renewable Energy Asset Management, LLC",Elara Solar,TX,Frio,ELARA,Solar Photovoltaic,PV,,W,X,X,,,132.4, ,130,130, ,N, , ,OP,X,12,2021, , ,N,IPP Non-CHP,2,X,SUN,,,,,,,,,,,, ,,,,,,,,, , , , , , , , ,,, , , ,, , ,,,
61677,Sol Systems,64227,"Alexis Solar, LLC",1229 FM 755,Encino,TX,78353,Brooks,26.88913,-98.233324,TRE,ERCO,"Electric Reliability Council of Texas, Inc.",,22,NR,2,IPP Non-CHP,N,,Y,19-1276-001,N,,,,,AEP Texas Central Company,3278,TX,12.47, , ,N,,,,,,,,61677,Sol Systems,"Alexis Solar, LLC",TX,Brooks,12001,Solar Photovoltaic,PV,,S,X,X,,,10.0, ,9.5,7.3, ,N, , ,OP,X,12,2019, , ,N,IPP Non-CHP,2,X,SUN,,,,,,,,,,,, ,,,,,,,,, , , , , , , , ,,, , , ,, , ,,,
65265,Repsol Renewables NA,64233,Hecate Energy Frye Solar LLC,8495 FM145,Kress,TX,79052,Swisher,34.4067,-101.59661,TRE,ERCO,"Electric Reliability Council of Texas, Inc.",,22,NR,2,IPP Non-CHP,N,,N,,N,,N,,,Oncor Electric Delivery Company LLC,44372,TX,345, , ,N,,,,,,N,,65265,Repsol Renewables NA,Hecate Energy Frye Solar LLC,TX,Swisher,80995,Solar Photovoltaic,PV,,S,X,X,frye_slr_all,frye_slr_all,500.0, ,500,500, ,N, , ,OP,X,6,2024, , ,N,IPP Non-CHP,2,X,SUN,,,,,,,,,,N,N, ,,,,,,,,, , , , , , , , ,,, , , ,N, , ,N,,
65600,AP Sunray LLC,64258,AP Sunray LLC,TBD,Knippa,TX,76632,Uvalde,29.291845,-99.612368,TRE,ERCO,"Electric Reliability Council of Texas, Inc.",,22,NR,2,IPP Non-CHP,N,,N,,N,,N,X,,Oncor Electric Delivery Company LLC,44372,TX,138, , ,N,,,,,,X,X,65600,AP Sunray LLC,AP Sunray LLC,TX,Uvalde,OCISR,Solar Photovoltaic,PV,,S,X,X,,,203.5, ,203.5,203.5, ,N, , ,OP,X,8,2024, , ,N,IPP Non-CHP,2,X,SUN,,,,,,,,,,,, ,,,,,,,,, , , , , , , , ,,, , , ,, , ,,,
65060,BPL Crown Solar LLC,64259,BPL Crown Solar LLC,145 County Road 466A,Chilton,TX,76632,Falls,31.346717,-97.082774,TRE,ERCO,"Electric Reliability Council of Texas, Inc.",,22,NR,2,IPP Non-CHP,N,,N,,N,,N,,,Oncor Electric Delivery Company LLC,44372,TX,138, , ,N,,,,,,X,X,65060,BPL Crown Solar LLC,BPL Crown Solar LLC,TX,Falls,OCICR,Solar Photovoltaic,PV,,S,X,X,,,100.0, ,100,100, ,N, , ,OP,X,1,2024, , ,N,IPP Non-CHP,2,X,SUN,,,,,,,,,,,, ,,,,,,,,, , , , , , , , ,,, , , ,, , ,,,
65061,BPL Sol Solar LLC,64260,BPL Sol Solar LLC,145 County Road 466A,Chilton,TX,76632,Falls,31.346717,-97.082774,TRE,ERCO,"Electric Reliability Council of Texas, Inc.",,22,NR,2,IPP Non-CHP,N,,N,,N,,N,X,,Oncor Electric Delivery Company LLC,44372,TX,138, , ,N,,,,,,X,X,65061,BPL Sol Solar LLC,BPL Sol Solar LLC,TX,Falls,OCISO,Solar Photovoltaic,PV,,S,X,X,,,100.0, ,100,100, ,N, , ,OP,X,2,2024, , ,N,IPP Non-CHP,2,X,SUN,,,,,,,,,,,, ,,,,,,,,, , , , , , , , ,,, , , ,, , ,,,
56201,Engie North America,64293,Alvin,760-A Heights Rd,Alvin,TX,77511,Brazoria,29.433245,-95.249367,TRE,ERCO,"Electric Reliability Council of Texas, Inc.",,22,NR,2,IPP Non-CHP,N,,N,,N,,,,,Texas-New Mexico Power Co,40051,TX,12.5, , ,Y,,,,,,,,56201,Engie North America,Alvin,TX,Brazoria,ALVIN,Batteries,BA,,S,X,X,,,9.9, ,9.9,9.9,0.2,N, , ,OP,X,10,2020, , ,N,IPP Non-CHP,2,X,MWH,,,,,,,,,,N,N, ,10M,,,,,,,, , , , , , , , ,,, , , ,, , ,,,
56201,Engie North America,64294,Odessa,3434 S. Fulton Ave,Odessa,TX,79766,Ector,31.871315,-102.398409,TRE,ERCO,"Electric Reliability Council of Texas, Inc.",,22,NR,2,IPP Non-CHP,N,,N,,N,,,,,Oncor Electric Delivery Company LLC,44372,TX,12.5, , ,Y,,,,,,,,56201,Engie North America,Odessa,TX,Ector,ODSA,Batteries,BA,,S,X,X,,,9.9, ,9.9,9.9,0.2,N, , ,OP,X,10,2020, , ,N,IPP Non-CHP,2,X,MWH,,,,,,,,,,N,N, ,10M,,,,,,,, , , , , , , , ,,, , , ,, , ,,,
56201,Engie North America,64295,Angleton,415 N Walker St,Angleton,TX,77515,Brazoria,29.167065,-95.440647,TRE,ERCO,"Electric Reliability Council of Texas, Inc.",,22,NR,2,IPP Non-CHP,N,,N,,N,,,,,Texas-New Mexico Power Co,40051,TX,12.5, , ,Y,,,,,,,,56201,Engie North America,Angleton,TX,Brazoria,ANGLE,Batteries,BA,,S,X,X,,,9.9, ,9.9,9.9,0.2,N, , ,OP,X,11,2020, , ,N,IPP Non-CHP,2,X,MWH,,,,,,,,,,N,N, ,10M,,,,,,,, , , , , , , , ,,, , , ,, , ,,,
56201,Engie North America,64296,Brazoria,1235-A CR 347,Brazoria,TX,77422,Brazoria,29.062635,-95.577587,TRE,ERCO,"Electric Reliability Council of Texas, Inc.",,22,NR,2,IPP Non-CHP,N,,N,,N,,,,,Texas-New Mexico Power Co,40051,TX,12.5, , ,Y,,,,,,,,56201,Engie North America,Brazoria,TX,Brazoria,BRAZ,Batteries,BA,,S,X,X,,,9.9, ,9.9,9.9,0.2,N, , ,OP,X,11,2020, , ,N,IPP Non-CHP,2,X,MWH,,,,,,,,,,N,N, ,10M,,,,,,,, , , , , , , , ,,, , , ,, , ,,,
56201,Engie North America,64297,Heights,505 34th St N,Texas City,TX,77590,Galveston,29.389595,-94.949867,TRE,ERCO,"Electric Reliability Council of Texas, Inc.",,22,NR,2,IPP Non-CHP,N,,N,,N,,,,,Texas-New Mexico Power Co,40051,TX,12.5, , ,Y,,,,,,,,56201,Engie North America,Heights,TX,Galveston,H8S,Batteries,BA,,S,X,X,,,9.9, ,9.9,9.9,0.2,N, , ,OP,X,12,2020, , ,N,IPP Non-CHP,2,X,MWH,,,,,,,,,,N,N, ,10M,,,,,,,, , , , , , , , ,,, , , ,, , ,,,
56201,Engie North America,64298,Magnolia TX,1301 Floyd Rd.,Texas City,TX,77573,Galveston,29.488335,-95.133947,TRE,ERCO,"Electric Reliability Council of Texas, Inc.",,22,NR,2,IPP Non-CHP,N,,N,,N,,,,,Texas-New Mexico Power Co,40051,TX,12.5, , ,Y,,,,,,,,56201,Engie North America,Magnolia TX,TX,Galveston,MANGO,Batteries,BA,,S,X,X,,,9.9, ,9.9,9.9,0.2,N, , ,OP,X,12,2020, , ,N,IPP Non-CHP,2,X,MWH,,,,,,,,,,N,N, ,10M,,,,,,,, , , , , , , , ,,, , , ,, , ,,,
56201,Engie North America,64312,Bat Cave,2051 Post Hill Street,Mason,TX,76856,Mason,30.737745,-99.231778,TRE,ERCO,"Electric Reliability Council of Texas, Inc.",,22,NR,2,IPP Non-CHP,N,,N,,N,,,,,Lower Colorado River Authority,11269,,138, , ,Y,,,,,,,,56201,Engie North America,Bat Cave,TX,Mason,BC,Batteries,BA,,S,X,X,,,100.0,0.95,100,100,0.2,N, , ,OP,X,10,2021, , ,N,IPP Non-CHP,2,X,MWH,,,,,,,,,,,, ,10M,,,,,,,, , , , , , , , ,,, , , ,, , ,N,,
56201,Engie North America,64314,Dickinson,2320 Hollywood St.,Dickinson,TX,77539,Galveston,29.461255,-95.056987,TRE,ERCO,"Electric Reliability Council of Texas, Inc.",,22,NR,2,IPP Non-CHP,N,,N,,N,,,,,Texas-New Mexico Power Co,40051,TX,12.5, , ,Y,,,,,,,,56201,Engie North America,Dickinson,TX,Galveston,DIKN,Batteries,BA,,S,X,X,,,9.9,0.95,9.9,9.9,0.2,N, , ,OP,X,6,2021, , ,N,IPP Non-CHP,2,X,MWH,,,,,,,,,,,, ,10M,,,,,,,, , , , , , , , ,,, , , ,, , ,N,,
56201,Engie North America,64315,Loop 463,17206 NW Zac Lentz Pkwy,Victoria,TX,77905,Victoria,28.816475,-97.074867,TRE,ERCO,"Electric Reliability Council of Texas, Inc.",,22,NR,2,IPP Non-CHP,N,,N,,N,,,,,"South Texas Electric Coop, Inc",17583,,12.5, , ,Y,,,,,,,,56201,Engie North America,Loop 463,TX,Victoria,LOOP,Batteries,BA,,S,X,X,,,9.9, ,9.9,9.9,0.2,N, , ,OP,X,8,2021, , ,N,IPP Non-CHP,2,X,MWH,,,,,,,,,,,, ,10M,,,,,,,, , , , , , , , ,,, , , ,, , ,N,,
56201,Engie North America,64316,Lopeno,4676 S US Hwy 83,Zapata,TX,78076,Zapata,26.687614,-99.109418,TRE,ERCO,"Electric Reliability Council of Texas, Inc.",,22,NR,2,IPP Non-CHP,N,,N,,N,,,,,"South Texas Electric Coop, Inc",17583,,25, , ,Y,,,,,,,,56201,Engie North America,Lopeno,TX,Zapata,LOPE,Batteries,BA,,S,X,X,,,9.9,0.95,9.9,9.9, ,N, , ,OP,X,3,2022, , ,N,IPP Non-CHP,2,X,MWH,,,,,,,,,,,, ,10M,,,,,,,, , , , , , , , ,,, , , ,, , ,N,,
56201,Engie North America,64317,North Fork TX,51 PVR 905 Liberty Hill,Liberty Hill,TX,78642,Williamson,30.748955,-97.875708,TRE,ERCO,"Electric Reliability Council of Texas, Inc.",,22,NR,2,IPP Non-CHP,N,,N,,N,,,,,Lower Colorado River Authority,11269,,138, , ,Y,,,,,,,,56201,Engie North America,North Fork TX,TX,Williamson,NF,Batteries,BA,,S,X,X,,,100.0,0.95,100,100,0.2,N, , ,OP,X,10,2021, , ,N,IPP Non-CHP,2,X,MWH,,,,,,,,,,,, ,10M,,,,,,,, , , , , , , , ,,, , , ,, , ,N,,
56201,Engie North America,64318,Pueblo BA,3301 El Indio Hwy,Eagle Pass,TX,78852,Maverick,28.678935,-100.463708,TRE,ERCO,"Electric Reliability Council of Texas, Inc.",,22,NR,2,IPP Non-CHP,N,,N,,N,,,,,AEP Texas Central Company,3278,TX,12.5, , ,Y,,,,,,,,56201,Engie North America,Pueblo BA,TX,Maverick,PBL1,Batteries,BA,,S,X,X,,,9.9,0.95,9.9,9.9, ,N, , ,OP,X,3,2022, , ,N,IPP Non-CHP,2,X,MWH,,,,,,,,,,,, ,10M,,,,,,,, , , , , , , , ,,, , , ,, , ,N,,
56201,Engie North America,64319,Ranchtown,12175 Pablo Hernandez Ln,San Antonio,TX,78023,Bexar,29.617885,-98.735948,TRE,ERCO,"Electric Reliability Council of Texas, Inc.",,22,NR,2,IPP Non-CHP,N,,N,,N,,,,,City of San Antonio - (TX),16604,TX,34.5, , ,Y,,,,,,,,56201,Engie North America,Ranchtown,TX,Bexar,RANCH,Batteries,BA,,S,X,X,,,9.9,0.95,9.9,9.9,0.2,N, , ,OP,X,10,2021, , ,N,IPP Non-CHP,2,X,MWH,,,,,,,,,,,, ,10M,,,,,,,, , , , , , , , ,,, , , ,, , ,N,,
56201,Engie North America,64321,Sweeny,1511 CR 372,Sweeny,TX,77480,Brazoria,29.055615,-95.687237,TRE,ERCO,"Electric Reliability Council of Texas, Inc.",,22,NR,2,IPP Non-CHP,N,,N,,N,,,,,Texas-New Mexico Power Co,40051,TX,12.5, , ,Y,,,,,,,,56201,Engie North America,Sweeny,TX,Brazoria,SWNY,Batteries,BA,,S,X,X,,,9.9,0.95,9.9,9.9,0.2,N, , ,OP,X,4,2021, , ,N,IPP Non-CHP,2,X,MWH,,,,,,,,,,,, ,10M,,,,,,,, , , , , , , , ,,, , , ,, , ,N,,
56201,Engie North America,64322,Zapata,3112 State Hwy 16,Zapata,TX,78076,Zapata,26.932675,-99.233708,TRE,ERCO,"Electric Reliability Council of Texas, Inc.",,22,NR,2,IPP Non-CHP,N,,N,,N,,,,,AEP Texas Central Company,3278,TX,12.5, , ,Y,,,,,,,,56201,Engie North America,Zapata,TX,Zapata,ZPT1,Batteries,BA,,S,X,X,,,9.9,0.95,9.9,9.9, ,N, , ,OP,X,3,2022, , ,N,IPP Non-CHP,2,X,MWH,,,,,,,,,,,, ,10M,,,,,,,, , , , , , , , ,,, , , ,, , ,N,,
65896,"Prospero Solar II, LLC (Longroad)",64325,Prospero Solar II,7510 SW 900,Andrews,TX,79714,Andrews,32.275814,-102.844806,TRE,ERCO,"Electric Reliability Council of Texas, Inc.",,22,NR,2,IPP Non-CHP,N,,N,,N,,,,,Oncor Electric Delivery Company LLC,44372,TX,345, , ,N,,,,,,N,N,65896,"Prospero Solar II, LLC (Longroad)",Prospero Solar II,TX,Andrews,PROSP,Solar Photovoltaic,PV,,S,X,X,,,250.0, ,250,250, ,N, , ,OP,X,8,2021, , ,N,IPP Non-CHP,2,X,SUN,,,,,,,,,,N,N, ,,,,,,,,, , , , , , , , ,,, , , ,, , ,N,,
63968,"Mockingbird Solar Center, LLC",64347,Mockingbird Solar Center,US Hwy 82 and FM 38,Brookston,TX,74421,Lamar,33.39167,-95.42519,TRE,ERCO,"Electric Reliability Council of Texas, Inc.",,22,NR,2,IPP Non-CHP,N,,N,,N,,,,,Oncor Electric Delivery Company LLC,44372,TX,345, , ,N,,,,,,,,63968,"Mockingbird Solar Center, LLC",Mockingbird Solar Center,TX,Lamar,7777,Solar Photovoltaic,PV,,S,X,X,,,471.0, ,471,471, ,N, , ,OP,X,10,2024, , ,N,IPP Non-CHP,2,X,SUN,,,,,,,,,,,, ,,,,,,,,, , , , , , , , ,,, , , ,, , ,,,
63082,ProEnergy Services,64383,Braes Bayou Plant,2929 Lockwood Gubble Road,Richmond,TX,77469,Fort Bend,29.480277,-95.620277,TRE,ERCO,"Electric Reliability Council of Texas, Inc.",,22,NR,2,IPP Non-CHP,N,,N,,Y,EG20-201-000,N,,,CenterPoint Energy,8901,TX,345, , ,N,,KINDER MORGAN TEJAS PIPELINE LLC,,,,N,,63082,ProEnergy Services,Braes Bayou Plant,TX,Fort Bend,CTG-1,Natural Gas Fired Combustion Turbine,GT,,W,X,X,RABSMR01,,60.5,0.85,44.5,49.8,22.5,N, , ,OP,X,8,2022, , ,N,IPP Non-CHP,2,X,NG,,,,,,,,,,N,N, ,10M,,,,,,,, , , , , , , , ,,, , , ,, , ,N,,
63432,SkyHigh 2 Solar,64389,Niagara Bottling - Seguin,1730 8th St,Seguin,TX,78155,Guadalupe,29.589139,-97.977198,TRE,ERCO,"Electric Reliability Council of Texas, Inc.",,22,NR,2,IPP Non-CHP,N,,N,,N,,,,,City of Seguin - (TX),16900,TX,0.48, , ,N,,,,,,,,63432,SkyHigh 2 Solar,Niagara Bottling - Seguin,TX,Guadalupe,NIAGS,Solar Photovoltaic,PV,,S,X,X,,,4.9, ,4.9,4.9, ,N, , ,OP,X,10,2021, , ,N,IPP Non-CHP,2,X,SUN,,,,,,,,,,,, ,,,,,,,,, , , , , , , , ,,, , , ,, , ,N,,
63289,Key Capture Energy,64423,TX7 Flat Top,1723 FM 2007,Pecos,TX,79772,Reeves,31.19791,-103.36067,TRE,ERCO,"Electric Reliability Council of Texas, Inc.",,22,NR,2,IPP Non-CHP,N,,N,,N,,N,,,"South Texas Electric Coop, Inc",17583,,25, , ,Y,,,,,,N,X,63289,Key Capture Energy,TX7 Flat Top,TX,Reeves,TX7,Batteries,BA,,S,X,X,,,9.9, ,9.9,9.9, ,N, , ,OP,X,5,2020, , ,N,IPP Non-CHP,2,X,MWH,,,,,,,,,,N,N, ,10M,,,,,,,, , , , , , , , ,,, , , ,, , ,,,
63289,Key Capture Energy,64424,TX8 Worsham,1196 FM 1450,Pecos,TX,79772,Pecos,31.35658,-103.33645,TRE,ERCO,"Electric Reliability Council of Texas, Inc.",,22,NR,2,IPP Non-CHP,N,,N,,N,,N,,,"South Texas Electric Coop, Inc",17583,,12.47, , ,Y,,,,,,N,X,63289,Key Capture Energy,TX8 Worsham,TX,Pecos,TX8,Batteries,BA,,S,X,X,,,9.9, ,9.9,9.9, ,N, , ,OP,X,2,2020, , ,N,IPP Non-CHP,2,X,MWH,,,,,,,,,,,, ,10M,,,,,,,, , , , , , , , ,,, , , ,, , ,,,
63289,Key Capture Energy,64425,TX2 Port Lavaca,4577 State Hwy 35 South,Port Lavaca,TX,77979,Calhoun,28.58673,-96.68376,TRE,ERCO,"Electric Reliability Council of Texas, Inc.",,22,NR,2,IPP Non-CHP,N,,N,,N,,,,,"South Texas Electric Coop, Inc",17583,,12.47, , ,Y,,,,,,N,X,63289,Key Capture Energy,TX2 Port Lavaca,TX,Calhoun,TX2,Batteries,BA,,S,X,X,,,9.9, ,9.9,9.9, ,N, , ,OP,X,3,2020, , ,N,IPP Non-CHP,2,X,MWH,,,,,,,,,,,, ,10M,,,,,,,, , , , , , , , ,,, , , ,, , ,,,
64108,"Brazoria West Solar Project, LLC",64447,Brazoria West,2546 County Road 23,Damon,TX,77422,Brazoria,29.191,-95.663,TRE,ERCO,"Electric Reliability Council of Texas, Inc.",,22,NR,2,IPP Non-CHP,N,,N,,N,,N,X,,CenterPoint Energy,8901,TX,138, , ,N,,,,,,N,X,64108,"Brazoria West Solar Project, LLC",Brazoria West,TX,Brazoria,GEN1,Solar Photovoltaic,PV,,S,X,X,,,200.0, ,200,200,0.1,N, , ,OP,X,9,2022, , ,N,IPP Non-CHP,2,X,SUN,,,,,,,,,,N,N, ,10M,,,,,,,, , , , , , , , ,,, , , ,, , ,N,,
67098,Gambit Energy Storage LLC,64528,Gambit Energy Storage - Angleton Storage,998 W Live Oak St,Angleton,TX,77515,Brazoria,29.16801,-95.445062,TRE,ERCO,"Electric Reliability Council of Texas, Inc.",,22,NR,2,IPP Non-CHP,N,,N,,N,,,,,Texas-New Mexico Power Co,40051,TX,138, , ,Y,,,,,,N,,67098,Gambit Energy Storage LLC,Gambit Energy Storage - Angleton Storage,TX,Brazoria,1,Batteries,BA,,S,X,X,,,100.0, ,100,100,0,N, , ,OP,X,6,2021, , ,N,IPP Non-CHP,2,X,MWH,,,,,,,,,,,, ,10M,,,,,,,, , , , , , , , ,,, , , ,, , ,,,
64167,Corazon Energy LLC,64538,Corazon Energy LLC,TBD,Rachito Las Lomas,TX,78043,Webb,27.634677,-99.258329,TRE,ERCO,"Electric Reliability Council of Texas, Inc.",,22,NR,2,IPP Non-CHP,N,,N,,N,,N,,,AEP Texas Central Company,3278,TX,345, , ,N,,,,,,X,X,64167,Corazon Energy LLC,Corazon Energy LLC,TX,Webb,KOV4A,Solar Photovoltaic,PV,,S,X,X,,,200.0,1,200,200, ,N, , ,OP,X,8,2021, , ,N,IPP Non-CHP,2,X,SUN,,,,,,,,,,,, ,,,,,,,,, , , , , , , , ,,, , , ,, , ,N,,
64178,"Ranchland Wind Project II, LLC",64544,Ranchland Wind Project II,11004 FM 1864,Cisco,TX,76437,Callahan,32.308524,-99.164198,TRE,ERCO,"Electric Reliability Council of Texas, Inc.",,22,NR,2,IPP Non-CHP,N,,N,,Y,EG21-240-000,,,,"Lone Star Transmission, LLC",65090,,345, , ,N,,,,,,,,64178,"Ranchland Wind Project II, LLC",Ranchland Wind Project II,TX,Callahan,WT2,Onshore Wind Turbine,WT,,S,X,X,,,148.0, ,148,148, ,N, , ,OP,X,4,2024, , ,,IPP Non-CHP,2,,WND,,,,,,,,,,,,32,,,,,,,,, , , , , , , , ,,, , , ,, , ,,,
64179,"Ranchland Wind Storage, LLC",64545,Ranchland Wind Storage,11004 FM 1864,Cisco,TX,76437,Callahan,32.308524,-99.164198,TRE,ERCO,"Electric Reliability Council of Texas, Inc.",,22,NR,2,IPP Non-CHP,N,,N,,Y,EG21-241-000,,,,"Lone Star Transmission, LLC",65090,,345, , ,Y,,,,,,,,64179,"Ranchland Wind Storage, LLC",Ranchland Wind Storage,TX,Callahan,BA,Batteries,BA,,S,X,X,,,73.0, ,73,73,0.1,N, , ,OP,X,4,2024, , ,N,IPP Non-CHP,2,X,MWH,,,,,,,,,,,, ,10M,,,,,,,, , , , , , , , ,,, , , ,, , ,,,
64177,"Ranchland Wind Project I, LLC",64551,Ranchland Wind Project I,11004 FM 1864,Cisco,TX,76437,Callahan,32.308524,-99.164498,TRE,ERCO,"Electric Reliability Council of Texas, Inc.",,22,NR,2,IPP Non-CHP,N,,N,,N,,,,,"Lone Star Transmission, LLC",65090,,345, , ,N,,,,,,,,64177,"Ranchland Wind Project I, LLC",Ranchland Wind Project I,TX,Callahan,WT2,Onshore Wind Turbine,WT,,S,X,X,,,114.9, ,114.9,114.9, ,N, , ,OP,X,4,2024, , ,,IPP Non-CHP,2,,WND,,,,,,,,,,,,31,,,,,,,,, , , , , , , , ,,, , , ,, , ,,,
64209,"El Algodon Alto Wind Farm, LLC",64591,"El Algodon Alto Wind Farm, LLC",TBA,Mathis,TX,78368,San Patricio,27.992706,-97.743983,TRE,ERCO,"Electric Reliability Council of Texas, Inc.",,22,NR,2,IPP Non-CHP,N,,N,,N,,N,,,AEP Texas Central Company,3278,TX,345, , ,N,,,,,,,,64209,"El Algodon Alto Wind Farm, LLC","El Algodon Alto Wind Farm, LLC",TX,San Patricio,EEA,Onshore Wind Turbine,WT,,S,X,X,,,200.2, ,200.2,200.2,0.1,N, , ,OP,X,5,2022, , ,N,IPP Non-CHP,2,X,WND,,,,,,,,,,N,N,91,,,,,,,,, , , , , , , , ,,, , , ,, , ,N,,
64251,TG East Wind Project LLC,64639,TG East,8894 County Road 3700,Truscott,TX,79227,Knox,33.746323,-99.665516,TRE,ERCO,"Electric Reliability Council of Texas, Inc.",,22,NR,2,IPP Non-CHP,N,,N,,Y,EG21-160-000,N,X,,AEP Texas North Company,20404,TX,345, , ,N,,,,,,N,N,64251,TG East Wind Project LLC,TG East,TX,Knox,ESCA,Onshore Wind Turbine,WT,,S,X,X,,,336.0, ,336,336,0,N, , ,OP,X,4,2022, , ,N,IPP Non-CHP,2,X,WND,,,,,,,,,,N,N,65,10M,,,,,,,, , , , , , , , ,,, , , ,N, , ,N,,
64976,Great Prairie Wind LLC,64665,Great Prairie Wind,TBD,Gruver,TX,79040,Hansford,36.3075,-101.53222,MRO,SWPP,Southwest Power Pool,,22,NR,2,IPP Non-CHP,N,,N,,N,,,,,"NextEra Energy Services, LLC",7279,TX,345, , ,N,,,,,,N,,64976,Great Prairie Wind LLC,Great Prairie Wind,TX,Hansford,GR01,Onshore Wind Turbine,WT,,S,X,X,,,1027.0, ,1027,1027,0,N, , ,OP,X,11,2022, , ,N,IPP Non-CHP,2,X,WND,,,,,,,,,,,,365,,,,,,,,, , , , , , , , ,,, , , ,, , ,,,
64266,"Blue Jay Solar I, LLC",64672,"Blue Jay Solar I, LLC",16061 County Road 164,Iola,TX,77861,Grimes,30.705329,-96.069829,TRE,ERCO,"Electric Reliability Council of Texas, Inc.",,22,NR,2,IPP Non-CHP,N,,N,,Y,21-242-000,,,,Brazos Electric Power Coop Inc,2172,,138, , ,Y,,,,,,,,64266,"Blue Jay Solar I, LLC","Blue Jay Solar I, LLC",TX,Grimes,BLUEJ,Batteries,BA,,S,X,X,,,51.6, ,51.6,51.6,0.1,N, , ,OP,X,6,2023, , ,N,IPP Non-CHP,2,X,MWH,,,,,,,,,,N,N, ,10M,,,,,,,, , , , , , , , ,,, , , ,, , ,,,
64288,"White Mesa Wind, LLC",64710,White Mesa Wind,3047 W. US Highway 190,Ozona,TX,76943,Crockett,30.91,-101.263,TRE,ERCO,"Electric Reliability Council of Texas, Inc.",,22,NR,2,IPP Non-CHP,N,,N,,N,,,,,Lower Colorado River Authority,11269,,345, , ,N,,,,,,,,64288,"White Mesa Wind, LLC",White Mesa Wind,TX,Crockett,WM001,Onshore Wind Turbine,WT,,S,X,X,,,500.6, ,500.6,500.6,50,N, , ,OP,X,10,2021, , ,N,IPP Non-CHP,2,X,WND,,,,,,,,,,,,180,,,,,,,,, , , , , , , , ,,, , , ,, , ,,,
64315,"Walmart Stores Texas, LLC",64769,WAL194,4900 Garth Road,Baytown,TX,77521,Harris,29.776274,-94.974458,TRE,ERCO,"Electric Reliability Council of Texas, Inc.",,441,NR,4,Commercial Non-CHP,N,,N,,N,,,,,CenterPoint Energy,8901,TX,0.48, , ,N,CENTERPOINT ENERGY,,,,,N,N,64315,"Walmart Stores Texas, LLC",WAL194,TX,Harris,GEN1,Natural Gas Internal Combustion Engine,IC,,S,X,X,,,0.4,0.8,0.4,0.4,0.1,N, , ,OP,X,4,2021, , ,N,Commercial Non-CHP,4,X,NG,,,,,,,,,,N,N, ,10M,,,,,,,, , , , , , , , ,,, , , ,, , ,N,,
64315,"Walmart Stores Texas, LLC",64770,WAL202,16066 State Highway 121,Frisco,TX,75035,Collin,33.100353,-96.800708,TRE,ERCO,"Electric Reliability Council of Texas, Inc.",,441,NR,4,Commercial Non-CHP,N,,N,,N,,,,,"Denton County Elec Coop, Inc",5078,TX,0.48, , ,N,,,,,,N,N,64315,"Walmart Stores Texas, LLC",WAL202,TX,Collin,GEN1,Petroleum Liquids,IC,,S,X,X,,,1.3,0.8,1.3,1.3,0.1,N, , ,OP,X,6,2020, , ,N,Commercial Non-CHP,4,X,DFO,,,,,,,,,,N,N, ,10M,,,,,,,, , , , , , , , ,,, , , ,, , ,N,,
64315,"Walmart Stores Texas, LLC",64771,WAL266,1601 W State Highway 114,Grapevine,TX,76051,Tarrant,32.922049,-97.081986,TRE,ERCO,"Electric Reliability Council of Texas, Inc.",,441,NR,4,Commercial Non-CHP,N,,N,,N,,,,,Oncor Electric Delivery Company LLC,44372,TX,0.48, , ,N,ATMOS ENERGY CORPORATION,,,,,N,N,64315,"Walmart Stores Texas, LLC",WAL266,TX,Tarrant,GEN1,Natural Gas Internal Combustion Engine,IC,,S,X,X,,,0.4,0.8,0.4,0.4,0.1,N, , ,OP,X,11,2021, , ,N,Commercial Non-CHP,4,X,NG,,,,,,,,,,N,N, ,10M,,,,,,,, , , , , , , , ,,, , , ,, , ,N,,
64315,"Walmart Stores Texas, LLC",64772,WAL284,930 N Walnut Creek,Mansfield,TX,76063,Tarrant,32.576159,-97.130048,TRE,ERCO,"Electric Reliability Council of Texas, Inc.",,441,NR,4,Commercial Non-CHP,N,,N,,N,,,,,Oncor Electric Delivery Company LLC,44372,TX,0.48, , ,N,ATMOS ENERGY CORPORATION,,,,,N,N,64315,"Walmart Stores Texas, LLC",WAL284,TX,Tarrant,GEN1,Natural Gas Internal Combustion Engine,IC,,S,X,X,,,0.4,0.8,0.4,0.4,0.1,N, , ,OP,X,10,2021, , ,N,Commercial Non-CHP,4,X,NG,,,,,,,,,,N,N, ,10M,,,,,,,, , , , , , , , ,,, , , ,, , ,N,,
64315,"Walmart Stores Texas, LLC",64773,WAL407,1400 Lowes Blvd,Killeen,TX,76542,Bell,31.089722,-97.729279,TRE,ERCO,"Electric Reliability Council of Texas, Inc.",,441,NR,4,Commercial Non-CHP,N,,N,,N,,,,,Oncor Electric Delivery Company LLC,44372,TX,0.48, , ,N,ATMOS ENERGY CORPORATION,,,,,N,N,64315,"Walmart Stores Texas, LLC",WAL407,TX,Bell,GEN1,Natural Gas Internal Combustion Engine,IC,,S,X,X,,,0.4,0.8,0.4,0.4,0.1,N, , ,OP,X,11,2021, , ,N,Commercial Non-CHP,4,X,NG,,,,,,,,,,N,N, ,10M,,,,,,,, , , , , , , , ,,, , , ,, , ,N,,
64315,"Walmart Stores Texas, LLC",64774,WAL414,5131 Greenbriara Road,Wichita Falls,TX,76302,Wichita,33.857046,-98.499006,TRE,ERCO,"Electric Reliability Council of Texas, Inc.",,441,NR,4,Commercial Non-CHP,N,,N,,N,,,,,Oncor Electric Delivery Company LLC,44372,TX,0.48, , ,N,ATMOS ENERGY CORPORATION,,,,,N,N,64315,"Walmart Stores Texas, LLC",WAL414,TX,Wichita,GEN1,Natural Gas Internal Combustion Engine,IC,,S,X,X,,,0.4,0.8,0.4,0.4,0.1,N, , ,OP,X,4,2021, , ,N,Commercial Non-CHP,4,X,NG,,,,,,,,,,N,N, ,10M,,,,,,,, , , , , , , , ,,, , , ,, , ,N,,
64315,"Walmart Stores Texas, LLC",64775,WAL447,2410 Dodson Ave,Del Rio,TX,78840,Val Verde,29.395822,-100.901074,TRE,ERCO,"Electric Reliability Council of Texas, Inc.",,441,NR,4,Commercial Non-CHP,N,,N,,N,,,,,AEP Texas Central Company,3278,TX,0.48, , ,N,DEL RIO GAS CITY OF,,,,,N,N,64315,"Walmart Stores Texas, LLC",WAL447,TX,Val Verde,GEN1,Natural Gas Internal Combustion Engine,IC,,S,X,X,,,0.4,0.8,0.4,0.4,0.1,N, , ,OP,X,10,2021, , ,N,Commercial Non-CHP,4,X,NG,,,,,,,,,,N,N, ,10M,,,,,,,, , , , , , , , ,,, , , ,, , ,N,,
64315,"Walmart Stores Texas, LLC",64776,WAL452,2800 W Nolana Ave,Mcallen,TX,78504,Hidalgo,26.243944,-98.245055,TRE,ERCO,"Electric Reliability Council of Texas, Inc.",,441,NR,4,Commercial Non-CHP,N,,N,,N,,,,,AEP Texas Central Company,3278,TX,0.48, , ,N,TEXAS GAS SERVICE,,,,,N,N,64315,"Walmart Stores Texas, LLC",WAL452,TX,Hidalgo,GEN1,Natural Gas Internal Combustion Engine,IC,,S,X,X,,,0.4,0.8,0.4,0.4,0.1,N, , ,OP,X,9,2021, , ,N,Commercial Non-CHP,4,X,NG,,,,,,,,,,N,N, ,10M,,,,,,,, , , , , , , , ,,, , , ,, , ,N,,
64315,"Walmart Stores Texas, LLC",64777,WAL456,3500 W Alton Gloor Blvd,Brownsville,TX,78520,Cameron,25.976057,-97.519445,TRE,ERCO,"Electric Reliability Council of Texas, Inc.",,441,NR,4,Commercial Non-CHP,N,,N,,N,,,,,AEP Texas Central Company,3278,TX,0.48, , ,N,TEXAS GAS SERVICE,,,,,N,N,64315,"Walmart Stores Texas, LLC",WAL456,TX,Cameron,GEN1,Natural Gas Internal Combustion Engine,IC,,S,X,X,,,0.4,0.8,0.4,0.4,0.1,N, , ,OP,X,9,2021, , ,N,Commercial Non-CHP,4,X,NG,,,,,,,,,,N,N, ,10M,,,,,,,, , , , , , , , ,,, , , ,, , ,N,,
64315,"Walmart Stores Texas, LLC",64778,WAL461,496 S Bibb Ave,Eagle Pass,TX,78852,Maverick,28.702031,-100.482722,TRE,ERCO,"Electric Reliability Council of Texas, Inc.",,441,NR,4,Commercial Non-CHP,N,,N,,N,,,,,AEP Texas Central Company,3278,TX,0.48, , ,N,TEXAS GAS SERVICE,,,,,N,N,64315,"Walmart Stores Texas, LLC",WAL461,TX,Maverick,GEN1,Natural Gas Internal Combustion Engine,IC,,S,X,X,,,0.4,0.8,0.4,0.4,0.1,N, , ,OP,X,10,2021, , ,N,Commercial Non-CHP,4,X,NG,,,,,,,,,,N,N, ,10M,,,,,,,, , , , , , , , ,,, , , ,, , ,N,,
64315,"Walmart Stores Texas, LLC",64791,WAL462,400 South Bypass 35,Alvin,TX,77511,Brazoria,29.421764,-95.230784,TRE,ERCO,"Electric Reliability Council of Texas, Inc.",,441,NR,4,Commercial Non-CHP,N,,N,,N,,,,,Texas-New Mexico Power Co,40051,TX,0.48, , ,N,CENTERPOINT ENERGY,,,,,N,N,64315,"Walmart Stores Texas, LLC",WAL462,TX,Brazoria,GEN1,Natural Gas Internal Combustion Engine,IC,,S,X,X,,,1.3,0.8,1.3,1.3,0.1,N, , ,OP,X,11,2019, , ,N,Commercial Non-CHP,4,X,NG,,,,,,,,,,N,N, ,10M,,,,,,,, , , , , , , , ,,, , , ,, , ,N,,
64315,"Walmart Stores Texas, LLC",64792,WAL504,6702 Seawall Blvd,Galveston,TX,77551,Galveston,29.26514,-94.832945,TRE,ERCO,"Electric Reliability Council of Texas, Inc.",,441,NR,4,Commercial Non-CHP,N,,N,,N,,,,,CenterPoint Energy,8901,TX,0.48, , ,N,CENTERPOINT ENERGY,,,,,N,N,64315,"Walmart Stores Texas, LLC",WAL504,TX,Galveston,GEN1,Natural Gas Internal Combustion Engine,IC,,S,X,X,,,0.4,0.8,0.4,0.4,0.1,N, , ,OP,X,6,2022, , ,N,Commercial Non-CHP,4,X,NG,,,,,,,,,,N,N, ,10M,,,,,,,, , , , , , , , ,,, , , ,, , ,N,,
64315,"Walmart Stores Texas, LLC",64793,WAL522,3701 N Main,Crosby,TX,77532,Harris,29.894458,-95.06497,TRE,ERCO,"Electric Reliability Council of Texas, Inc.",,441,NR,4,Commercial Non-CHP,N,,N,,N,,,,,CenterPoint Energy,8901,TX,0.48, , ,N,CENTERPOINT ENERGY,,,,,N,N,64315,"Walmart Stores Texas, LLC",WAL522,TX,Harris,GEN1,Natural Gas Internal Combustion Engine,IC,,S,X,X,,,0.4,0.8,0.4,0.4,0.1,N, , ,OP,X,6,2020, , ,N,Commercial Non-CHP,4,X,NG,,,,,,,,,,N,N, ,10M,,,,,,,, , , , , , , , ,,, , , ,, , ,N,,
64315,"Walmart Stores Texas, LLC",64794,WAL529,6410 Interstate 45,La Marque,TX,77568,Galveston,29.372305,-95.000453,TRE,ERCO,"Electric Reliability Council of Texas, Inc.",,441,NR,4,Commercial Non-CHP,N,,N,,N,,,,,Texas-New Mexico Power Co,40051,TX,0.48, , ,N,CENTERPOINT ENERGY,,,,,N,N,64315,"Walmart Stores Texas, LLC",WAL529,TX,Galveston,GEN1,Natural Gas Internal Combustion Engine,IC,,S,X,X,,,1.3,0.8,1.3,1.3,0.1,N, , ,OP,X,11,2019, , ,N,Commercial Non-CHP,4,X,NG,,,,,,,,,,N,N, ,10M,,,,,,,, , , , , , , , ,,, , , ,, , ,N,,
64315,"Walmart Stores Texas, LLC",64795,WAL536,1650 State Highway 351,Abilene,TX,79601,Jones,32.48078,-99.698015,TRE,ERCO,"Electric Reliability Council of Texas, Inc.",,441,NR,4,Commercial Non-CHP,N,,N,,N,,,,,AEP Texas North Company,20404,TX,0.48, , ,N,ATMOS ENERGY CORPORATION,,,,,N,N,64315,"Walmart Stores Texas, LLC",WAL536,TX,Jones,GEN1,Natural Gas Internal Combustion Engine,IC,,S,X,X,,,0.4,0.8,0.4,0.4,0.1,N, , ,OP,X,10,2021, , ,N,Commercial Non-CHP,4,X,NG,,,,,,,,,,N,N, ,10M,,,,,,,, , , , , , , , ,,, , , ,, , ,N,,
64315,"Walmart Stores Texas, LLC",64796,WAL537,4210 John Ben Shepperd Pkwy,Odessa,TX,79762,Ector,31.8957,-102.332512,TRE,ERCO,"Electric Reliability Council of Texas, Inc.",,441,NR,4,Commercial Non-CHP,N,,N,,N,,,,,Oncor Electric Delivery Company LLC,44372,TX,0.48, , ,N,ATMOS ENERGY CORPORATION,,,,,N,N,64315,"Walmart Stores Texas, LLC",WAL537,TX,Ector,GEN1,Natural Gas Internal Combustion Engine,IC,,S,X,X,,,0.4,0.8,0.4,0.4,0.1,N, , ,OP,X,11,2021, , ,N,Commercial Non-CHP,4,X,NG,,,,,,,,,,N,N, ,10M,,,,,,,, , , , , , , , ,,, , , ,, , ,N,,
64315,"Walmart Stores Texas, LLC",64797,WAL546,5330 FM 1640,Richmond,TX,77469,Fort Bend,29.558105,-95.761271,TRE,ERCO,"Electric Reliability Council of Texas, Inc.",,441,NR,4,Commercial Non-CHP,N,,N,,N,,,,,CenterPoint Energy,8901,TX,0.48, , ,N,CENTERPOINT ENERGY,,,,,N,N,64315,"Walmart Stores Texas, LLC",WAL546,TX,Fort Bend,GEN1,Natural Gas Internal Combustion Engine,IC,,S,X,X,,,0.4,0.8,0.4,0.4,0.1,N, , ,OP,X,12,2020, , ,N,Commercial Non-CHP,4,X,NG,,,,,,,,,,N,N, ,10M,,,,,,,, , , , , , , , ,,, , , ,, , ,N,,
64315,"Walmart Stores Texas, LLC",64798,WAL565,3801 W State Highway 31,Corsicana,TX,75110,Navarro,32.101054,-96.403764,TRE,ERCO,"Electric Reliability Council of Texas, Inc.",,441,NR,4,Commercial Non-CHP,N,,N,,N,,N,X,,Oncor Electric Delivery Company LLC,44372,TX,0.48, , ,N,ATMOS ENERGY CORPORATION,,,,,N,N,64315,"Walmart Stores Texas, LLC",WAL565,TX,Navarro,GEN1,Natural Gas Internal Combustion Engine,IC,,S,X,X,,,0.4,0.8,0.4,0.4,0.1,N, , ,OP,X,3,2022, , ,N,Commercial Non-CHP,4,X,NG,,,,,,,,,,N,N, ,10M,,,,,,,, , , , , , , , ,,, , , ,, , ,N,,
64315,"Walmart Stores Texas, LLC",64799,WAL602,1025 Sawdust Road,Spring,TX,77380,Montgomery,30.12423,-95.45769,TRE,ERCO,"Electric Reliability Council of Texas, Inc.",,441,NR,4,Commercial Non-CHP,N,,N,,N,,,,,CenterPoint Energy,8901,TX,0.48, , ,N,CENTERPOINT ENERGY,,,,,N,N,64315,"Walmart Stores Texas, LLC",WAL602,TX,Montgomery,GEN1,Natural Gas Internal Combustion Engine,IC,,S,X,X,,,0.4,0.8,0.4,0.4,0.1,N, , ,OP,X,6,2020, , ,N,Commercial Non-CHP,4,X,NG,,,,,,,,,,N,N, ,10M,,,,,,,, , , , , , , , ,,, , , ,, , ,N,,
64315,"Walmart Stores Texas, LLC",64800,WAL744,6626 FM 1960 E,Humble,TX,77346,Harris,29.995621,-95.176468,TRE,ERCO,"Electric Reliability Council of Texas, Inc.",,441,NR,4,Commercial Non-CHP,N,,N,,N,,,,,CenterPoint Energy,8901,TX,0.48, , ,N,CENTERPOINT ENERGY,,,,,N,N,64315,"Walmart Stores Texas, LLC",WAL744,TX,Harris,GEN1,Natural Gas Internal Combustion Engine,IC,,S,X,X,,,0.4,0.8,0.4,0.4,0.1,N, , ,OP,X,11,2020, , ,N,Commercial Non-CHP,4,X,NG,,,,,,,,,,N,N, ,10M,,,,,,,, , , , , , , , ,,, , , ,, , ,N,,
64315,"Walmart Stores Texas, LLC",64801,WAL752,5200 Fairmont Pkwy,Pasadena,TX,77505,Harris,29.64662,-95.161425,TRE,ERCO,"Electric Reliability Council of Texas, Inc.",,441,NR,4,Commercial Non-CHP,N,,N,,N,,,,,CenterPoint Energy,8901,TX,0.48, , ,N,CENTERPOINT ENERGY,,,,,N,N,64315,"Walmart Stores Texas, LLC",WAL752,TX,Harris,GEN1,Natural Gas Internal Combustion Engine,IC,,S,X,X,,,0.4,0.8,0.4,0.4,0.1,N, , ,OP,X,8,2020, , ,N,Commercial Non-CHP,4,X,NG,,,,,,,,,,N,N, ,10M,,,,,,,, , , , , , , , ,,, , , ,, , ,N,,
64315,"Walmart Stores Texas, LLC",64802,WAL768,1313 Fry Road,Katy,TX,77449,Harris,29.789117,-95.722232,TRE,ERCO,"Electric Reliability Council of Texas, Inc.",,441,NR,4,Commercial Non-CHP,N,,N,,N,,,,,CenterPoint Energy,8901,TX,0.48, , ,N,CENTERPOINT ENERGY,,,,,N,N,64315,"Walmart Stores Texas, LLC",WAL768,TX,Harris,GEN1,Natural Gas Internal Combustion Engine,IC,,S,X,X,,,0.4,0.8,0.4,0.4,0.1,N, , ,OP,X,11,2019, , ,N,Commercial Non-CHP,4,X,NG,,,,,,,,,,N,N, ,10M,,,,,,,, , , , , , , , ,,, , , ,, , ,N,,
64315,"Walmart Stores Texas, LLC",64803,WAL772,3506 Highway 6 S,Houston,TX,77082,Harris,29.721093,-95.646224,TRE,ERCO,"Electric Reliability Council of Texas, Inc.",,441,NR,4,Commercial Non-CHP,N,,N,,N,,,,,CenterPoint Energy,8901,TX,0.48, , ,N,CENTERPOINT ENERGY,,,,,N,N,64315,"Walmart Stores Texas, LLC",WAL772,TX,Harris,GEN1,Natural Gas Internal Combustion Engine,IC,,S,X,X,,,0.4,0.8,0.4,0.4,0.1,N, , ,OP,X,9,2021, , ,N,Commercial Non-CHP,4,X,NG,,,,,,,,,,N,N, ,10M,,,,,,,, , , , , , , , ,,, , , ,, , ,N,,
64315,"Walmart Stores Texas, LLC",64804,WAL791,2701 E Main St,Alice,TX,78332,Jim Wells,27.769271,-98.043187,TRE,ERCO,"Electric Reliability Council of Texas, Inc.",,441,NR,4,Commercial Non-CHP,N,,N,,N,,,,,AEP Texas Central Company,3278,TX,0.48, , ,N,CENTERPOINT ENERGY,,,,,N,N,64315,"Walmart Stores Texas, LLC",WAL791,TX,Jim Wells,GEN1,Natural Gas Internal Combustion Engine,IC,,S,X,X,,,0.4,0.8,0.4,0.4,0.1,N, , ,OP,X,8,2021, , ,N,Commercial Non-CHP,4,X,NG,,,,,,,,,,N,N, ,10M,,,,,,,, , , , , , , , ,,, , , ,, , ,N,,
64315,"Walmart Stores Texas, LLC",64805,WAL849,155 Louetta Crossing,Spring,TX,77373,Harris,30.064779,-95.429453,TRE,ERCO,"Electric Reliability Council of Texas, Inc.",,441,NR,4,Commercial Non-CHP,N,,N,,N,,N,X,,CenterPoint Energy,8901,TX,0.48, , ,N,CENTERPOINT ENERGY,,,,,N,N,64315,"Walmart Stores Texas, LLC",WAL849,TX,Harris,GEN1,Natural Gas Internal Combustion Engine,IC,,S,X,X,,,0.4,0.8,0.4,0.4,0.1,N, , ,OP,X,7,2020, , ,N,Commercial Non-CHP,4,X,NG,,,,,,,,,,N,N, ,10M,,,,,,,, , , , , , , , ,,, , , ,, , ,N,,
64315,"Walmart Stores Texas, LLC",64806,WAL872,1919 N. Main Street,Pearland,TX,77581,Brazoria,29.573168,-95.283899,TRE,ERCO,"Electric Reliability Council of Texas, Inc.",,441,NR,4,Commercial Non-CHP,N,,N,,N,,,,,CenterPoint Energy,8901,TX,0.48, , ,N,CENTERPOINT ENERGY,,,,,N,N,64315,"Walmart Stores Texas, LLC",WAL872,TX,Brazoria,GEN1,Natural Gas Internal Combustion Engine,IC,,S,X,X,,,0.4,0.8,0.4,0.4,0.1,N, , ,OP,X,12,2020, , ,N,Commercial Non-CHP,4,X,NG,,,,,,,,,,N,N, ,10M,,,,,,,, , , , , , , , ,,, , , ,, , ,N,,
64315,"Walmart Stores Texas, LLC",64807,WAL896,2225 W Interstate 20,Grand Prairie,TX,75052,Dallas,32.673532,-97.036234,TRE,ERCO,"Electric Reliability Council of Texas, Inc.",,441,NR,4,Commercial Non-CHP,N,,N,,N,,,,,Oncor Electric Delivery Company LLC,44372,TX,0.48, , ,N,ATMOS ENERGY CORPORATION,,,,,N,N,64315,"Walmart Stores Texas, LLC",WAL896,TX,Dallas,GEN1,Natural Gas Internal Combustion Engine,IC,,S,X,X,,,0.4,0.8,0.4,0.4,0.1,N, , ,OP,X,10,2021, , ,N,Commercial Non-CHP,4,X,NG,,,,,,,,,,N,N, ,10M,,,,,,,, , , , , , , , ,,, , , ,, , ,N,,
64315,"Walmart Stores Texas, LLC",64808,WAL897,2610 W Dickinson Blvd,Fort Stockton,TX,79735,Pecos,30.896466,-102.907161,TRE,ERCO,"Electric Reliability Council of Texas, Inc.",,441,NR,4,Commercial Non-CHP,N,,N,,N,,,,,Texas-New Mexico Power Co,40051,TX,1.25, , ,N,FORT STOCKTON CITY OF,,,,,N,N,64315,"Walmart Stores Texas, LLC",WAL897,TX,Pecos,GEN1,Natural Gas Internal Combustion Engine,IC,,S,X,X,,,1.3,0.8,1.3,1.3,0.1,N, , ,OP,X,2,2021, , ,N,Commercial Non-CHP,4,X,NG,,,,,,,,,,N,N, ,10M,,,,,,,, , , , , , , , ,,, , , ,, , ,N,,
64315,"Walmart Stores Texas, LLC",64809,WAL940,6770 Westworth Blvd,Westworth Village,TX,76114,Tarrant,32.755036,-97.433843,TRE,ERCO,"Electric Reliability Council of Texas, Inc.",,441,NR,4,Commercial Non-CHP,N,,N,,N,,,,,Oncor Electric Delivery Company LLC,44372,TX,0.48, , ,N,ATMOS ENERGY CORPORATION,,,,,N,N,64315,"Walmart Stores Texas, LLC",WAL940,TX,Tarrant,GEN1,Natural Gas Internal Combustion Engine,IC,,S,X,X,,,0.4,0.8,0.4,0.4,0.1,N, , ,OP,X,10,2020, , ,N,Commercial Non-CHP,4,X,NG,,,,,,,,,,N,N, ,10M,,,,,,,, , , , , , , , ,,, , , ,, , ,N,,
64315,"Walmart Stores Texas, LLC",64810,WAL947,401 E US Highway 82,Sherman,TX,75092,Grayson,33.673162,-96.612131,TRE,ERCO,"Electric Reliability Council of Texas, Inc.",,441,NR,4,Commercial Non-CHP,N,,N,,N,,,,,Oncor Electric Delivery Company LLC,44372,TX,0.48, , ,N,ATMOS ENERGY CORPORATION,,,,,N,N,64315,"Walmart Stores Texas, LLC",WAL947,TX,Grayson,GEN1,Natural Gas Internal Combustion Engine,IC,,S,X,X,,,0.4,0.8,0.4,0.4,0.1,N, , ,OP,X,10,2020, , ,N,Commercial Non-CHP,4,X,NG,,,,,,,,,,N,N, ,10M,,,,,,,, , , , , , , , ,,, , , ,, , ,N,,
64339,"VESI Upton County BESS, LLC",64811,Upton County BESS,2361 Letter B Road,McCamey,TX,79752,Upton,31.23924,-102.32169,TRE,ERCO,"Electric Reliability Council of Texas, Inc.",,22,NR,2,IPP Non-CHP,N,,N,,N,,,,,Lower Colorado River Authority,11269,,138, , ,Y,,,,,,N,X,64339,"VESI Upton County BESS, LLC",Upton County BESS,TX,Upton,UPT1,Batteries,BA,,S,X,X,,,24.8, ,24.8,24.8, ,N, , ,OP,X,6,2023, , ,N,IPP Non-CHP,2,X,MWH,,,,,,,,,,,, ,10M,,,,,,,, , , , , , , , ,,, , , ,, , ,,,
64315,"Walmart Stores Texas, LLC",64812,WAL972,6360 LAKE WORTH BLVD,Fort Worth,TX,76135,Tarrant,32.811848,-97.424739,TRE,ERCO,"Electric Reliability Council of Texas, Inc.",,441,NR,4,Commercial Non-CHP,N,,N,,N,,,,,Oncor Electric Delivery Company LLC,44372,TX,0.48, , ,N,ATMOS ENERGY CORPORATION,,,,,N,N,64315,"Walmart Stores Texas, LLC",WAL972,TX,Tarrant,GEN1,Natural Gas Internal Combustion Engine,IC,,S,X,X,,,0.4,0.8,0.4,0.4,0.1,N, , ,OP,X,11,2020, , ,N,Commercial Non-CHP,4,X,NG,,,,,,,,,,N,N, ,10M,,,,,,,, , , , , , , , ,,, , , ,, , ,N,,
64315,"Walmart Stores Texas, LLC",64813,WAL1040,15955 FM 529 RD,Houston,TX,77095,Harris,29.877618,-95.651482,TRE,ERCO,"Electric Reliability Council of Texas, Inc.",,441,NR,4,Commercial Non-CHP,N,,N,,N,,,,,CenterPoint Energy,8901,TX,0.48, , ,N,CENTERPOINT ENERGY,,,,,N,N,64315,"Walmart Stores Texas, LLC",WAL1040,TX,Harris,GEN1,Natural Gas Internal Combustion Engine,IC,,S,X,X,,,0.4,0.8,0.4,0.4,0.1,N, , ,OP,X,8,2019, , ,N,Commercial Non-CHP,4,X,NG,,,,,,,,,,N,N, ,10M,,,,,,,, , , , , , , , ,,, , , ,, , ,N,,
64315,"Walmart Stores Texas, LLC",64814,WAL1062,150 W. EL DORADO BLVD,Friendswood,TX,77546,Harris,29.551973,-95.159125,TRE,ERCO,"Electric Reliability Council of Texas, Inc.",,441,NR,4,Commercial Non-CHP,N,,N,,N,,,,,CenterPoint Energy,8901,TX,0.48, , ,N,CENTERPOINT ENERGY,,,,,N,N,64315,"Walmart Stores Texas, LLC",WAL1062,TX,Harris,GEN1,Natural Gas Internal Combustion Engine,IC,,S,X,X,,,0.4,0.8,0.4,0.4,0.1,N, , ,OP,X,3,2021, , ,N,Commercial Non-CHP,4,X,NG,,,,,,,,,,N,N, ,10M,,,,,,,, , , , , , , , ,,, , , ,, , ,N,,
64315,"Walmart Stores Texas, LLC",64815,WAL1103,3450 FM 1960 RD W.,Houston,TX,77068,Harris,29.998163,-95.486202,TRE,ERCO,"Electric Reliability Council of Texas, Inc.",,441,NR,4,Commercial Non-CHP,N,,N,,N,,,,,CenterPoint Energy,8901,TX,0.48, , ,N,CENTERPOINT ENERGY,,,,,N,N,64315,"Walmart Stores Texas, LLC",WAL1103,TX,Harris,GEN1,Natural Gas Internal Combustion Engine,IC,,S,X,X,,,0.4,0.8,0.4,0.4,0.1,N, , ,OP,X,7,2019, , ,N,Commercial Non-CHP,4,X,NG,,,,,,,,,,N,N, ,10M,,,,,,,, , , , , , , , ,,, , , ,, , ,N,,
64315,"Walmart Stores Texas, LLC",64816,WAL1232,2604 N MAIN ST.,Belton,TX,76513,Bell,31.080808,-97.457755,TRE,ERCO,"Electric Reliability Council of Texas, Inc.",,441,NR,4,Commercial Non-CHP,N,,N,,N,,,,,Oncor Electric Delivery Company LLC,44372,TX,0.48, , ,N,ATMOS ENERGY CORPORATION,,,,,N,N,64315,"Walmart Stores Texas, LLC",WAL1232,TX,Bell,GEN1,Natural Gas Internal Combustion Engine,IC,,S,X,X,,,0.4,0.8,0.4,0.4,0.1,N, , ,OP,X,9,2020, , ,N,Commercial Non-CHP,4,X,NG,,,,,,,,,,N,N, ,10M,,,,,,,, , , , , , , , ,,, , , ,, , ,N,,
64083,"DG Central 1, LLC",64821,FELPS 1 - Calaveras,2182 CR 128 ,Floresville,TX,78114,Wilson,29.220361,-98.250865,TRE,ERCO,"Electric Reliability Council of Texas, Inc.",,22,NR,2,IPP Non-CHP,N,,Y,25-251-000,N,,,,,City of Floresville,6427,TX,14.4, , ,N,,,,,,,,64083,"DG Central 1, LLC",FELPS 1 - Calaveras,TX,Wilson,FLPS1,Solar Photovoltaic,PV,,S,X,X,,,1.0, ,1,1, ,N, , ,OP,X,7,2021, , ,N,IPP Non-CHP,2,X,SUN,,,,,,,,,,N,N, ,,,,,,,,, , , , , , , , ,,, , , ,, , ,,,
64083,"DG Central 1, LLC",64823,FELPS 2 - Calaveras,2182 CR 128,Floresville,TX,78144,Wilson,29.220942,-98.251671,TRE,ERCO,"Electric Reliability Council of Texas, Inc.",,22,NR,2,IPP Non-CHP,N,,Y,21-252-000,N,,,,,City of Floresville,6427,TX,14.4, , ,N,,,,,,,,64083,"DG Central 1, LLC",FELPS 2 - Calaveras,TX,Wilson,FLPS2,Solar Photovoltaic,PV,,S,X,X,,,1.0, ,1,1, ,N, , ,OP,X,7,2021, , ,N,IPP Non-CHP,2,X,SUN,,,,,,,,,,,, ,,,,,,,,, , , , , , , , ,,, , , ,, , ,,,
64083,"DG Central 1, LLC",64824,FELPS 3 - Floresville South,1674 FM 537,Floresville,TX,78114,Wilson,29.129219,-98.106298,TRE,ERCO,"Electric Reliability Council of Texas, Inc.",,22,NR,2,IPP Non-CHP,N,,Y,21-253-00,N,,,,,City of Floresville,6427,TX,14.4, , ,N,,,,,,,,64083,"DG Central 1, LLC",FELPS 3 - Floresville South,TX,Wilson,FLPS3,Solar Photovoltaic,PV,,S,X,X,,,1.0, ,1,1, ,N, , ,OP,X,7,2021, , ,N,IPP Non-CHP,2,X,SUN,,,,,,,,,,,, ,,,,,,,,, , , , , , , , ,,, , , ,, , ,,,
64083,"DG Central 1, LLC",64825,FELPS 4 - Floresville South,1674 FM 537,Floresville,TX,78114,Wilson,29.128666,-98.107043,TRE,ERCO,"Electric Reliability Council of Texas, Inc.",,22,NR,2,IPP Non-CHP,N,,Y,21-254-000,N,,,,,City of Floresville,6427,TX,14.4, , ,N,,,,,,,,64083,"DG Central 1, LLC",FELPS 4 - Floresville South,TX,Wilson,FLPS4,Solar Photovoltaic,PV,,S,X,X,,,1.0, ,1,1, ,N, , ,OP,X,7,2021, , ,N,IPP Non-CHP,2,X,SUN,,,,,,,,,,,, ,,,,,,,,, , , , , , , , ,,, , , ,, , ,,,
64083,"DG Central 1, LLC",64826,FELPS 5- Floresville South,1674 FM 537,Floresville,TX,78114,Wilson,29.128151,-98.107343,TRE,ERCO,"Electric Reliability Council of Texas, Inc.",,22,NR,2,IPP Non-CHP,N,,Y,21-255-000,N,,,,,City of Floresville,6427,TX,14.4, , ,N,,,,,,,,64083,"DG Central 1, LLC",FELPS 5- Floresville South,TX,Wilson,FLPS5,Solar Photovoltaic,PV,,S,X,X,,,1.0, ,1,1, ,N, , ,OP,X,7,2021, , ,N,IPP Non-CHP,2,X,SUN,,,,,,,,,,N,N, ,,,,,,,,, , , , , , , , ,,, , , ,, , ,,,
64083,"DG Central 1, LLC",64827,FELPS 6- Floresville West,1696 FM 536,Floresville,TX,78114,Wilson,29.13398,-98.193353,TRE,ERCO,"Electric Reliability Council of Texas, Inc.",,22,NR,2,IPP Non-CHP,N,,Y,21-256-000,N,,,,,City of Floresville,6427,TX,14.4, , ,N,,,,,,,,64083,"DG Central 1, LLC",FELPS 6- Floresville West,TX,Wilson,FLPS6,Solar Photovoltaic,PV,,S,X,X,,,1.0, ,1,1, ,N, , ,OP,X,7,2021, , ,N,IPP Non-CHP,2,X,SUN,,,,,,,,,,N,N, ,,,,,,,,, , , , , , , , ,,, , , ,, , ,,,
64083,"DG Central 1, LLC",64828,FELPS 7- Floresville West,1696 FM 536 ,Floresville,TX,78114,Wilson,29.133613,-98.192753,TRE,ERCO,"Electric Reliability Council of Texas, Inc.",,22,NR,2,IPP Non-CHP,N,,Y,21-257-000,N,,,,,City of Floresville,6427,TX,14.4, , ,N,,,,,,,,64083,"DG Central 1, LLC",FELPS 7- Floresville West,TX,Wilson,FLPS7,Solar Photovoltaic,PV,,S,X,X,,,1.0, ,1,1, ,N, , ,OP,X,7,2021, , ,N,IPP Non-CHP,2,X,SUN,,,,,,,,,,N,N, ,,,,,,,,, , , , , , , , ,,, , , ,, , ,,,
64315,"Walmart Stores Texas, LLC",64829,WAL1272,5110 College Ave,Snyder,TX,76017,Scurry,32.691018,-100.91789,TRE,ERCO,"Electric Reliability Council of Texas, Inc.",,441,NR,4,Commercial Non-CHP,N,,N,,N,,,,,Oncor Electric Delivery Company LLC,44372,TX,0.48, , ,N,ATMOS ENERGY CORPORATION,,,,,N,N,64315,"Walmart Stores Texas, LLC",WAL1272,TX,Scurry,GEN1,Natural Gas Internal Combustion Engine,IC,,S,X,X,,,0.4,0.8,0.4,0.4,0.1,N, , ,OP,X,4,2021, , ,N,Commercial Non-CHP,4,X,NG,,,,,,,,,,N,N, ,10M,,,,,,,, , , , , , , , ,,, , , ,, , ,N,,
64370,"IP Radian, LLC",64859,"IP Radian, LLC",12224 FM 586 S,Brookesmith,TX,76827,Brown,31.5481,-99.1872,TRE,ERCO,"Electric Reliability Council of Texas, Inc.",,22,NR,2,IPP Non-CHP,N,,N,,Y,"21-248-000, 24-142-000",,,,Oncor Electric Delivery Company LLC,44372,TX,345, , ,N,,,,,,,,64370,"IP Radian, LLC","IP Radian, LLC",TX,Brown,IPRAD,Solar Photovoltaic,PV,,S,X,X,RADN_SLR_ALL,,320.0, ,320,320, ,N, , ,OP,X,5,2023, , ,N,IPP Non-CHP,2,X,SUN,,,,,,,,,,N,N, ,,,,,,,,, , , , , , , , ,,, , , ,, , ,N,,
64315,"Walmart Stores Texas, LLC",64883,WAL1455,8401 Anderson Blvd,Fort Worth,TX,76120,Tarrant,32.764483,-97.169261,TRE,ERCO,"Electric Reliability Council of Texas, Inc.",,441,NR,4,Commercial Non-CHP,N,,N,,N,,,,,Oncor Electric Delivery Company LLC,44372,TX,0.48, , ,N,ATMOS ENERGY CORPORATION,,,,,N,N,64315,"Walmart Stores Texas, LLC",WAL1455,TX,Tarrant,GEN1,Natural Gas Internal Combustion Engine,IC,,S,X,X,,,0.4,0.8,0.4,0.4,0.1,N, , ,OP,X,9,2021, , ,N,Commercial Non-CHP,4,X,NG,,,,,,,,,,N,N, ,10M,,,,,,,, , , , , , , , ,,, , , ,, , ,N,,
64315,"Walmart Stores Texas, LLC",64884,WAL1801,4801 S Cooper St,Arlington,TX,76017,Tarrant,32.668729,-97.131834,TRE,ERCO,"Electric Reliability Council of Texas, Inc.",,441,NR,4,Commercial Non-CHP,N,,N,,N,,,,,Oncor Electric Delivery Company LLC,44372,TX,0.48, , ,N,ATMOS ENERGY CORPORATION,,,,,N,N,64315,"Walmart Stores Texas, LLC",WAL1801,TX,Tarrant,GEN1,Natural Gas Internal Combustion Engine,IC,,S,X,X,,,0.4,0.8,0.4,0.4,0.1,N, , ,OP,X,12,2022, , ,N,Commercial Non-CHP,4,X,NG,,,,,,,,,,,, ,10M,,,,,,,, , , , , , , , ,,, , , ,, , ,N,,
64315,"Walmart Stores Texas, LLC",64885,WAL2257,13484 Northwest Fwy,Houston,TX,77040,Harris,29.853797,-95.509083,TRE,ERCO,"Electric Reliability Council of Texas, Inc.",,441,NR,4,Commercial Non-CHP,N,,N,,N,,,,,CenterPoint Energy,8901,TX,0.48, , ,N,CENTERPOINT ENERGY,,,,,N,N,64315,"Walmart Stores Texas, LLC",WAL2257,TX,Harris,GEN1,Natural Gas Internal Combustion Engine,IC,,S,X,X,,,0.4,0.8,0.4,0.4,0.1,N, , ,OP,X,9,2021, , ,N,Commercial Non-CHP,4,X,NG,,,,,,,,,,N,N, ,10M,,,,,,,, , , , , , , , ,,, , , ,, , ,N,,
64315,"Walmart Stores Texas, LLC",64886,WAL2439,8700 N Highway 146,Baytown,TX,77523,Chambers,29.817549,-94.900456,TRE,ERCO,"Electric Reliability Council of Texas, Inc.",,441,NR,4,Commercial Non-CHP,N,,N,,N,,,,,CenterPoint Energy,8901,TX,0.48, , ,N,CENTERPOINT ENERGY,,,,,N,N,64315,"Walmart Stores Texas, LLC",WAL2439,TX,Chambers,GEN1,Natural Gas Internal Combustion Engine,IC,,S,X,X,,,0.4,0.8,0.4,0.4,0.1,N, , ,OP,X,7,2021, , ,N,Commercial Non-CHP,4,X,NG,,,,,,,,,,N,N, ,10M,,,,,,,, , , , , , , , ,,, , , ,, , ,N,,
64315,"Walmart Stores Texas, LLC",64887,WAL2667,7401 Samuell Blvd,Dallas,TX,75228,Dallas,32.793829,-96.689543,TRE,ERCO,"Electric Reliability Council of Texas, Inc.",,441,NR,4,Commercial Non-CHP,N,,N,,N,,,,,Oncor Electric Delivery Company LLC,44372,TX,0.48, , ,N,ATMOS ENERGY CORPORATION,,,,,N,N,64315,"Walmart Stores Texas, LLC",WAL2667,TX,Dallas,GEN1,Natural Gas Internal Combustion Engine,IC,,S,X,X,,,0.4,0.8,0.4,0.4,0.1,N, , ,OP,X,11,2021, , ,N,Commercial Non-CHP,4,X,NG,,,,,,,,,,N,N, ,10M,,,,,,,, , , , , , , , ,,, , , ,, , ,N,,
64315,"Walmart Stores Texas, LLC",64888,WAL2724,1107 South Shaver St,Pasadena,TX,77506,Harris,29.693424,-95.210408,TRE,ERCO,"Electric Reliability Council of Texas, Inc.",,441,NR,4,Commercial Non-CHP,N,,N,,N,,,,,CenterPoint Energy,8901,TX,0.48, , ,N,CENTERPOINT ENERGY,,,,,N,N,64315,"Walmart Stores Texas, LLC",WAL2724,TX,Harris,GEN1,Natural Gas Internal Combustion Engine,IC,,S,X,X,,,0.4,0.8,0.4,0.4,0.1,N, , ,OP,X,8,2020, , ,N,Commercial Non-CHP,4,X,NG,,,,,,,,,,N,N, ,10M,,,,,,,, , , , , , , , ,,, , , ,, , ,N,,
64315,"Walmart Stores Texas, LLC",64889,WAL2883,8801 Ohio Dr,Plano,TX,75024,Collin,33.097094,-96.798596,TRE,ERCO,"Electric Reliability Council of Texas, Inc.",,441,NR,4,Commercial Non-CHP,N,,N,,N,,,,,Oncor Electric Delivery Company LLC,44372,TX,0.48, , ,N,ATMOS ENERGY CORPORATION,,,,,N,N,64315,"Walmart Stores Texas, LLC",WAL2883,TX,Collin,GEN1,Natural Gas Internal Combustion Engine,IC,,S,X,X,,,0.4,0.8,0.4,0.4,0.1,N, , ,OP,X,9,2021, , ,N,Commercial Non-CHP,4,X,NG,,,,,,,,,,N,N, ,10M,,,,,,,, , , , , , , , ,,, , , ,, , ,N,,
64315,"Walmart Stores Texas, LLC",64890,WAL2980,8520 N Beach St,Fort Worth,TX,76244,Tarrant,32.89517,-97.286531,TRE,ERCO,"Electric Reliability Council of Texas, Inc.",,441,NR,4,Commercial Non-CHP,N,,N,,N,,,,,Oncor Electric Delivery Company LLC,44372,TX,0.48, , ,N,ATMOS ENERGY CORPORATION,,,,,N,N,64315,"Walmart Stores Texas, LLC",WAL2980,TX,Tarrant,GEN1,Natural Gas Internal Combustion Engine,IC,,S,X,X,,,0.4,0.8,0.4,0.4,0.1,N, , ,OP,X,11,2021, , ,N,Commercial Non-CHP,4,X,NG,,,,,,,,,,N,N, ,10M,,,,,,,, , , , , , , , ,,, , , ,, , ,N,,
64315,"Walmart Stores Texas, LLC",64891,WAL2993,345 Highway 6,Sugar Land,TX,77478,Fort Bend,29.613582,-95.644645,TRE,ERCO,"Electric Reliability Council of Texas, Inc.",,441,NR,4,Commercial Non-CHP,N,,N,,N,,,,,CenterPoint Energy,8901,TX,0.48, , ,N,CENTERPOINT ENERGY,,,,,N,N,64315,"Walmart Stores Texas, LLC",WAL2993,TX,Fort Bend,GEN1,Natural Gas Internal Combustion Engine,IC,,S,X,X,,,0.4,0.8,0.4,0.4,0.1,N, , ,OP,X,9,2021, , ,N,Commercial Non-CHP,4,X,NG,,,,,,,,,,N,N, ,10M,,,,,,,, , , , , , , , ,,, , , ,, , ,N,,
62836,Navisun LLC,64892,"TPE Erath Solar, LLC",College Farm Road,Stephenville,TX,76401,Erath,32.26246,-98.207541,TRE,ERCO,"Electric Reliability Council of Texas, Inc.",,22,NR,2,IPP Non-CHP,N,,N,,N,,,,,United Electric Coop Service Inc - (TX),19490,TX,24.9, , ,N,,,,,,X,X,62836,Navisun LLC,"TPE Erath Solar, LLC",TX,Erath,ERATH,Solar Photovoltaic,PV,,S,X,X,,,9.9, ,9.9,9.9, ,N, , ,OP,X,12,2021, , ,N,IPP Non-CHP,2,X,SUN,,,,,,,,,,,, ,,,,,,,,, , , , , , , , ,,, , , ,, , ,,,
64315,"Walmart Stores Texas, LLC",64893,WAL3224,555 W Interstate 30,Garland,TX,75043,Dallas,32.842209,-96.598028,TRE,ERCO,"Electric Reliability Council of Texas, Inc.",,441,NR,4,Commercial Non-CHP,N,,N,,N,,,,,Oncor Electric Delivery Company LLC,44372,TX,0.48, , ,N,ATMOS ENERGY CORPORATION,,,,,N,N,64315,"Walmart Stores Texas, LLC",WAL3224,TX,Dallas,GEN1,Natural Gas Internal Combustion Engine,IC,,S,X,X,,,0.4,0.8,0.4,0.4,0.1,N, , ,OP,X,2,2022, , ,N,Commercial Non-CHP,4,X,NG,,,,,,,,,,,N, ,10M,,,,,,,, , , , , , , , ,,, , , ,, , ,N,,
64315,"Walmart Stores Texas, LLC",64895,WAL3226,25108 Market Place Dr,Katy,TX,77494,Fort Bend,29.783981,-95.804075,TRE,ERCO,"Electric Reliability Council of Texas, Inc.",,441,NR,4,Commercial Non-CHP,N,,N,,N,,,,,CenterPoint Energy,8901,TX,0.48, , ,N,CENTERPOINT ENERGY,,,,,N,N,64315,"Walmart Stores Texas, LLC",WAL3226,TX,Fort Bend,GEN1,Natural Gas Internal Combustion Engine,IC,,S,X,X,,,0.4,0.8,0.4,0.4,0.1,N, , ,OP,X,7,2019, , ,N,Commercial Non-CHP,4,X,NG,,,,,,,,,,N,N, ,10M,,,,,,,, , , , , , , , ,,, , , ,, , ,N,,
64315,"Walmart Stores Texas, LLC",64896,WAL3284,4800 US 287 HWY,Arlington,TX,76017,Tarrant,32.66674,-97.209254,TRE,ERCO,"Electric Reliability Council of Texas, Inc.",,441,NR,4,Commercial Non-CHP,N,,N,,N,,,,,Oncor Electric Delivery Company LLC,44372,TX,0.48, , ,N,ATMOS ENERGY CORPORATION,,,,,N,N,64315,"Walmart Stores Texas, LLC",WAL3284,TX,Tarrant,GEN1,Natural Gas Internal Combustion Engine,IC,,S,X,X,,,0.4,0.8,0.4,0.4,0.1,N, , ,OP,X,6,2021, , ,N,Commercial Non-CHP,4,X,NG,,,,,,,,,,N,N, ,10M,,,,,,,, , , , , , , , ,,, , , ,, , ,N,,
64315,"Walmart Stores Texas, LLC",64897,WAL3285,621 Upton Blvd,Cedar Hill,TX,75104,Dallas,32.59732,-96.946914,TRE,ERCO,"Electric Reliability Council of Texas, Inc.",,441,NR,4,Commercial Non-CHP,N,,N,,N,,,,,Oncor Electric Delivery Company LLC,44372,TX,0.48, , ,N,ATMOS ENERGY CORPORATION,,,,,N,,64315,"Walmart Stores Texas, LLC",WAL3285,TX,Dallas,GEN1,Natural Gas Internal Combustion Engine,IC,,S,X,X,,,0.4,0.8,0.4,0.4,0.1,N, , ,OP,X,10,2021, , ,N,Commercial Non-CHP,4,X,NG,,,,,,,,,,N,N, ,10M,,,,,,,, , , , , , , , ,,, , , ,, , ,N,,
64315,"Walmart Stores Texas, LLC",64898,WAL3297,12353 FM 1960 W RD #A,Houston,TX,77065,Harris,29.920574,-95.602626,TRE,ERCO,"Electric Reliability Council of Texas, Inc.",,441,NR,4,Commercial Non-CHP,N,,N,,N,,,,,CenterPoint Energy,8901,TX,480, , ,N,CENTERPOINT ENERGY,,,,,N,N,64315,"Walmart Stores Texas, LLC",WAL3297,TX,Harris,GEN1,Natural Gas Internal Combustion Engine,IC,,S,X,X,,,0.4,0.8,0.4,0.4,0.1,N, , ,OP,X,10,2020, , ,N,Commercial Non-CHP,4,X,NG,,,,,,,,,,N,N, ,10M,,,,,,,, , , , , , , , ,,, , , ,, , ,N,,
64315,"Walmart Stores Texas, LLC",64899,WAL3298,255 FM 518,Kemah,TX,77565,Galveston,29.535168,-95.018815,TRE,ERCO,"Electric Reliability Council of Texas, Inc.",,441,NR,4,Commercial Non-CHP,N,,N,,N,,,,,CenterPoint Energy,8901,TX,0.48, , ,N,CENTERPOINT ENERGY,,,,,N,,64315,"Walmart Stores Texas, LLC",WAL3298,TX,Galveston,GEN1,Natural Gas Internal Combustion Engine,IC,,S,X,X,,,0.4,0.8,0.4,0.4,0.1,N, , ,OP,X,8,2020, , ,N,Commercial Non-CHP,4,X,NG,,,,,,,,,,N,N, ,10M,,,,,,,, , , , , , , , ,,, , , ,, , ,N,,
64315,"Walmart Stores Texas, LLC",64900,WAL3302,9460 W Sam Houston Pkwy S,Houston,TX,77099,Harris,29.679366,-95.5614,TRE,ERCO,"Electric Reliability Council of Texas, Inc.",,441,NR,4,Commercial Non-CHP,N,,N,,N,,,,,CenterPoint Energy,8901,TX,0.48, , ,N,CENTERPOINT ENERGY,,,,,N,N,64315,"Walmart Stores Texas, LLC",WAL3302,TX,Harris,GEN1,Natural Gas Internal Combustion Engine,IC,,S,X,X,,,0.4,0.8,0.4,0.4,0.1,N, , ,OP,X,10,2021, , ,N,Commercial Non-CHP,4,X,NG,,,,,,,,,,N,N, ,10M,,,,,,,, , , , , , , , ,,, , , ,, , ,N,,
64315,"Walmart Stores Texas, LLC",64901,WAL3320,215 E Mile 3 Rd,Palmhurst,TX,78573,Hidalgo,26.260742,-98.315859,TRE,ERCO,"Electric Reliability Council of Texas, Inc.",,441,NR,4,Commercial Non-CHP,N,,N,,N,,,,,AEP Texas Central Company,3278,TX,0.48, , ,N,TEXAS GAS SERVICE,,,,,N,N,64315,"Walmart Stores Texas, LLC",WAL3320,TX,Hidalgo,GEN1,Natural Gas Internal Combustion Engine,IC,,S,X,X,,,0.4,0.8,0.4,0.4,0.1,N, , ,OP,X,8,2021, , ,N,Commercial Non-CHP,4,X,NG,,,,,,,,,,N,N, ,10M,,,,,,,, , , , , , , , ,,, , , ,, , ,N,,
64315,"Walmart Stores Texas, LLC",64902,WAL3390,10001 Woodlands Pkwy,The Woodlands,TX,77382,Montgomery,30.190279,-95.589487,TRE,ERCO,"Electric Reliability Council of Texas, Inc.",,441,NR,4,Commercial Non-CHP,N,,N,,N,,,,,CenterPoint Energy,8901,TX,0.48, , ,N,CENTERPOINT ENERGY,,,,,N,N,64315,"Walmart Stores Texas, LLC",WAL3390,TX,Montgomery,GEN1,Natural Gas Internal Combustion Engine,IC,,S,X,X,,,0.4,0.8,0.4,0.4,0.1,N, , ,OP,X,6,2020, , ,N,Commercial Non-CHP,4,X,NG,,,,,,,,,,N,N, ,10M,,,,,,,, , , , , , , , ,,, , , ,, , ,N,,
64400,Flower Valley,64915,Flower Valley I,1739 Farm to Market Road 2007,Pecos,TX,79772,Reeves,31.197283,-103.361769,TRE,ERCO,"Electric Reliability Council of Texas, Inc.",,22,NR,2,IPP Non-CHP,N,,N,,N,,N,X,,Texas-New Mexico Power Co,40051,TX,25, , ,Y,,,,,,X,X,64400,Flower Valley,Flower Valley I,TX,Reeves,FLRV1,Batteries,BA,,S,X,X,TNFLATTOP_1Z,TNFLATTOP_1Z,9.9,1,9.9,9.9,0,N, , ,OP,X,5,2021,8,2032,N,IPP Non-CHP,2,X,MWH,,,,,,,,,,N,N, ,10M,,,,,,,, , , , , , , , ,,, , , ,, , ,N,,
64401,Swoose,64916,Swoose I,3046 Farm to Market Road 1927,Pyote,TX,79777,Ward,31.45115,-103.096242,TRE,ERCO,"Electric Reliability Council of Texas, Inc.",,22,NR,2,IPP Non-CHP,N,,N,,N,,N,X,,Texas-New Mexico Power Co,40051,TX,25, , ,Y,,,,,,,,64401,Swoose,Swoose I,TX,Ward,SWOO1,Batteries,BA,,S,X,X,TNPYOTE___1Z,TNPYOTE___1Z,9.9,1,9.9,9.9,0,N, , ,OP,X,7,2021, , ,N,IPP Non-CHP,2,X,MWH,,,,,,,,,,N,, ,10M,,,,,,,, , , , , , , , ,,, , , ,, , ,N,,
64402,Triple Butte,64917,Triple Butte I,3254 Old Alpine Highway,Ft. Stockton,TX,79735,Pecos,30.75956,-103.06786,TRE,ERCO,"Electric Reliability Council of Texas, Inc.",,22,NR,2,IPP Non-CHP,N,,N,,N,,N,,,Texas-New Mexico Power Co,40051,TX,12.5, , ,Y,,,,,,,,64402,Triple Butte,Triple Butte I,TX,Pecos,TRBT1,Batteries,BA,,S,X,X,TNBELDING_0X,TNBELDING_0X,7.5,1,7.5,7.5,0,N, , ,OP,X,7,2021, , ,N,IPP Non-CHP,2,X,MWH,,,,,,,,,,N,N, ,10M,,,,,,,, , , , , , , , ,,, , , ,, , ,N,,
64315,"Walmart Stores Texas, LLC",64922,WAL3406,15220 Montfort Rd,Dallas,TX,75248,Dallas,32.959048,-96.81664,TRE,ERCO,"Electric Reliability Council of Texas, Inc.",,441,NR,4,Commercial Non-CHP,N,,N,,N,,,,,Oncor Electric Delivery Company LLC,44372,TX,0.48, , ,N,ATMOS ENERGY CORPORATION,,,,,N,N,64315,"Walmart Stores Texas, LLC",WAL3406,TX,Dallas,GEN1,Natural Gas Internal Combustion Engine,IC,,S,X,X,,,0.4,0.8,0.4,0.4,0.1,N, , ,OP,X,2,2022, , ,N,Commercial Non-CHP,4,X,NG,,,,,,,,,,,N, ,10M,,,,,,,, , , , , , , , ,,, , , ,, , ,N,,
64315,"Walmart Stores Texas, LLC",64923,WAL3425,9598 Rowlett Rd,Houston,TX,77075,Harris,29.630428,-95.237434,TRE,ERCO,"Electric Reliability Council of Texas, Inc.",,441,NR,4,Commercial Non-CHP,N,,N,,N,,,,,CenterPoint Energy,8901,TX,0.48, , ,N,CENTERPOINT ENERGY,,,,,N,N,64315,"Walmart Stores Texas, LLC",WAL3425,TX,Harris,GEN1,Natural Gas Internal Combustion Engine,IC,,S,X,X,,,0.4,0.8,0.4,0.4,0.1,N, , ,OP,X,9,2021, , ,N,Commercial Non-CHP,4,X,NG,,,,,,,,,,N,N, ,10M,,,,,,,, , , , , , , , ,,, , , ,, , ,N,,
64315,"Walmart Stores Texas, LLC",64924,WAL3432,951 W Belt Line Rd,Desoto,TX,75115,Dallas,32.592923,-96.879836,TRE,ERCO,"Electric Reliability Council of Texas, Inc.",,441,NR,4,Commercial Non-CHP,N,,N,,N,,N,X,,Oncor Electric Delivery Company LLC,44372,TX,0.48, , ,N,ATMOS ENERGY CORPORATION,,,,,N,N,64315,"Walmart Stores Texas, LLC",WAL3432,TX,Dallas,GEN1,Natural Gas Internal Combustion Engine,IC,,S,X,X,,,0.4,0.8,0.4,0.4,0.1,N, , ,OP,X,9,2021, , ,N,Commercial Non-CHP,4,X,NG,,,,,,,,,,N,N, ,10M,,,,,,,, , , , , , , , ,,, , , ,, , ,N,,
64315,"Walmart Stores Texas, LLC",64925,WAL3500,5655 E Sam Houston Pkwy N,Houston,TX,77015,Harris,29.80599,-95.1652,TRE,ERCO,"Electric Reliability Council of Texas, Inc.",,441,NR,4,Commercial Non-CHP,N,,N,,N,,,,,CenterPoint Energy,8901,TX,0.48, , ,N,CENTERPOINT ENERGY,,,,,N,N,64315,"Walmart Stores Texas, LLC",WAL3500,TX,Harris,GEN1,Natural Gas Internal Combustion Engine,IC,,S,X,X,,,0.4,0.8,0.4,0.4,0.1,N, , ,OP,X,8,2021, , ,N,Commercial Non-CHP,4,X,NG,,,,,,,,,,N,N, ,10M,,,,,,,, , , , , , , , ,,, , , ,, , ,N,,
64315,"Walmart Stores Texas, LLC",64926,WAL3510,1710 Broadway St,Pearland,TX,77581,Brazoria,29.545976,-95.235941,TRE,ERCO,"Electric Reliability Council of Texas, Inc.",,441,NR,4,Commercial Non-CHP,N,,N,,N,,,,,CenterPoint Energy,8901,TX,0.48, , ,N,CENTERPOINT ENERGY,,,,,N,N,64315,"Walmart Stores Texas, LLC",WAL3510,TX,Brazoria,GEN1,Natural Gas Internal Combustion Engine,IC,,S,X,X,,,1.3,0.8,1.3,1.3,0.1,N, , ,OP,X,11,2019, , ,N,Commercial Non-CHP,4,X,NG,,,,,,,,,,N,N, ,10M,,,,,,,, , , , , , , , ,,, , , ,, , ,N,,
64409,"Hecate Energy Ramsey, LLC",64927,Aktina Solar,29714 US-59,El Campo,TX,77437,Wharton,29.122,-96.276,TRE,ERCO,"Electric Reliability Council of Texas, Inc.",,22,NR,2,IPP Non-CHP,N,,N,,N,,,,,CenterPoint Energy,8901,TX,345, , ,N,,,,,,,,64409,"Hecate Energy Ramsey, LLC",Aktina Solar,TX,Wharton,AKS01,Solar Photovoltaic,PV,,S,X,X,,,500.0, ,500,500, ,N, , ,OP,X,12,2023, , ,N,IPP Non-CHP,2,X,SUN,,,,,,,,,,,, ,,,,,,,,, , , , , , , , ,,, , , ,, , ,,,
64315,"Walmart Stores Texas, LLC",64933,WAL3518,2320 Bob Bullock Loop,Laredo,TX,78043,Webb,27.612565,-99.471825,TRE,ERCO,"Electric Reliability Council of Texas, Inc.",,441,NR,4,Commercial Non-CHP,N,,N,,N,,,,,AEP Texas Central Company,3278,TX,0.48, , ,N,CENTERPOINT ENERGY,,,,,N,N,64315,"Walmart Stores Texas, LLC",WAL3518,TX,Webb,GEN1,Natural Gas Internal Combustion Engine,IC,,S,X,X,,,0.4,0.8,0.4,0.4,0.1,N, , ,OP,X,10,2021, , ,N,Commercial Non-CHP,4,X,NG,,,,,,,,,,N,N, ,10M,,,,,,,, , , , , , , , ,,, , , ,, , ,N,,
64315,"Walmart Stores Texas, LLC",64934,WAL3572,10505 Broadway Street,Pearland,TX,77584,Brazoria,29.557643,-95.382896,TRE,ERCO,"Electric Reliability Council of Texas, Inc.",,441,NR,4,Commercial Non-CHP,N,,N,,N,,,,,CenterPoint Energy,8901,TX,0.48, , ,N,CENTERPOINT ENERGY,,,,,N,N,64315,"Walmart Stores Texas, LLC",WAL3572,TX,Brazoria,GEN1,Natural Gas Internal Combustion Engine,IC,,S,X,X,,,1.3,0.8,1.3,1.3,0.1,N, , ,OP,X,11,2019, , ,N,Commercial Non-CHP,4,X,NG,,,,,,,,,,N,N, ,10M,,,,,,,, , , , , , , , ,,, , , ,, , ,N,,
64315,"Walmart Stores Texas, LLC",64935,WAL3584,5405 South Rice Avenue,Houston,TX,77081,Harris,29.72355,-95.46539,TRE,ERCO,"Electric Reliability Council of Texas, Inc.",,441,NR,4,Commercial Non-CHP,N,,N,,N,,,,,CenterPoint Energy,8901,TX,0.48, , ,N,CENTERPOINT ENERGY,,,,,N,N,64315,"Walmart Stores Texas, LLC",WAL3584,TX,Harris,GEN1,Natural Gas Internal Combustion Engine,IC,,S,X,X,,,0.4,0.8,0.4,0.4,0.1,N, , ,OP,X,9,2021, , ,N,Commercial Non-CHP,4,X,NG,,,,,,,,,,N,N, ,10M,,,,,,,, , , , , , , , ,,, , , ,, , ,N,,
64315,"Walmart Stores Texas, LLC",64936,WAL3631,1221 E FM 1187,Crowley,TX,76036,Tarrant,32.576636,-97.338514,TRE,ERCO,"Electric Reliability Council of Texas, Inc.",,441,NR,4,Commercial Non-CHP,N,,N,,N,,,,,Oncor Electric Delivery Company LLC,44372,TX,0.48, , ,N,ATMOS ENERGY CORPORATION,,,,,N,N,64315,"Walmart Stores Texas, LLC",WAL3631,TX,Tarrant,GEN1,Natural Gas Internal Combustion Engine,IC,,S,X,X,,,0.4,0.8,0.4,0.4,0.1,N, , ,OP,X,9,2020, , ,N,Commercial Non-CHP,4,X,NG,,,,,,,,,,N,N, ,10M,,,,,,,, , , , , , , , ,,, , , ,, , ,N,,
64315,"Walmart Stores Texas, LLC",64937,WAL3773,9500 Clifford Street,Fort Worth,TX,76108,Tarrant,32.765261,-97.483775,TRE,ERCO,"Electric Reliability Council of Texas, Inc.",,441,NR,4,Commercial Non-CHP,N,,N,,N,,,,,Oncor Electric Delivery Company LLC,44372,TX,0.48, , ,N,ATMOS ENERGY CORPORATION,,,,,N,N,64315,"Walmart Stores Texas, LLC",WAL3773,TX,Tarrant,GEN1,Natural Gas Internal Combustion Engine,IC,,S,X,X,,,0.4,0.8,0.4,0.4,0.1,N, , ,OP,X,9,2020, , ,N,Commercial Non-CHP,4,X,NG,,,,,,,,,,N,N, ,10M,,,,,,,, , , , , , , , ,,, , , ,, , ,N,,
64315,"Walmart Stores Texas, LLC",64938,WAL3777,12220 FM 423,Frisco,TX,75033,Denton,33.179721,-96.883994,TRE,ERCO,"Electric Reliability Council of Texas, Inc.",,441,NR,4,Commercial Non-CHP,N,,N,,N,,,,,"Denton County Elec Coop, Inc",5078,TX,0.48, , ,N,,,,,,N,N,64315,"Walmart Stores Texas, LLC",WAL3777,TX,Denton,GEN1,Petroleum Liquids,IC,,S,X,X,,,1.3,0.8,1.3,1.3,0.1,N, , ,OP,X,1,2020, , ,N,Commercial Non-CHP,4,X,DFO,,,,,,,,,,N,N, ,10M,,,,,,,, , , , , , , , ,,, , , ,, , ,N,,
64315,"Walmart Stores Texas, LLC",64939,WAL3827,5660 Grand Parkway West,Richmond,TX,77406,Fort Bend,29.690142,-95.774624,TRE,ERCO,"Electric Reliability Council of Texas, Inc.",,441,NR,4,Commercial Non-CHP,N,,N,,N,,,,,CenterPoint Energy,8901,TX,0.48, , ,N,CENTERPOINT ENERGY,,,,,N,N,64315,"Walmart Stores Texas, LLC",WAL3827,TX,Fort Bend,GEN1,Natural Gas Internal Combustion Engine,IC,,S,X,X,,,0.4,0.8,0.4,0.4,0.1,N, , ,OP,X,7,2020, , ,N,Commercial Non-CHP,4,X,NG,,,,,,,,,,N,N, ,10M,,,,,,,, , , , , , , , ,,, , , ,, , ,N,,
64315,"Walmart Stores Texas, LLC",64940,WAL3886,4101 S McColl Rd,Edinburg,TX,78539,Hidalgo,26.267703,-98.204552,TRE,ERCO,"Electric Reliability Council of Texas, Inc.",,441,NR,4,Commercial Non-CHP,N,,N,,N,,,,,AEP Texas Central Company,3278,TX,0.48, , ,N,TEXAS GAS SERVICE,,,,,N,N,64315,"Walmart Stores Texas, LLC",WAL3886,TX,Hidalgo,GEN1,Natural Gas Internal Combustion Engine,IC,,S,X,X,,,0.4,0.8,0.4,0.4,0.1,N, , ,OP,X,8,2021, , ,N,Commercial Non-CHP,4,X,NG,,,,,,,,,,N,N, ,10M,,,,,,,, , , , , , , , ,,, , , ,, , ,N,,
64315,"Walmart Stores Texas, LLC",64942,WAL4298,9235 N Sam Houston Pkwy E,Humble,TX,77396,Harris,29.936325,-95.25261,TRE,ERCO,"Electric Reliability Council of Texas, Inc.",,441,NR,4,Commercial Non-CHP,N,,N,,N,,,,,CenterPoint Energy,8901,TX,0.48, , ,N,CENTERPOINT ENERGY,,,,,N,N,64315,"Walmart Stores Texas, LLC",WAL4298,TX,Harris,GEN1,Natural Gas Internal Combustion Engine,IC,,S,X,X,,,0.4,0.8,0.4,0.4,0.1,N, , ,OP,X,9,2021, , ,N,Commercial Non-CHP,4,X,NG,,,,,,,,,,N,N, ,10M,,,,,,,, , , , , , , , ,,, , , ,, , ,N,,
64315,"Walmart Stores Texas, LLC",64943,WAL4509,8840 Benbrook Blvd,Tarrant,TX,76126,Tarrant,32.677829,-97.467729,TRE,ERCO,"Electric Reliability Council of Texas, Inc.",,441,NR,4,Commercial Non-CHP,N,,N,,N,,,,,Oncor Electric Delivery Company LLC,44372,TX,0.48, , ,N,ATMOS ENERGY CORPORATION,,,,,N,N,64315,"Walmart Stores Texas, LLC",WAL4509,TX,Tarrant,GEN1,Natural Gas Internal Combustion Engine,IC,,S,X,X,,,0.4,0.8,0.4,0.4,0.1,N, , ,OP,X,9,2020, , ,N,Commercial Non-CHP,4,X,NG,,,,,,,,,,N,N, ,10M,,,,,,,, , , , , , , , ,,, , , ,, , ,N,,
64315,"Walmart Stores Texas, LLC",64944,WAL4512,22850 Morton Ranch Rd,Katy,TX,77449,Harris,29.818196,-95.767961,TRE,ERCO,"Electric Reliability Council of Texas, Inc.",,441,NR,4,Commercial Non-CHP,N,,N,,N,,,,,CenterPoint Energy,8901,TX,0.48, , ,N,CENTERPOINT ENERGY,,,,,N,N,64315,"Walmart Stores Texas, LLC",WAL4512,TX,Harris,GEN1,Natural Gas Internal Combustion Engine,IC,,S,X,X,,,0.4,0.8,0.4,0.4,0.1,N, , ,OP,X,6,2020, , ,N,Commercial Non-CHP,4,X,NG,,,,,,,,,,N,N, ,10M,,,,,,,, , , , , , , , ,,, , , ,, , ,N,,
64315,"Walmart Stores Texas, LLC",64945,WAL4526,4412 North Fwy,Houston,TX,77022,Harris,29.829831,-95.377269,TRE,ERCO,"Electric Reliability Council of Texas, Inc.",,441,NR,4,Commercial Non-CHP,N,,N,,N,,,,,CenterPoint Energy,8901,TX,0.48, , ,N,CENTERPOINT ENERGY,,,,,N,N,64315,"Walmart Stores Texas, LLC",WAL4526,TX,Harris,GEN1,Natural Gas Internal Combustion Engine,IC,,S,X,X,,,0.4,0.8,0.4,0.4,0.1,N, , ,OP,X,9,2021, , ,N,Commercial Non-CHP,4,X,NG,,,,,,,,,,N,N, ,10M,,,,,,,, , , , , , , , ,,, , , ,, , ,N,,
64315,"Walmart Stores Texas, LLC",64946,WAL4538,6060 N. Fry Road,Katy,TX,77449,Harris,29.803665,-95.72045,TRE,ERCO,"Electric Reliability Council of Texas, Inc.",,441,NR,4,Commercial Non-CHP,N,,N,,N,,,,,CenterPoint Energy,8901,TX,0.48, , ,N,CENTERPOINT ENERGY,,,,,N,N,64315,"Walmart Stores Texas, LLC",WAL4538,TX,Harris,GEN1,Natural Gas Internal Combustion Engine,IC,,S,X,X,,,0.4,0.8,0.4,0.4,0.1,N, , ,OP,X,7,2019, , ,N,Commercial Non-CHP,4,X,NG,,,,,,,,,,N,N, ,10M,,,,,,,, , , , , , , , ,,, , , ,, , ,N,,
64315,"Walmart Stores Texas, LLC",64947,WAL5045,22605 Tomball Parkway,Tomball,TX,77375,Harris,30.014278,-95.594987,TRE,ERCO,"Electric Reliability Council of Texas, Inc.",,441,NR,4,Commercial Non-CHP,N,,N,,N,,,,,CenterPoint Energy,8901,TX,0.48, , ,N,CENTERPOINT ENERGY,,,,,N,N,64315,"Walmart Stores Texas, LLC",WAL5045,TX,Harris,GEN1,Natural Gas Internal Combustion Engine,IC,,S,X,X,,,0.4,0.8,0.4,0.4,0.1,N, , ,OP,X,7,2020, , ,N,Commercial Non-CHP,4,X,NG,,,,,,,,,,N,N, ,10M,,,,,,,, , , , , , , , ,,, , , ,, , ,N,,
64315,"Walmart Stores Texas, LLC",64948,WAL5080,1732 Precinct Line Rd,Hurst,TX,76054,Tarrant,32.847939,-97.18405,TRE,ERCO,"Electric Reliability Council of Texas, Inc.",,441,NR,4,Commercial Non-CHP,N,,N,,N,,,,,Oncor Electric Delivery Company LLC,44372,TX,0.48, , ,N,ATMOS ENERGY CORPORATION,,,,,N,N,64315,"Walmart Stores Texas, LLC",WAL5080,TX,Tarrant,GEN1,Natural Gas Internal Combustion Engine,IC,,S,X,X,,,0.4,0.8,0.4,0.4,0.1,N, , ,OP,X,3,2022, , ,N,Commercial Non-CHP,4,X,NG,,,,,,,,,,N,N, ,10M,,,,,,,, , , , , , , , ,,, , , ,, , ,N,,
64315,"Walmart Stores Texas, LLC",64949,WAL5091,26270 Northwest Freeway,Cypress,TX,77429,Harris,29.975997,-95.697345,TRE,ERCO,"Electric Reliability Council of Texas, Inc.",,441,NR,4,Commercial Non-CHP,N,,N,,N,,,,,CenterPoint Energy,8901,TX,0.48, , ,N,CENTERPOINT ENERGY,,,,,N,N,64315,"Walmart Stores Texas, LLC",WAL5091,TX,Harris,GEN1,Natural Gas Internal Combustion Engine,IC,,S,X,X,,,0.4,0.8,0.4,0.4,0.1,N, , ,OP,X,7,2020, , ,N,Commercial Non-CHP,4,X,NG,,,,,,,,,,N,N, ,10M,,,,,,,, , , , , , , , ,,, , , ,, , ,N,,
64315,"Walmart Stores Texas, LLC",64950,WAL5116,9025 Spencer Highway,Deer Park,TX,77571,Harris,29.664286,-95.098302,TRE,ERCO,"Electric Reliability Council of Texas, Inc.",,441,NR,4,Commercial Non-CHP,N,,N,,N,,,,,CenterPoint Energy,8901,TX,0.48, , ,N,CENTERPOINT ENERGY,,,,,N,N,64315,"Walmart Stores Texas, LLC",WAL5116,TX,Harris,GEN1,Natural Gas Internal Combustion Engine,IC,,S,X,X,,,0.4,0.8,0.4,0.4,0.1,N, , ,OP,X,8,2020, , ,N,Commercial Non-CHP,4,X,NG,,,,,,,,,,N,N, ,10M,,,,,,,, , , , , , , , ,,, , , ,, , ,N,,
64315,"Walmart Stores Texas, LLC",64951,WAL5165,1421 E Frontage Rd,Alamo,TX,78516,Hidalgo,26.191785,-98.128306,TRE,ERCO,"Electric Reliability Council of Texas, Inc.",,441,NR,4,Commercial Non-CHP,N,,N,,N,,,,,AEP Texas Central Company,3278,TX,0.48, , ,N,TEXAS GAS SERVICE,,,,,N,N,64315,"Walmart Stores Texas, LLC",WAL5165,TX,Hidalgo,GEN1,Natural Gas Internal Combustion Engine,IC,,S,X,X,,,0.4,0.8,0.4,0.4,0.1,N, , ,OP,X,7,2021, , ,N,Commercial Non-CHP,4,X,NG,,,,,,,,,,N,N, ,10M,,,,,,,, , , , , , , , ,,, , , ,, , ,N,,
64315,"Walmart Stores Texas, LLC",64952,WAL5211,5001 McKinney Ranch Parkway,McKinney,TX,75070,Collin,33.156306,-96.682687,TRE,ERCO,"Electric Reliability Council of Texas, Inc.",,441,NR,4,Commercial Non-CHP,N,,N,,N,,,,,"Denton County Elec Coop, Inc",5078,TX,0.48, , ,N,,,,,,,,64315,"Walmart Stores Texas, LLC",WAL5211,TX,Collin,GEN1,Petroleum Liquids,IC,,S,X,X,,,1.3,0.8,1.3,1.3,0.1,N, , ,OP,X,1,2020, , ,N,Commercial Non-CHP,4,X,DFO,,,,,,,,,,N,N, ,10M,,,,,,,, , , , , , , , ,,, , , ,, , ,N,,
64315,"Walmart Stores Texas, LLC",64953,WAL5287,21150 Kuykendahl Rd,Spring,TX,77379,Harris,30.077307,-95.51277,TRE,ERCO,"Electric Reliability Council of Texas, Inc.",,441,NR,4,Commercial Non-CHP,N,,N,,N,,,,,CenterPoint Energy,8901,TX,0.48, , ,N,CENTERPOINT ENERGY,,,,,N,N,64315,"Walmart Stores Texas, LLC",WAL5287,TX,Harris,GE N3,Natural Gas Internal Combustion Engine,IC,,S,X,X,,,0.4,0.8,0.4,0.4,0.1,N, , ,OP,X,12,2020, , ,N,Commercial Non-CHP,4,X,NG,,,,,,,,,,N,N, ,10M,,,,,,,, , , , , , , , ,,, , , ,, , ,N,N,
64315,"Walmart Stores Texas, LLC",64954,WAL5311,1721 N Custer Road,Mckinney,TX,75071,Collin,33.216844,-96.735704,TRE,ERCO,"Electric Reliability Council of Texas, Inc.",,441,NR,4,Commercial Non-CHP,N,,N,,N,,,,,"Denton County Elec Coop, Inc",5078,TX,0.48, , ,N,,,,,,N,N,64315,"Walmart Stores Texas, LLC",WAL5311,TX,Collin,GEN1,Petroleum Liquids,IC,,S,X,X,,,1.3,0.8,1.3,1.3,0.1,N, , ,OP,X,12,2020, , ,N,Commercial Non-CHP,4,X,DFO,,,,,,,,,,N,N, ,10M,,,,,,,, , , , , , , , ,,, , , ,, , ,N,N,
64315,"Walmart Stores Texas, LLC",64955,WAL5312,3851 Airport Freeway,Fort Worth,TX,76052,Tarrant,32.774643,-97.291803,TRE,ERCO,"Electric Reliability Council of Texas, Inc.",,441,NR,4,Commercial Non-CHP,N,,N,,N,,,,,Oncor Electric Delivery Company LLC,44372,TX,0.48, , ,N,ATMOS ENERGY CORPORATION,,,,,N,N,64315,"Walmart Stores Texas, LLC",WAL5312,TX,Tarrant,GEN1,Natural Gas Internal Combustion Engine,IC,,S,X,X,,,0.4,0.8,0.4,0.4,0.1,N, , ,OP,X,5,2021, , ,N,Commercial Non-CHP,4,X,NG,,,,,,,,,,N,N, ,10M,,,,,,,, , , , , , , , ,,, , , ,, , ,N,,
64315,"Walmart Stores Texas, LLC",64956,WAL5316,1401 N. Saginaw Blvd.,Saginaw,TX,76179,Tarrant,32.882111,-97.387586,TRE,ERCO,"Electric Reliability Council of Texas, Inc.",,441,NR,4,Commercial Non-CHP,N,,N,,N,,,,,Oncor Electric Delivery Company LLC,44372,TX,0.48, , ,N,ATMOS ENERGY CORPORATION,,,,,N,N,64315,"Walmart Stores Texas, LLC",WAL5316,TX,Tarrant,GEN1,Natural Gas Internal Combustion Engine,IC,,S,X,X,,,0.4,0.8,0.4,0.4,0.1,N, , ,OP,X,10,2020, , ,N,Commercial Non-CHP,4,X,NG,,,,,,,,,,N,N, ,10M,,,,,,,, , , , , , , , ,,, , , ,, , ,N,,
64315,"Walmart Stores Texas, LLC",64957,WAL5388,1701 W. FM 646,League City,TX,77573,Galveston,29.470152,-95.089643,TRE,ERCO,"Electric Reliability Council of Texas, Inc.",,441,NR,4,Commercial Non-CHP,N,,N,,N,,,,,Texas-New Mexico Power Co,40051,TX,0.48, , ,N,CENTERPOINT ENERGY,,,,,N,N,64315,"Walmart Stores Texas, LLC",WAL5388,TX,Galveston,GEN1,Natural Gas Internal Combustion Engine,IC,,S,X,X,,,1.3,0.8,1.3,1.3,0.1,N, , ,OP,X,6,2020, , ,N,Commercial Non-CHP,4,X,NG,,,,,,,,,,N,N, ,10M,,,,,,,, , , , , , , , ,,, , , ,, , ,N,,
64315,"Walmart Stores Texas, LLC",64958,WAL5479,1548 FM 685,Pflugerville,TX,78660,Travis,30.453115,-97.606035,TRE,ERCO,"Electric Reliability Council of Texas, Inc.",,441,NR,4,Commercial Non-CHP,N,,N,,N,,,,,Oncor Electric Delivery Company LLC,44372,TX,0.48, , ,N,ATMOS ENERGY CORPORATION,,,,,N,N,64315,"Walmart Stores Texas, LLC",WAL5479,TX,Travis,GEN1,Natural Gas Internal Combustion Engine,IC,,S,X,X,,,0.4,0.8,0.4,0.4,0.1,N, , ,OP,X,10,2021, , ,N,Commercial Non-CHP,4,X,NG,,,,,,,,,,N,N, ,10M,,,,,,,, , , , , , , , ,,, , , ,, , ,N,,
64315,"Walmart Stores Texas, LLC",64959,WAL5480,4700 E Palm Valley Blvd,Round Rock,TX,78665,Williamson,30.53366,-97.612014,TRE,ERCO,"Electric Reliability Council of Texas, Inc.",,441,NR,4,Commercial Non-CHP,N,,N,,N,,,,,Oncor Electric Delivery Company LLC,44372,TX,0.48, , ,N,ATMOS ENERGY CORPORATION,,,,,N,N,64315,"Walmart Stores Texas, LLC",WAL5480,TX,Williamson,GEN1,Natural Gas Internal Combustion Engine,IC,,S,X,X,,,0.4,0.8,0.4,0.4,0.1,N, , ,OP,X,9,2021, , ,N,Commercial Non-CHP,4,X,NG,,,,,,,,,,N,N, ,10M,,,,,,,, , , , , , , , ,,, , , ,, , ,N,,
64315,"Walmart Stores Texas, LLC",64960,WAL5612,2391 S Wayside Dr,Houston,TX,77023,Harris,29.716069,-95.313027,TRE,ERCO,"Electric Reliability Council of Texas, Inc.",,441,NR,4,Commercial Non-CHP,N,,N,,N,,,,,CenterPoint Energy,8901,TX,0.48, , ,N,CENTERPOINT ENERGY,,,,,N,N,64315,"Walmart Stores Texas, LLC",WAL5612,TX,Harris,GEN1,Natural Gas Internal Combustion Engine,IC,,S,X,X,,,0.4,0.8,0.4,0.4,0.1,N, , ,OP,X,10,2021, , ,N,Commercial Non-CHP,4,X,NG,,,,,,,,,,N,N, ,10M,,,,,,,, , , , , , , , ,,, , , ,, , ,N,,
64315,"Walmart Stores Texas, LLC",64961,WAL5713,2615 NE Bob Bullock Loop,Laredo,TX,78045,Webb,27.610637,-99.462215,TRE,ERCO,"Electric Reliability Council of Texas, Inc.",,441,NR,4,Commercial Non-CHP,N,,N,,N,,,,,AEP Texas Central Company,3278,TX,0.48, , ,N,CENTERPOINT ENERGY,,,,,N,N,64315,"Walmart Stores Texas, LLC",WAL5713,TX,Webb,GEN1,Natural Gas Internal Combustion Engine,IC,,S,X,X,,,0.4,0.8,0.4,0.4,0.1,N, , ,OP,X,8,2021, , ,N,Commercial Non-CHP,4,X,NG,,,,,,,,,,N,N, ,10M,,,,,,,, , , , , , , , ,,, , , ,, , ,N,,
64315,"Walmart Stores Texas, LLC",64962,WAL5764,2401 Avondale Haslet Rd,Fort Worth,TX,76052,Tarrant,32.967341,-97.411976,TRE,ERCO,"Electric Reliability Council of Texas, Inc.",,441,NR,4,Commercial Non-CHP,N,,N,,N,,,,,Oncor Electric Delivery Company LLC,44372,TX,0.48, , ,N,ATMOS ENERGY CORPORATION,,,,,N,N,64315,"Walmart Stores Texas, LLC",WAL5764,TX,Tarrant,GEN1,Natural Gas Internal Combustion Engine,IC,,S,X,X,,,0.4,0.8,0.4,0.4,0.1,N, , ,OP,X,4,2021, , ,N,Commercial Non-CHP,4,X,NG,,,,,,,,,,N,N, ,10M,,,,,,,, , , , , , , , ,,, , , ,, , ,N,,
64315,"Walmart Stores Texas, LLC",64963,WAL6929,6801 W Adams Ave,Temple,TX,76502,Bell,31.11497,-97.414441,TRE,ERCO,"Electric Reliability Council of Texas, Inc.",,441,NR,4,Commercial Non-CHP,N,,N,,N,,,,,Oncor Electric Delivery Company LLC,44372,TX,0.48, , ,N,ATMOS ENERGY CORPORATION,,,,,N,N,64315,"Walmart Stores Texas, LLC",WAL6929,TX,Bell,GEN1,Natural Gas Internal Combustion Engine,IC,,S,X,X,,,0.4,0.8,0.4,0.4,0.1,N, , ,OP,X,10,2020, , ,N,Commercial Non-CHP,4,X,NG,,,,,,,,,,N,N, ,10M,,,,,,,, , , , , , , , ,,, , , ,, , ,N,,
64449,"Texas Microgrid, LLC",65026,HEB00292,2700 7th St.,Bay City,TX,77414,Matagorda,28.982463,-95.958458,TRE,ERCO,"Electric Reliability Council of Texas, Inc.",,22,NR,2,IPP Non-CHP,N,,N,,N,,,,,AEP Texas Central Company,3278,TX,138, , ,N,BAY CITY GAS CO,,,,,N,,64449,"Texas Microgrid, LLC",HEB00292,TX,Matagorda,H2921,Natural Gas Internal Combustion Engine,IC,,S,X,X,,,0.4,0.8,0.4,0.4,0,N, , ,OP,X,12,2016, , ,N,IPP Non-CHP,2,X,NG,,,,,,,,,,,N, ,10M,,,,,,,, , , , , , , , ,,, , , ,, , ,N,,
64438,"Enel Green Power Roseland Solar, LLC",65028,"Roseland Solar Project, LLC",309 FM 2603,Riesel,TX,76682,Falls,31.461242,-96.824928,TRE,ERCO,"Electric Reliability Council of Texas, Inc.",,22,NR,2,IPP Non-CHP,N,,N,,Y,22-75-000,N,,,Oncor Electric Delivery Company LLC,44372,TX,345, , ,Y,,,,,,,,64438,"Enel Green Power Roseland Solar, LLC","Roseland Solar Project, LLC",TX,Falls,ROSEB,Batteries,BA,,W,X,X,,,51.8, ,51.8,51.8,0.1,N, , ,OP,X,7,2023, , ,N,IPP Non-CHP,2,X,MWH,,,,,,,,,,,N, ,10M,,,,,,,, , , , , , , , ,,, , , ,, , ,N,,
64455,"Bernard Creek Solar, LLC",65034,Bernard Creek Solar,3264 CR 207 RD,Hungerford,TX,77448,Wharton,29.45527,-96.088253,TRE,ERCO,"Electric Reliability Council of Texas, Inc.",,22,NR,2,IPP Non-CHP,N,,N,,N,,N,,,CenterPoint Energy,8901,TX,138, , ,N,,,,,,,,64455,"Bernard Creek Solar, LLC",Bernard Creek Solar,TX,Wharton,CSBS1,Solar Photovoltaic,PV,,S,X,X,,,230.0,0.95,230,230, ,N, , ,OP,X,12,2023, , ,N,IPP Non-CHP,2,X,SUN,,,,,,,,,,,N, ,,,,,,,,, , , , , , , , ,,, , , ,, , ,,,
64468,Hubbard Wind LLC,65048,Hubbard Wind,1023 HCR 3363,Mt Calm,TX,76648,Limestone,31.77471,-96.828196,TRE,ERCO,"Electric Reliability Council of Texas, Inc.",,22,NR,2,IPP Non-CHP,N,,N,,N,,,,,Lone Star Transmission, ,TX,345, , ,N,,,,,,,,64468,Hubbard Wind LLC,Hubbard Wind,TX,Limestone,HW001,Onshore Wind Turbine,WT,,S,X,X,,,300.0, ,300,300,30,N, , ,OP,X,11,2021, , ,N,IPP Non-CHP,2,X,WND,,,,,,,,,,,,108,,,,,,,,, , , , , , , , ,,, , , ,, , ,,,
57313,Tesla Inc.,65070,Austin TX GigaFactory,13101 Harold Green Rd,Austin,TX,78725,Travis,30.22021,-97.61968,TRE,ERCO,"Electric Reliability Council of Texas, Inc.",,336,NR,6,Industrial Non-CHP,N,,N,,N,,,,,"Bluebonnet Electric Coop, Inc",1892,TX,24.9, , ,N,,,,,,,,57313,Tesla Inc.,Austin TX GigaFactory,TX,Travis,C02,Solar Photovoltaic,PV,,S,X,X,,,1.9, ,1.9,1.9, ,N, , ,OP,X,7,2023, , ,N,Industrial Non-CHP,6,X,SUN,,,,,,,,,,,, ,,,,,,,,, , , , , , , , ,,, , , ,, , ,,,
64533,"Lacy Creek Wind, LLC",65162,Lacy Creek Wind Energy Center,101 Private Road 207,Sterling City,TX,76951,Sterling,31.729906,-101.29894,TRE,ERCO,"Electric Reliability Council of Texas, Inc.",,22,NR,2,IPP Non-CHP,N,,N,,N,,,,,Wind Energy Transmission Texas LLC,60066,,345, , ,N,,,,,,,,64533,"Lacy Creek Wind, LLC",Lacy Creek Wind Energy Center,TX,Sterling,LCW1,Onshore Wind Turbine,WT,,S,X,X,,,301.3, ,301.3,301.3,0,N, , ,OP,X,12,2022, , ,N,IPP Non-CHP,2,X,WND,,,,,,,,,,N,N,108,,,,,,,,, , , , , , , , ,,, , , ,, , ,N,,
64564,Byrd Ranch Storage LLC,65259,Byrd Ranch Storage,9313 FM 1459,Sweeny,TX,77480,Brazoria,29.056,-95.686,TRE,ERCO,"Electric Reliability Council of Texas, Inc.",,22,NR,2,IPP Non-CHP,N,,N,,N,,N,,,Texas-New Mexico Power Co,40051,TX,138, , ,Y,,,,,,N,,64564,Byrd Ranch Storage LLC,Byrd Ranch Storage,TX,Brazoria,P1,Batteries,BA,,S,X,X,,,50.0, ,50,50, ,N, , ,OP,X,11,2022, , ,N,IPP Non-CHP,2,X,MWH,,,,,,,,,,N,N, ,1H,,,,,,,, , , , , , , , ,,, , , ,, , ,N,N,N
64449,"Texas Microgrid, LLC",65261,HEB00020,24224 NW Freeway,Cypress,TX,77429,Harris,29.992502,-95.744444,TRE,ERCO,"Electric Reliability Council of Texas, Inc.",,22,NR,2,IPP Non-CHP,N,,N,,N,,,,,CenterPoint Energy,8901,TX,138, , ,N,CENTERPOINT ENERGY,,,,,N,,64449,"Texas Microgrid, LLC",HEB00020,TX,Harris,H0201,Natural Gas Internal Combustion Engine,IC,,S,X,X,,,0.4,0.8,0.4,0.4,0,N, , ,OP,X,2,2018, , ,N,IPP Non-CHP,2,X,NG,,,,,,,,,,,N, ,10M,,,,,,,, , , , , , , , ,,, , , ,, , ,N,,
64449,"Texas Microgrid, LLC",65262,HEB00028,2955 South Gulf Freeway,League City,TX,77573,Galveston,29.466105,-95.09527,TRE,ERCO,"Electric Reliability Council of Texas, Inc.",,22,NR,2,IPP Non-CHP,N,,N,,N,,,,,Texas-New Mexico Power Co,40051,TX,138, , ,N,CENTERPOINT ENERGY,,,,,N,,64449,"Texas Microgrid, LLC",HEB00028,TX,Galveston,H0281,Natural Gas Internal Combustion Engine,IC,,S,X,X,,,0.4,0.8,0.4,0.4,0,N, , ,OP,X,6,2017, , ,N,IPP Non-CHP,2,X,NG,,,,,,,,,,,N, ,10M,,,,,,,, , , , , , , , ,,, , , ,, , ,N,,N
64449,"Texas Microgrid, LLC",65263,HEB00038,901 West Expressway 83,San Juan,TX,78589,Hidalgo,26.202647,-98.164666,TRE,ERCO,"Electric Reliability Council of Texas, Inc.",,22,NR,2,IPP Non-CHP,N,,N,,N,,,,,AEP Texas Central Company,3278,TX,138, , ,N,TEXAS GAS SERVICE,,,,,N,,64449,"Texas Microgrid, LLC",HEB00038,TX,Hidalgo,H0381,Natural Gas Internal Combustion Engine,IC,,S,X,X,,,0.4,0.8,0.4,0.4,0,N, , ,OP,X,4,2018, , ,N,IPP Non-CHP,2,X,NG,,,,,,,,,,,N, ,10M,,,,,,,, , , , , , , , ,,, , , ,, , ,N,,N
64449,"Texas Microgrid, LLC",65264,HEB00054,9828 Blackhawk Boulevard,Houston,TX,77075,Harris,29.601653,-95.250237,TRE,ERCO,"Electric Reliability Council of Texas, Inc.",,22,NR,2,IPP Non-CHP,N,,N,,N,,,,,CenterPoint Energy,8901,TX,138, , ,N,CENTERPOINT ENERGY,,,,,N,,64449,"Texas Microgrid, LLC",HEB00054,TX,Harris,H0541,Natural Gas Internal Combustion Engine,IC,,S,X,X,,,0.4,0.8,0.4,0.4,0,N, , ,OP,X,7,2018, , ,N,IPP Non-CHP,2,X,NG,,,,,,,,,,,N, ,10M,,,,,,,, , , , , , , , ,,, , , ,, , ,N,,N
64449,"Texas Microgrid, LLC",65265,HEB00057,1145 Waldron Rd.,Corpus Christi,TX,78418,Nueces,27.665051,-97.28064,TRE,ERCO,"Electric Reliability Council of Texas, Inc.",,22,NR,2,IPP Non-CHP,N,,N,,N,,,,,AEP Texas Central Company,3278,TX,138, , ,N,CORPUS CHRISTI GAS DIV,,,,,N,,64449,"Texas Microgrid, LLC",HEB00057,TX,Nueces,H0571,Natural Gas Internal Combustion Engine,IC,,S,X,X,,,0.4,0.8,0.4,0.4,0,N, , ,OP,X,10,2017, , ,N,IPP Non-CHP,2,X,NG,,,,,,,,,,,N, ,10M,,,,,,,, , , , , , , , ,,, , , ,, , ,N,,N
64449,"Texas Microgrid, LLC",65266,HEB00070,1345 Barrow,Abilene,TX,79605,Taylor,32.433318,-99.758324,TRE,ERCO,"Electric Reliability Council of Texas, Inc.",,22,NR,2,IPP Non-CHP,N,,N,,N,,,,,AEP Texas North Company,20404,TX,138, , ,N,ATMOS ENERGY CORPORATION,,,,,N,,64449,"Texas Microgrid, LLC",HEB00070,TX,Taylor,H0701,Natural Gas Internal Combustion Engine,IC,,S,X,X,,,0.4,0.8,0.4,0.4,0,N, , ,OP,X,12,2018, , ,N,IPP Non-CHP,2,X,NG,,,,,,,,,,,N, ,10M,,,,,,,, , , , , , , , ,,, , , ,, , ,N,,N
64449,"Texas Microgrid, LLC",65267,HEB00099,10919 Louetta Road,Houston,TX,77070,Harris,29.995329,-95.576602,TRE,ERCO,"Electric Reliability Council of Texas, Inc.",,22,NR,2,IPP Non-CHP,N,,N,,N,,,,,CenterPoint Energy,8901,TX,138, , ,N,CENTERPOINT ENERGY,,,,,N,,64449,"Texas Microgrid, LLC",HEB00099,TX,Harris,H0991,Natural Gas Internal Combustion Engine,IC,,S,X,X,,,0.4,0.8,0.4,0.4,0,N, , ,OP,X,6,2017, , ,N,IPP Non-CHP,2,X,NG,,,,,,,,,,,N, ,10M,,,,,,,, , , , , , , , ,,, , , ,, , ,N,,N
64449,"Texas Microgrid, LLC",65268,HEB00109,9710 Katy Freeway,Katy,TX,77055,Harris,29.786159,-95.539403,TRE,ERCO,"Electric Reliability Council of Texas, Inc.",,22,NR,2,IPP Non-CHP,N,,N,,N,,,,,CenterPoint Energy,8901,TX,138, , ,N,CENTERPOINT ENERGY,,,,,N,,64449,"Texas Microgrid, LLC",HEB00109,TX,Harris,H1091,Natural Gas Internal Combustion Engine,IC,,S,X,X,,,0.4,0.8,0.4,0.4,0,N, , ,OP,X,5,2018, , ,N,IPP Non-CHP,2,X,NG,,,,,,,,,,,N, ,10M,,,,,,,, , , , , , , , ,,, , , ,, , ,N,,N
64449,"Texas Microgrid, LLC",65269,HEB00110,8900 Highway 6,Missouri City,TX,77459,Fort Bend,29.53658,-95.53628,TRE,ERCO,"Electric Reliability Council of Texas, Inc.",,22,NR,2,IPP Non-CHP,N,,N,,N,,,,,CenterPoint Energy,8901,TX,138, , ,N,SIENERGY LP,,,,,N,,64449,"Texas Microgrid, LLC",HEB00110,TX,Fort Bend,H1101,Natural Gas Internal Combustion Engine,IC,,S,X,X,,,0.4,0.8,0.4,0.4,0,N, , ,OP,X,9,2017, , ,N,IPP Non-CHP,2,X,NG,,,,,,,,,,,N, ,10M,,,,,,,, , , , , , , , ,,, , , ,, , ,N,,N
64568,"BT Noble Solar, LLC",65271,Noble Solar,9630 Doyle Rd,Krum,TX,76249,Denton,33.261505,-97.238057,TRE,ERCO,"Electric Reliability Council of Texas, Inc.",,22,NR,2,IPP Non-CHP,N,,N,,N,,,,,Oncor Electric Delivery Company LLC,44372,TX,345, , ,Y,,,,,,,,64568,"BT Noble Solar, LLC",Noble Solar,TX,Denton,NBSLR,Solar Photovoltaic,PV,,S,X,X,,,275.0,1,275,275,0,N, , ,OP,X,9,2022, , ,N,IPP Non-CHP,2,X,SUN,,,,,,,,,,,, ,10M,,,,,,,, , , , , , , , ,,, , , ,, , ,,,
64449,"Texas Microgrid, LLC",65274,HEB00182,3002 S. 31st St.,Temple,TX,76502,Bell,31.07212,-97.370901,TRE,ERCO,"Electric Reliability Council of Texas, Inc.",,22,NR,2,IPP Non-CHP,N,,N,,N,,,,,Oncor Electric Delivery Company LLC,44372,TX,138, , ,N,ATMOS ENERGY CORPORATION,,,,,N,,64449,"Texas Microgrid, LLC",HEB00182,TX,Bell,H1821,Natural Gas Internal Combustion Engine,IC,,S,X,X,,,0.4,0.8,0.4,0.4,0,N, , ,OP,X,10,2018, , ,N,IPP Non-CHP,2,X,NG,,,,,,,,,,,N, ,10M,,,,,,,, , , , , , , , ,,, , , ,, , ,N,,N
64608,Sun Valley Solar LLC,65303,Sun Valley Solar Project,884 HCR 3110 S,Abbott,TX,76621,Hill,31.86976,-97.01498,TRE,ERCO,"Electric Reliability Council of Texas, Inc.",,22,NR,2,IPP Non-CHP,N,,N,,N,,,,,Oncor Electric Delivery Company LLC,44372,TX,345, , ,N,,,,,,N,N,64608,Sun Valley Solar LLC,Sun Valley Solar Project,TX,Hill,SUNS,Solar Photovoltaic,PV,,S,X,X,,,250.0,0.95,250,250,0,N, , ,OP,X,12,2022, , ,N,IPP Non-CHP,2,X,SUN,,,,,,,,,,,, ,,,,,,,,, , , , , , , , ,,, , , ,, , ,,,
64611,"Limestone Wind Project, LLC",65306,Limestone Wind Project,TBD,Coolidge,TX,76635,Navarro,31.85346,-96.624458,TRE,ERCO,"Electric Reliability Council of Texas, Inc.",,22,NR,2,IPP Non-CHP,N,,N,,N,,,,,Oncor Electric Delivery Company LLC,44372,TX,345, , ,N,,,,,,,,64611,"Limestone Wind Project, LLC",Limestone Wind Project,TX,Navarro,LIMEW,Onshore Wind Turbine,WT,,S,X,X,,,299.2,0.95,299.2,299.2,1,N, , ,OP,X,12,2022, , ,N,IPP Non-CHP,2,X,WND,,,,,,,,,,,,88,,,,,,,,, , , , , , , , ,,, , , ,, , ,,,
50123,"Leeward Asset Management, LLC",65308,Horizon Solar,2829 N. Interstate 35,Pearsall,TX,78061,Frio,28.9377,-99.10765,TRE,ERCO,"Electric Reliability Council of Texas, Inc.",,22,NR,2,IPP Non-CHP,N,,N,,N,,,,,Electric Transmission Texas LLC,50174,,138, , ,N,,,,,,,,50123,"Leeward Asset Management, LLC",Horizon Solar,TX,Frio,HRZNS,Solar Photovoltaic,PV,,S,X,X,,,200.0, ,200,200, ,N, , ,OP,X,12,2023, , ,N,IPP Non-CHP,2,X,SUN,,,,,,,,,,N,N, ,,,,,,,,, , , , , , , , ,,, , , ,, , ,N,,
61060,Cypress Creek Renewables,65333,Shakes Solar,8499 Texas state HWY 85,Carrizo Springs,TX,78827,Dimmit,28.44208,-99.75582,TRE,ERCO,"Electric Reliability Council of Texas, Inc.",,22,NR,2,IPP Non-CHP,N,,N,,Y,ER22-143-000,,,,AEP Texas Central Company,3278,TX,138, , ,N,,,,,,,,61060,Cypress Creek Renewables,Shakes Solar,TX,Dimmit,785,Solar Photovoltaic,PV,,S,X,X,,,200.0, ,200,200, ,N, , ,OP,X,6,2022, , ,N,IPP Non-CHP,2,X,SUN,,,,,,,,,,,, ,,,,,,,,, , , , , , , , ,,, , , ,, , ,,,
64655,"Appaloosa Run Wind, LLC",65335,Appaloosa Run Wind,6717 County Rd 220,Rankin,TX,79778,Upton,31.157269,-101.831603,TRE,ERCO,"Electric Reliability Council of Texas, Inc.",,22,NR,2,IPP Non-CHP,N,,N,,N,,,,,AEP Texas Central Company,3278,TX,138, , ,N,,,,,,,,64655,"Appaloosa Run Wind, LLC",Appaloosa Run Wind,TX,Upton,WAPPA,Onshore Wind Turbine,WT,,S,X,X,,,171.8, ,171.8,171.8,0,N, , ,OP,X,12,2022, , ,N,IPP Non-CHP,2,X,WND,,,,,,,,,,,,62,,,,,,,,, , , , , , , , ,,, , , ,, , ,,,
63082,ProEnergy Services,65372,Mark One Power Station,24420 CR 48,Angleton,TX,77515,Brazoria,29.227109,-95.430756,TRE,ERCO,"Electric Reliability Council of Texas, Inc.",,22,NR,2,IPP Non-CHP,N,,N,,Y,EG21-235-000,N,,,CenterPoint Energy,8901,TX,138, , ,N,,KINDER MORGAN TEJAS PIPELINE LLC,,,,N,,63082,ProEnergy Services,Mark One Power Station,TX,Brazoria,CTG-1,Natural Gas Fired Combustion Turbine,GT,,W,X,X,AE_BCH01,,60.5,0.85,44.6,49.8,22.5,N, , ,OP,X,11,2022, , ,N,IPP Non-CHP,2,X,NG,,,,,,,,,,N,N, ,10M,,,,,,,, , , , , , , , ,,, , , ,, , ,N,,
63082,ProEnergy Services,65373,Brotman Power Station,1920 CR 52,Rosharon,TX,77583,Brazoria,29.364128,-95.435068,TRE,ERCO,"Electric Reliability Council of Texas, Inc.",,22,NR,2,IPP Non-CHP,N,,N,,Y,EG22-192-000,N,,,CenterPoint Energy,8901,TX,138, , ,N,,FLORIDA GAS TRANSMISSION COMPANY,,,,N,,63082,ProEnergy Services,Brotman Power Station,TX,Brazoria,CTG-1,Natural Gas Fired Combustion Turbine,GT,,W,X,X,ACHBTM01,,60.5,0.85,44.6,49.8,22.5,N, , ,OP,X,5,2023, , ,N,IPP Non-CHP,2,X,NG,,,,,,,,,,N,N, ,10M,,,,,,,, , , , , , , , ,,, , , ,, , ,N,,
57416,"Acciona Energy USA Global, LLC",65410,Cunningham Storage,County Rd 3508,Quinlan,TX,75474,Hunt,33.004305,-96.075913,TRE,ERCO,"Electric Reliability Council of Texas, Inc.",,22,NR,2,IPP Non-CHP,N,,N,,N,,,,,"Rayburn Country Elec Coop, Inc",18589,,138, , ,Y,,,,,,,,57416,"Acciona Energy USA Global, LLC",Cunningham Storage,TX,Hunt,SPUT,Batteries,BA,,S,X,X,STEAM_ENG123,STEAM_ENG123,190.0,1,190,190, ,N, , ,OP,X,8,2023, , ,N,IPP Non-CHP,2,X,MWH,,,,,,,,,,,, ,12H,,,,,,,, , , , , , , , ,,, , , ,, , ,N,,
56201,Engie North America,65489,Dickens,897 County Road 112,Afton,TX,79220,Dickens,33.781077,-100.883227,TRE,ERCO,"Electric Reliability Council of Texas, Inc.",,22,NR,2,IPP Non-CHP,N,,N,,N,,,,,Wind Energy Transmission Texas LLC,60066,,345, , ,Y,,,,,,,,56201,Engie North America,Dickens,TX,Dickens,DIKNS,Batteries,BA,,S,X,X,,,200.0, ,200,200, ,N, , ,OP,X,12,2024, , ,N,IPP Non-CHP,2,X,MWH,,,,,,,,,,,, ,,,,,,,,, , , , , , , , ,,, , , ,, , ,,,
56201,Engie North America,65490,Hydra,997 FM 1901,Fort Stockton,TX,79735,Pecos,30.992905,-102.289475,TRE,ERCO,"Electric Reliability Council of Texas, Inc.",,22,NR,2,IPP Non-CHP,N,,N,,N,,,,,Electric Transmission Texas LLC,50174,,345, , ,Y,,,,,,,,56201,Engie North America,Hydra,TX,Pecos,HYDRA,Batteries,BA,,S,X,X,,,200.0, ,200,200, ,N, , ,OP,X,12,2024, , ,N,IPP Non-CHP,2,X,MWH,,,,,,,,,,,, ,,,,,,,,, , , , , , , , ,,, , , ,, , ,,,
56201,Engie North America,65491,Paleo,2985 Pope Road,Abernathy,TX,79311,Hale,33.889462,-101.80158,TRE,ERCO,"Electric Reliability Council of Texas, Inc.",,22,NR,2,IPP Non-CHP,N,,N,,N,,,,,Oncor Electric Delivery Company LLC,44372,TX,345, , ,Y,,,,,,,,56201,Engie North America,Paleo,TX,Hale,PALEO,Batteries,BA,,S,X,X,,,200.0, ,200,200, ,N, , ,OP,X,12,2024, , ,N,IPP Non-CHP,2,X,MWH,,,,,,,,,,,, ,,,,,,,,, , , , , , , , ,,, , , ,, , ,,,
56201,Engie North America,65492,Pavo,5898 E I-10,Fort Stockton,TX,79735,Pecos,30.885123,-102.42261,TRE,ERCO,"Electric Reliability Council of Texas, Inc.",,22,NR,2,IPP Non-CHP,N,,N,,N,,,,,Texas-New Mexico Power Co,40051,TX,138, , ,Y,,,,,,,,56201,Engie North America,Pavo,TX,Pecos,PAVO,Batteries,BA,,S,X,X,,,175.0, ,175,175, ,N, , ,OP,X,12,2024, , ,N,IPP Non-CHP,2,X,MWH,,,,,,,,,,,, ,,,,,,,,, , , , , , , , ,,, , , ,, , ,,,
56201,Engie North America,65493,Tortolas,760 Heights Rd,Alvin,TX,77511,Brazoria,29.432362,-95.250698,TRE,ERCO,"Electric Reliability Council of Texas, Inc.",,22,NR,2,IPP Non-CHP,N,,N,,N,,,,,Texas-New Mexico Power Co,40051,TX,138, , ,Y,,,,,,,,56201,Engie North America,Tortolas,TX,Brazoria,TORTO,Batteries,BA,,S,X,X,,,50.0, ,50,50, ,N, , ,OP,X,12,2024, , ,N,IPP Non-CHP,2,X,MWH,,,,,,,,,,,, ,,,,,,,,, , , , , , , , ,,, , , ,, , ,,,
64802,"Longbow Acquisition HoldCo, LLC",65521,"Longbow Solar, LLC",9181 CR 196,Liverpool,TX,77577,Brazoria,29.289809,-95.298609,TRE,ERCO,"Electric Reliability Council of Texas, Inc.",,22,NR,2,IPP Non-CHP,N,,N,,Y,EG22-80-000,N,X,,CenterPoint Energy,8901,TX,138, , ,N,,,,,,N,X,64802,"Longbow Acquisition HoldCo, LLC","Longbow Solar, LLC",TX,Brazoria,LBSOL,Solar Photovoltaic,PV,,S,X,X,,,78.1,1,78.1,78.1, ,N, , ,OP,X,7,2022, , ,N,IPP Non-CHP,2,X,SUN,,,,,,,,,,N,N, ,,,,,,,,, , , , , , , , ,,, , , ,, , ,,,
64812,"Power Depot Group A, LLC",65535,Bakke,1496 S US 385,Andrews,TX,79714,Andrews,32.295946,-102.54,TRE,ERCO,"Electric Reliability Council of Texas, Inc.",,22,NR,2,IPP Non-CHP,N,,N,,N,,,,,Oncor Electric Delivery Company LLC,44372,TX,138, , ,N,,,,,,,,64812,"Power Depot Group A, LLC",Bakke,TX,Andrews,BAK1,Petroleum Liquids,IC,,S,X,X,,,0.6,0.8,0.5,0.6,0.1,N, , ,OP,X,7,2013, , ,N,IPP Non-CHP,2,X,DFO,,,,,,,,,,,, ,10M,,,,,,,, , , , , , , , ,,, , , ,, , ,N,,
64812,"Power Depot Group A, LLC",65536,Citrus City,3501 W. Mile 7 Road,Mission,TX,78574,Hidalgo,26.320997,-98.351744,TRE,ERCO,"Electric Reliability Council of Texas, Inc.",,22,NR,2,IPP Non-CHP,N,,N,,N,,,,,AEP Texas Central Company,3278,TX,138, , ,N,,,,,,,,64812,"Power Depot Group A, LLC",Citrus City,TX,Hidalgo,CC1,Petroleum Liquids,IC,,S,X,X,,,0.6,0.8,0.5,0.6,0.1,N, , ,OP,X,8,2013, , ,N,IPP Non-CHP,2,X,DFO,,,,,,,,,,,, ,10M,,,,,,,, , , , , , , , ,,, , , ,, , ,N,,
64812,"Power Depot Group A, LLC",65537,Clara,5415 Clara Road,Houston,TX,77041,Harris,29.845265,-95.553945,TRE,ERCO,"Electric Reliability Council of Texas, Inc.",,22,NR,2,IPP Non-CHP,N,,N,,N,,,,,CenterPoint Energy,8901,TX,138, , ,N,,,,,,,,64812,"Power Depot Group A, LLC",Clara,TX,Harris,CLA1,Petroleum Liquids,IC,,S,X,X,,,0.6,0.8,0.5,0.6,0.1,N, , ,OP,X,7,2013, , ,N,IPP Non-CHP,2,X,DFO,,,,,,,,,,,, ,10M,,,,,,,, , , , , , , , ,,, , , ,, , ,N,,
64812,"Power Depot Group A, LLC",65538,Cutten,12309 Cutten Road,Houston,TX,77066,Harris,29.956811,-95.527643,TRE,ERCO,"Electric Reliability Council of Texas, Inc.",,22,NR,2,IPP Non-CHP,N,,N,,N,,,,,CenterPoint Energy,8901,TX,138, , ,N,,,,,,,,64812,"Power Depot Group A, LLC",Cutten,TX,Harris,CUT1,Petroleum Liquids,IC,,S,X,X,,,0.6,0.8,0.5,0.6,0.1,N, , ,OP,X,9,2013, , ,N,IPP Non-CHP,2,X,DFO,,,,,,,,,,N,N, ,10M,,,,,,,, , , , , , , , ,,, , , ,, , ,N,,N
64812,"Power Depot Group A, LLC",65539,E. Porte Ct.,121 E. Porte Court,Harlingen,TX,78550,Cameron,26.19208,-97.664239,TRE,ERCO,"Electric Reliability Council of Texas, Inc.",,22,NR,2,IPP Non-CHP,N,,N,,N,,,,,AEP Texas Central Company,3278,TX,138, , ,N,,,,,,,,64812,"Power Depot Group A, LLC",E. Porte Ct.,TX,Cameron,EPC1,Petroleum Liquids,IC,,S,X,X,,,0.6,0.8,0.5,0.6,0.1,N, , ,OP,X,8,2013, , ,N,IPP Non-CHP,2,X,DFO,,,,,,,,,,,, ,10M,,,,,,,, , , , , , , , ,,, , , ,, , ,N,,
64812,"Power Depot Group A, LLC",65540,Frankel,6066 W. FM 1967,Andrews,TX,79714,Andrews,32.381434,-102.78282,TRE,ERCO,"Electric Reliability Council of Texas, Inc.",,22,NR,2,IPP Non-CHP,N,,N,,N,,,,,Oncor Electric Delivery Company LLC,44372,TX,138, , ,N,,,,,,,,64812,"Power Depot Group A, LLC",Frankel,TX,Andrews,FRA1,Petroleum Liquids,IC,,S,X,X,,,0.6,0.8,0.5,0.6,0.1,N, , ,OP,X,7,2013, , ,N,IPP Non-CHP,2,X,DFO,,,,,,,,,,,, ,10M,,,,,,,, , , , , , , , ,,, , , ,, , ,N,,
64812,"Power Depot Group A, LLC",65541,GCWA,3630 FM 1765,Texas City,TX,77591,Galveston,29.380114,-94.953418,TRE,ERCO,"Electric Reliability Council of Texas, Inc.",,22,NR,2,IPP Non-CHP,N,,N,,N,,,,,Texas-New Mexico Power Co,40051,TX,138, , ,N,,,,,,,,64812,"Power Depot Group A, LLC",GCWA,TX,Galveston,IPS1,Petroleum Liquids,IC,,S,X,X,,,0.6,0.8,0.6,0.6,0.1,N, , ,OP,X,8,2013, , ,N,IPP Non-CHP,2,X,DFO,,,,,,,,,,,, ,10M,,,,,,,, , , , , , , , ,,, , , ,, , ,N,,
64812,"Power Depot Group A, LLC",65542,Goldsmith,2001 W. Hwy 158,Goldsmith,TX,79741,Ector,31.975269,-102.63501,TRE,ERCO,"Electric Reliability Council of Texas, Inc.",,22,NR,2,IPP Non-CHP,N,,N,,N,,,,,Oncor Electric Delivery Company LLC,44372,TX,138, , ,N,,,,,,,,64812,"Power Depot Group A, LLC",Goldsmith,TX,Ector,GS1,Petroleum Liquids,IC,,S,X,X,,,0.6,0.8,0.5,0.6,0.1,N, , ,OP,X,8,2013, , ,N,IPP Non-CHP,2,X,DFO,,,,,,,,,,,, ,10M,,,,,,,, , , , , , , , ,,, , , ,, , ,N,,
64812,"Power Depot Group A, LLC",65543,Mckeever,22325 South Post Oak Blvd.,Fresno,TX,77545,Fort Bend,29.508402,-95.479339,TRE,ERCO,"Electric Reliability Council of Texas, Inc.",,22,NR,2,IPP Non-CHP,N,,N,,N,,,,,CenterPoint Energy,8901,TX,138, , ,N,,,,,,,,64812,"Power Depot Group A, LLC",Mckeever,TX,Fort Bend,MK1,Petroleum Liquids,IC,,S,X,X,,,0.6,0.8,0.5,0.6,0.1,N, , ,OP,X,10,2013, , ,N,IPP Non-CHP,2,X,DFO,,,,,,,,,,,, ,10M,,,,,,,, , , , , , , , ,,, , , ,, , ,N,,
64812,"Power Depot Group A, LLC",65544,N. Mary Francis,8309 W. Mary Francis Ave,Odessa,TX,79764,Ector,31.921616,-102.431039,TRE,ERCO,"Electric Reliability Council of Texas, Inc.",,22,NR,2,IPP Non-CHP,N,,N,,N,,,,,Oncor Electric Delivery Company LLC,44372,TX,138, , ,N,,,,,,,,64812,"Power Depot Group A, LLC",N. Mary Francis,TX,Ector,NMF1,Petroleum Liquids,IC,,S,X,X,,,0.6,0.8,0.5,0.6,0.1,N, , ,OP,X,8,2013, , ,N,IPP Non-CHP,2,X,DFO,,,,,,,,,,,, ,10M,,,,,,,, , , , , , , , ,,, , , ,, , ,N,,
64847,"Inertia Wind Project, LLC",65546,Inertia Wind Project,2930 US HWY 380 E,Haskell,TX,79521,Haskell,33.186882,-99.595332,TRE,ERCO,"Electric Reliability Council of Texas, Inc.",,22,NR,2,IPP Non-CHP,N,,N,,N,,,,,Electric Transmission Texas LLC,50174,,138, , ,N,,,,,,,,64847,"Inertia Wind Project, LLC",Inertia Wind Project,TX,Haskell,WINER,Onshore Wind Turbine,WT,,S,X,X,,,301.0, ,301,301,0,N, , ,OP,X,1,2023, , ,N,IPP Non-CHP,2,X,WND,,,,,,,,,,,,108,,,,,,,,, , , , , , , , ,,, , , ,, , ,,,
64808,Verizon Communications,65571,Verizon Hidden Ridge Solar Project,700 Hidden Ridge,Irving,TX,75038,Dallas,32.87662,-96.95372,TRE,ERCO,"Electric Reliability Council of Texas, Inc.",,22,NR,2,IPP Non-CHP,N,,N,,N,,,,,Oncor Electric Delivery Company LLC,44372,TX,25, , ,N,,,,,,,,64808,Verizon Communications,Verizon Hidden Ridge Solar Project,TX,Dallas,VH600,Solar Photovoltaic,PV,,S,X,X,,,1.0, ,0.9,0.6,1,N, , ,OP,X,9,2022, , ,N,IPP Non-CHP,2,X,SUN,,,,,,,,,,,, ,10M,,,,,,,, , , , , , , , ,,, , , ,, , ,,,
64812,"Power Depot Group A, LLC",65573,Ridge Rd,123 E. Ridge Road,Alamo,TX,78516,Hidalgo,26.16815,-98.09831,TRE,ERCO,"Electric Reliability Council of Texas, Inc.",,22,NR,2,IPP Non-CHP,N,,N,,N,,,,,AEP Texas Central Company,3278,TX,138, , ,N,,,,,,,,64812,"Power Depot Group A, LLC",Ridge Rd,TX,Hidalgo,RR1,Petroleum Liquids,IC,,S,X,X,,,0.6,0.8,0.5,0.6,0.1,N, , ,OP,X,8,2013, , ,N,IPP Non-CHP,2,X,DFO,,,,,,,,,,,, ,10M,,,,,,,, , , , , , , , ,,, , , ,, , ,N,,
64812,"Power Depot Group A, LLC",65574,Santa Rosa,22611 FM 506,Santa Rosa,TX,78593,Cameron,26.23055,-97.82349,TRE,ERCO,"Electric Reliability Council of Texas, Inc.",,22,NR,2,IPP Non-CHP,N,,N,,N,,,,,AEP Texas Central Company,3278,TX,138, , ,N,,,,,,,,64812,"Power Depot Group A, LLC",Santa Rosa,TX,Cameron,SR1,Petroleum Liquids,IC,,S,X,X,,,0.6,0.8,0.5,0.6,0.1,N, , ,OP,X,10,2013, , ,N,IPP Non-CHP,2,X,DFO,,,,,,,,,,,, ,10M,,,,,,,, , , , , , , , ,,, , , ,, , ,N,,
64812,"Power Depot Group A, LLC",65575,Southwick,3422 S. Sam Houston Pkwy E.,Houston,TX,77047,Harris,29.59576,-95.36578,TRE,ERCO,"Electric Reliability Council of Texas, Inc.",,22,NR,2,IPP Non-CHP,N,,N,,N,,,,,CenterPoint Energy,8901,TX,138, , ,N,,,,,,,,64812,"Power Depot Group A, LLC",Southwick,TX,Harris,SW1,Petroleum Liquids,IC,,S,X,X,,,0.6,0.8,0.5,0.6,0.1,N, , ,OP,X,11,2013, , ,N,IPP Non-CHP,2,X,DFO,,,,,,,,,,,, ,10M,,,,,,,, , , , , , , , ,,, , , ,, , ,N,,
64812,"Power Depot Group A, LLC",65576,Stonegate,29225 Katy Brookshire Rd.,Katy,TX,77494,Fort Bend,29.785353,-95.875497,TRE,ERCO,"Electric Reliability Council of Texas, Inc.",,22,NR,2,IPP Non-CHP,N,,N,,N,,,,,CenterPoint Energy,8901,TX,138, , ,N,,,,,,,,64812,"Power Depot Group A, LLC",Stonegate,TX,Fort Bend,STG1,Petroleum Liquids,IC,,S,X,X,,,0.6,0.8,0.5,0.6,0.1,N, , ,OP,X,7,2013, , ,N,IPP Non-CHP,2,X,DFO,,,,,,,,,,,, ,10M,,,,,,,, , , , , , , , ,,, , , ,, , ,N,,
64812,"Power Depot Group A, LLC",65578,Tumbleweed,2303 N US 385,Andrews,TX,79714,Andrews,32.35123,-102.5577,TRE,ERCO,"Electric Reliability Council of Texas, Inc.",,22,NR,2,IPP Non-CHP,N,,N,,N,,,,,Oncor Electric Delivery Company LLC,44372,TX,138, , ,N,,,,,,,,64812,"Power Depot Group A, LLC",Tumbleweed,TX,Andrews,TWD1,Petroleum Liquids,IC,,S,X,X,,,0.6,0.8,0.5,0.6,0.1,N, , ,OP,X,7,2013, , ,N,IPP Non-CHP,2,X,DFO,,,,,,,,,,,, ,10M,,,,,,,, , , , , , , , ,,, , , ,, , ,N,,
64812,"Power Depot Group A, LLC",65579,Vaquero,"3410 Haine Drive, Unit D",Harlingen,TX,78550,Cameron,26.168074,-97.654049,TRE,ERCO,"Electric Reliability Council of Texas, Inc.",,22,NR,2,IPP Non-CHP,N,,N,,N,,,,,AEP Texas Central Company,3278,TX,138, , ,N,,,,,,,,64812,"Power Depot Group A, LLC",Vaquero,TX,Cameron,VQ1,Petroleum Liquids,IC,,S,X,X,,,0.6,0.8,0.5,0.6,0.1,N, , ,OP,X,8,2013, , ,N,IPP Non-CHP,2,X,DFO,,,,,,,,,,,, ,10M,,,,,,,, , , , , , , , ,,, , , ,, , ,N,,
64812,"Power Depot Group A, LLC",65580,Villa Cavasos,5915 FM 1732,Brownsville,TX,78520,Cameron,26.02131,-97.596284,TRE,ERCO,"Electric Reliability Council of Texas, Inc.",,22,NR,2,IPP Non-CHP,N,,N,,N,,,,,AEP Texas Central Company,3278,TX,138, , ,N,,,,,,,,64812,"Power Depot Group A, LLC",Villa Cavasos,TX,Cameron,VC1,Petroleum Liquids,IC,,S,X,X,,,0.6,0.8,0.5,0.6,0.1,N, , ,OP,X,8,2013, , ,N,IPP Non-CHP,2,X,DFO,,,,,,,,,,,, ,10M,,,,,,,, , , , , , , , ,,, , , ,, , ,N,,
64812,"Power Depot Group A, LLC",65581,Westover,6505 W. 16th Street,Odessa,TX,79763,Ector,31.8362,-102.4461,TRE,ERCO,"Electric Reliability Council of Texas, Inc.",,22,NR,2,IPP Non-CHP,N,,N,,N,,,,,Oncor Electric Delivery Company LLC,44372,TX,138, , ,N,,,,,,,,64812,"Power Depot Group A, LLC",Westover,TX,Ector,WSI1,Petroleum Liquids,IC,,S,X,X,,,0.6,0.8,0.5,0.6,0.1,N, , ,OP,X,9,2013, , ,N,IPP Non-CHP,2,X,DFO,,,,,,,,,,,, ,10M,,,,,,,, , , , , , , , ,,, , , ,, , ,N,,
65411,Duke Energy Renewables Services,65631,"Pisgah Ridge Solar, LLC",8810 SW CR 2110,Richland,TX,76681,Navarro,31.896737,-96.467327,TRE,ERCO,"Electric Reliability Council of Texas, Inc.",,22,NR,2,IPP Non-CHP,N,,N,,N,,,,,Oncor Electric Delivery Company LLC,44372,TX,345, , ,N,,,,,,,,65411,Duke Energy Renewables Services,"Pisgah Ridge Solar, LLC",TX,Navarro,PSGAH,Solar Photovoltaic,PV,,W,X,X,,,250.0,0.95,250,250, ,N, , ,OP,X,12,2022, , ,N,IPP Non-CHP,2,X,SUN,,,,,,,,,,N,N, ,,,,,,,,, , , , , , , , ,,, , , ,, , ,N,,
64927,"IP Lumina II, LLC",65644,Lumina II Solar Project,12985 CR 1105,Snyder,TX,79549,Scurry,32.883528,-100.746389,TRE,ERCO,"Electric Reliability Council of Texas, Inc.",,22,NR,2,IPP Non-CHP,N,,N,,Y,"22-138-000, 24-141-000",N,,,Wind Energy Transmission Texas LLC,60066,,345, , ,Y,,,,,,N,,64927,"IP Lumina II, LLC",Lumina II Solar Project,TX,Scurry,LUMII,Solar Photovoltaic,PV,,S,X,X,ANDMSLR_ALL,,326.6, ,321,321, ,N, , ,OP,X,1,2024, , ,N,IPP Non-CHP,2,X,SUN,,,,,,,,,,,N, ,,,,,,,,, , , , , , , , ,,, , , ,, , ,N,,
64924,"IP Lumina, LLC",65645,Lumina Solar Project,11343 FM 1142,Snyder,TX,79549,Scurry,32.901081,-100.982695,TRE,ERCO,"Electric Reliability Council of Texas, Inc.",,22,NR,2,IPP Non-CHP,N,,N,,Y,"22-139-000, 24-140-000",,,,Wind Energy Transmission Texas LLC,60066,,345, , ,N,,,,,,,,64924,"IP Lumina, LLC",Lumina Solar Project,TX,Scurry,LUMIN,Solar Photovoltaic,PV,,S,X,X,JADE_SLR_ALL,,326.6, ,320,320, ,N, , ,OP,X,1,2024, , ,N,IPP Non-CHP,2,X,SUN,,,,,,,,,,,N, ,,,,,,,,, , , , , , , , ,,, , , ,, , ,N,,
64931,"Texas Solar Nova 1, LLC",65654,Texas Solar Nova 1,2465 County Road 233,Spur,TX,79370,Kent,33.320637,-100.982201,TRE,ERCO,"Electric Reliability Council of Texas, Inc.",,22,NR,2,IPP Non-CHP,N,,N,,N,,,,,Wind Energy Transmission Texas LLC,60066,,138, , ,N,,,,,,,,64931,"Texas Solar Nova 1, LLC",Texas Solar Nova 1,TX,Kent,TSN1,Solar Photovoltaic,PV,,S,X,X,,,252.0, ,252,252, ,N, , ,OP,X,12,2023, , ,N,IPP Non-CHP,2,X,SUN,,,,,,,,,,,, ,,,,,,,,, , , , , , , , ,,, , , ,, , ,,,
64932,"Texas Solar Nova 2, LLC",65660,Texas Solar Nova 2,2465 County Road 233 Spur,Spur,TX,79370,Kent,33.32056,-100.981664,TRE,ERCO,"Electric Reliability Council of Texas, Inc.",,22,NR,2,IPP Non-CHP,N,,N,,N,,,,,Wind Energy Transmission Texas LLC,60066,,138, , ,N,,,,,,,,64932,"Texas Solar Nova 2, LLC",Texas Solar Nova 2,TX,Kent,TSN2,Solar Photovoltaic,PV,,S,X,X,,,200.0, ,200,200, ,N, , ,OP,X,2,2024, , ,N,IPP Non-CHP,2,X,SUN,,,,,,,,,,,, ,,,,,,,,, , , , , , , , ,,, , , ,, , ,,,
64917,"Rayos del Sol Solar Project, LLC",65661,Nebula Solar,13156 FM 3067,La Feria,TX,78559,Cameron,26.090103,-97.798453,TRE,ERCO,"Electric Reliability Council of Texas, Inc.",,22,NR,2,IPP Non-CHP,N,,N,,N,,,,,Oncor Electric Delivery Company LLC,44372,TX,138, , ,N,,,,,,N,,64917,"Rayos del Sol Solar Project, LLC",Nebula Solar,TX,Cameron,NEB1,Solar Photovoltaic,PV,,S,X,X,,,135.0,0.95,135,135, ,N, , ,OP,X,6,2022, , ,N,IPP Non-CHP,2,X,SUN,,,,,,,,,,N,N, ,,,,,,,,, , , , , , , , ,,, , , ,, , ,N,,
64917,"Rayos del Sol Solar Project, LLC",65662,Vancourt Solar Interconnections,13156 FM 3067,La Feria,TX,78559,Cameron,26.090103,-97.798453,TRE,ERCO,"Electric Reliability Council of Texas, Inc.",,22,NR,2,IPP Non-CHP,N,,N,,N,,,,,Oncor Electric Delivery Company LLC,44372,TX,138, , ,N,,,,,,N,N,64917,"Rayos del Sol Solar Project, LLC",Vancourt Solar Interconnections,TX,Cameron,VAN1,Solar Photovoltaic,PV,,S,X,X,,,45.0,0.9,45,45, ,N, , ,OP,X,9,2022, , ,N,IPP Non-CHP,2,X,SUN,,,,,,,,,,N,N, ,,,,,,,,, , , , , , , , ,,, , , ,, , ,N,,
63289,Key Capture Energy,65693,TX10 Hummingbird Storage,TBD,Krum,TX,76249,Denton,33.3256,-97.31433,TRE,ERCO,"Electric Reliability Council of Texas, Inc.",,22,NR,2,IPP Non-CHP,N,,N,,Y,Pending,N,,,Oncor Electric Delivery Company LLC,44372,TX,138, , ,Y,,,,,,X,X,63289,Key Capture Energy,TX10 Hummingbird Storage,TX,Denton,TX10,Batteries,BA,,S,X,X,,,100.0, ,100,100, ,N, , ,OP,X,10,2024, , ,N,IPP Non-CHP,2,X,MWH,,,,,,,,,,N,N, ,10M,,,,,,,, , , , , , , , ,,, , , ,, , ,N,,
63289,Key Capture Energy,65694,TX11 Republic Road Storage,12682 Zane Wallace Rd,Hearne,TX,77859,Robertson,30.881424,-96.62542,TRE,ERCO,"Electric Reliability Council of Texas, Inc.",,22,NR,2,IPP Non-CHP,N,,N,,Y,EG21-41-000,,,,Brazos Electric Power Coop Inc,2172,,138, , ,Y,,,,,,,,63289,Key Capture Energy,TX11 Republic Road Storage,TX,Robertson,TX11,Batteries,BA,,S,X,X,,,50.0, ,50,50, ,N, , ,OP,X,10,2022, , ,N,IPP Non-CHP,2,X,MWH,,,,,,,,,,,, ,10M,,,,,,,, , , , , , , , ,,, , , ,, , ,,,
63289,Key Capture Energy,65695,TX12 Silicon Hill Storage,16253 Cameron Rd,Pflugerville,TX,78660,Travis,30.41217,-97.57405,TRE,ERCO,"Electric Reliability Council of Texas, Inc.",,22,NR,2,IPP Non-CHP,N,,N,,Y,EG21-42-000,,,,Lower Colorado River Authority,11269,,138, , ,Y,,,,,,,,63289,Key Capture Energy,TX12 Silicon Hill Storage,TX,Travis,TX12,Batteries,BA,,S,X,X,,,100.0, ,100,100, ,N, , ,OP,X,10,2022, , ,N,IPP Non-CHP,2,X,MWH,,,,,,,,,,,, ,10M,,,,,,,, , , , , , , , ,,, , , ,, , ,,,
63289,Key Capture Energy,65696,TX13 Endurance Park Storage,5875 CR 2128,Snyder,TX,79549,Scurry,32.85583,-100.991681,TRE,ERCO,"Electric Reliability Council of Texas, Inc.",,22,NR,2,IPP Non-CHP,N,,N,,Y,EG22-189-000,,,,Oncor Electric Delivery Company LLC,44372,TX,138, , ,Y,,,,,,,,63289,Key Capture Energy,TX13 Endurance Park Storage,TX,Scurry,TX13,Batteries,BA,,S,X,X,,,50.0, ,50,50, ,N, , ,OP,X,12,2022, , ,N,IPP Non-CHP,2,X,MWH,,,,,,,,,,,, ,10M,,,,,,,, , , , , , , , ,,, , , ,, , ,,,
63289,Key Capture Energy,65698,TX15 Limousin Oak Storage,4600 CR 178,Bedias,TX,77831,Grimes,30.65991,-95.973798,TRE,ERCO,"Electric Reliability Council of Texas, Inc.",,22,NR,2,IPP Non-CHP,N,,N,,Y,pending,,,,CenterPoint Energy,8901,TX,138, , ,Y,,,,,,X,X,63289,Key Capture Energy,TX15 Limousin Oak Storage,TX,Grimes,TX15,Batteries,BA,,S,X,X,,,100.0, ,100,100, ,N, , ,OP,X,8,2024, , ,,IPP Non-CHP,2,,MWH,,,,,,,,,,N,N, ,10M,,,,,,,, , , , , , , , ,,, , , ,, , ,N,,
63289,Key Capture Energy,65699,TX19 River Valley Storage 1,3565 County Rd 460,Elgin,TX,78621,Williamson,30.41477,-97.35701,TRE,ERCO,"Electric Reliability Council of Texas, Inc.",,22,NR,2,IPP Non-CHP,N,,N,,Y,EG22-190-000,,,,Oncor Electric Delivery Company LLC,44372,TX,138, , ,Y,,,,,,,,63289,Key Capture Energy,TX19 River Valley Storage 1,TX,Williamson,TX19,Batteries,BA,,S,X,X,,,50.0, ,50,50, ,N, , ,OP,X,7,2023, , ,N,IPP Non-CHP,2,X,MWH,,,,,,,,,,,, ,10M,,,,,,,, , , , , , , , ,,, , , ,, , ,,,
63289,Key Capture Energy,65700,TX21 River Valley Storage 2,3565 County Rd 460,Elgin,TX,78621,Williamson,30.41432,-97.35518,TRE,ERCO,"Electric Reliability Council of Texas, Inc.",,22,NR,2,IPP Non-CHP,N,,N,,Y,EG22-191-000,,,,Oncor Electric Delivery Company LLC,44372,TX,138, , ,Y,,,,,,,,63289,Key Capture Energy,TX21 River Valley Storage 2,TX,Williamson,TX21,Batteries,BA,,S,X,X,,,50.0, ,50,50, ,N, , ,OP,X,7,2023, , ,N,IPP Non-CHP,2,X,MWH,,,,,,,,,,,, ,10M,,,,,,,, , , , , , , , ,,, , , ,, , ,,,
63289,Key Capture Energy,65701,TX23 Roughneck Storage,1153 N. Columbia Dr,West Columbia,TX,77486,Brazoria,29.15923,-95.6626,TRE,ERCO,"Electric Reliability Council of Texas, Inc.",,22,NR,2,IPP Non-CHP,N,,N,,Y,EG21-62-000,,,,CenterPoint Energy,8901,TX,138, , ,Y,,,,,,,,63289,Key Capture Energy,TX23 Roughneck Storage,TX,Brazoria,TX23,Batteries,BA,,S,X,X,,,50.0, ,50,50, ,N, , ,OP,X,12,2022, , ,N,IPP Non-CHP,2,X,MWH,,,,,,,,,,,, ,10M,,,,,,,, , , , , , , , ,,, , , ,, , ,,,
65014,"Waco Solar, LLC",65762,Waco Solar,"125 LCR 132,",Mt Calm,TX,76673,Limestone,31.710422,-96.818676,TRE,ERCO,"Electric Reliability Council of Texas, Inc.",,22,NR,2,IPP Non-CHP,N,,N,,N,,N,X,,Lone Star Transmission, ,TX,345, , ,N,,,,,,N,X,65014,"Waco Solar, LLC",Waco Solar,TX,Limestone,SWACO,Solar Photovoltaic,PV,,S,X,X,,,400.0, ,400,400, ,N, , ,OP,X,3,2024, , ,N,IPP Non-CHP,2,X,SUN,,,,,,,,,,,,0,,,,,,,,, , , , , , , , ,,, , , ,, , ,,,
65013,"Young Wind, LLC",65763,Young Wind,7989 FM 578,Graham,TX,76450,Young,33.119213,-98.852577,TRE,ERCO,"Electric Reliability Council of Texas, Inc.",,22,NR,2,IPP Non-CHP,N,,N,,N,,,,,Oncor Electric Delivery Company LLC,44372,TX,345, , ,N,,,,,,,,65013,"Young Wind, LLC",Young Wind,TX,Young,WYOUN,Onshore Wind Turbine,WT,,S,X,X,,,500.0, ,500,500,0,N, , ,OP,X,12,2022, , ,N,IPP Non-CHP,2,X,WND,,,,,,,,,,,,177,,,,,,,,, , , , , , , , ,,, , , ,, , ,,,
65044,"Castle Gap Wind Power, LLC",65790,Castle Gap Wind,1435 FM 572 E,Goldthwaite,TX,76844,Mills,31.39376,-98.35936,TRE,ERCO,"Electric Reliability Council of Texas, Inc.",,22,NR,2,IPP Non-CHP,N,,N,,Y,"EG22-87-000, EG22-88-000, EG22-89-000",N,,,Oncor Electric Delivery Company LLC,44372,TX,345, , ,N,,,,,,X,X,65044,"Castle Gap Wind Power, LLC",Castle Gap Wind,TX,Mills,CGWIN,Onshore Wind Turbine,WT,,S,X,X,AGUAYO_UNIT1,AGUAYO_UNIT1,196.8, ,196.8,196.8,0.1,N, , ,OP,X,10,2023, , ,N,IPP Non-CHP,2,X,WND,,,,,,,,,,,,41,,,,,,,,, , , , , , , , ,,, , , ,, , ,N,,
65055,"Concho Valley Solar, LLC",65793,"Concho Valley Solar, LLC",467 W Ratliff Dr,San Angelo,TX,76904,Tom Green,31.214,-100.255,TRE,ERCO,"Electric Reliability Council of Texas, Inc.",,22,NR,2,IPP Non-CHP,N,,N,,N,,,,,AEP Texas North Company,20404,TX,138, , ,N,,,,,,,,65055,"Concho Valley Solar, LLC","Concho Valley Solar, LLC",TX,Tom Green,CVS,Solar Photovoltaic,PV,,W,X,X,,,172.8, ,159.8,159.8, ,N, , ,OP,X,5,2023, , ,N,IPP Non-CHP,2,X,SUN,,,,,,,,,,,, ,,,,,,,,, , , , , , , , ,,, , , ,, , ,,,
65076,"HEN Infrastructure, L.L.C.",65809,Caterina,2495 FM 2688,Carrizo Springs,TX,78834,Dimmit,28.34705,-99.673703,TRE,ERCO,"Electric Reliability Council of Texas, Inc.",,22,NR,2,IPP Non-CHP,N,,N,,Y,EG22-209-000,N,,,AEP Texas Central Company,3278,TX,12.47, , ,Y,,,,,,N,N,65076,"HEN Infrastructure, L.L.C.",Caterina,TX,Dimmit,CATER,Batteries,BA,,J,X,X,,,9.9, ,9.9,9.9,0,N, , ,OP,X,8,2022, , ,N,IPP Non-CHP,2,X,MWH,,,,,,,,,,N,N, ,10M,,,,,,,, , , , , , , , ,,, , , ,, , ,N,N,N
65076,"HEN Infrastructure, L.L.C.",65810,Cedarville (TX),3125 FM 516 North,Pecos,TX,79772,Reeves,31.514106,-103.452361,TRE,ERCO,"Electric Reliability Council of Texas, Inc.",,22,NR,2,IPP Non-CHP,N,,N,,Y,EG22-209-000,,,,Texas-New Mexico Power Co,40051,TX,12.47, , ,Y,,,,,,N,N,65076,"HEN Infrastructure, L.L.C.",Cedarville (TX),TX,Reeves,CDRVL,Batteries,BA,,J,X,X,,,9.9, ,9.9,9.9, ,N, , ,OP,X,6,2022, , ,N,IPP Non-CHP,2,X,MWH,,,,,,,,,,N,N, ,10M,,,,N,,,, , , , , , , , ,,, , , ,, , ,N,N,N
65076,"HEN Infrastructure, L.L.C.",65811,Coyote Springs (TX),814 CR 411,Pecos,TX,79772,Reeves,31.39471,-103.630336,TRE,ERCO,"Electric Reliability Council of Texas, Inc.",,22,NR,2,IPP Non-CHP,N,,N,,Y,EG22-209-000,N,,,Texas-New Mexico Power Co,40051,TX,12.47, , ,Y,,,,,,N,N,65076,"HEN Infrastructure, L.L.C.",Coyote Springs (TX),TX,Reeves,CYTSP,Batteries,BA,,J,X,X,,,9.9, ,9.9,9.9, ,N, , ,OP,X,6,2022, , ,N,IPP Non-CHP,2,X,MWH,,,,,,,,,,N,N, ,10M,,,,,,,, , , , , , , , ,,, , , ,, , ,N,N,N
65076,"HEN Infrastructure, L.L.C.",65812,Farmersville (TX),TBD,Farmersville,TX,75442,Collin,33.16111,-96.409125,TRE,ERCO,"Electric Reliability Council of Texas, Inc.",,22,NR,2,IPP Non-CHP,N,,N,,Y,EG22-209-000,N,,,Texas-New Mexico Power Co,40051,TX,22, , ,Y,,,,,,N,N,65076,"HEN Infrastructure, L.L.C.",Farmersville (TX),TX,Collin,FRMVL,Batteries,BA,,J,X,X,,,9.9, ,9.9,9.9, ,N, , ,OP,X,4,2024, , ,N,IPP Non-CHP,2,X,MWH,,,,,,,,,,,, ,10M,,,,,,,, , , , , , , , ,,, , , ,, , ,N,,
65076,"HEN Infrastructure, L.L.C.",65813,Faulkner,2003 CR214,Toyah,TX,79780,Reeves,31.262381,-103.794852,TRE,ERCO,"Electric Reliability Council of Texas, Inc.",,22,NR,2,IPP Non-CHP,N,,N,,Y,EG22-209-000,N,,,Texas-New Mexico Power Co,40051,TX,24.94, , ,Y,,,,,,N,N,65076,"HEN Infrastructure, L.L.C.",Faulkner,TX,Reeves,FAULK,Batteries,BA,,J,X,X,,,9.9, ,9.9,9.9, ,N, , ,OP,X,4,2022, , ,N,IPP Non-CHP,2,X,MWH,,,,,,,,,,N,N, ,10M,,,,,,,, , , , , , , , ,,, , , ,, , ,,,
65076,"HEN Infrastructure, L.L.C.",65814,Gomez,4707 Private Road 1098,Pecos,TX,79772,Pecos,31.036537,-103.024156,TRE,ERCO,"Electric Reliability Council of Texas, Inc.",,22,NR,2,IPP Non-CHP,N,,N,,Y,EG22-209-000,N,,,Texas-New Mexico Power Co,40051,TX,24.9, , ,Y,,,,,,N,N,65076,"HEN Infrastructure, L.L.C.",Gomez,TX,Pecos,GOMEZ,Batteries,BA,,J,X,X,,,9.9, ,9.9,9.9, ,N, , ,OP,X,5,2023, , ,N,IPP Non-CHP,2,X,MWH,,,,,,,,,,N,N, ,10M,,,,,,,, , , , , , , , ,,, , , ,, , ,N,,
65076,"HEN Infrastructure, L.L.C.",65829,Holcomb (TX),916 French St.,Encinal,TX,79780,La Salle,28.03534,-99.361732,TRE,ERCO,"Electric Reliability Council of Texas, Inc.",,22,NR,2,IPP Non-CHP,N,,N,,Y,EG22-209-000,N,,,AEP Texas Central Company,3278,TX,12.47, , ,Y,,,,,,N,N,65076,"HEN Infrastructure, L.L.C.",Holcomb (TX),TX,La Salle,HOLCO,Batteries,BA,,J,X,X,,,9.9, ,9.9,9.9, ,N, , ,OP,X,1,2023, , ,N,IPP Non-CHP,2,X,MWH,,,,,,,,,,N,N, ,10M,,,,,,,, , , , , , , , ,,, , , ,, , ,,,
65076,"HEN Infrastructure, L.L.C.",65830,Junction (TX),210 Substation Ln.,Junction,TX,76848,Kimble,30.492453,-99.770197,TRE,ERCO,"Electric Reliability Council of Texas, Inc.",,22,NR,2,IPP Non-CHP,N,,N,,Y,EG22-209-000,N,,,AEP Texas Central Company,3278,TX,12.47, , ,Y,,,,,,N,N,65076,"HEN Infrastructure, L.L.C.",Junction (TX),TX,Kimble,JUNCT,Batteries,BA,,J,X,X,,,9.9, ,9.9,9.9, ,N, , ,OP,X,10,2023, , ,N,IPP Non-CHP,2,X,MWH,,,,,,,,,,N,N, ,10M,,,,,,,, , , , , , , , ,,, , , ,, , ,,,
65076,"HEN Infrastructure, L.L.C.",65831,Lonestar,4899 FM 2355,Pyote,TX,79777,Ward,31.594864,-103.249847,TRE,ERCO,"Electric Reliability Council of Texas, Inc.",,22,NR,2,IPP Non-CHP,N,,N,,Y,EG22-209-000,N,,,Texas-New Mexico Power Co,40051,TX,24.94, , ,Y,,,,,,N,N,65076,"HEN Infrastructure, L.L.C.",Lonestar,TX,Ward,LNSTR,Batteries,BA,,J,X,X,,,9.9, ,9.9,9.9, ,N, , ,OP,X,8,2022, , ,N,IPP Non-CHP,2,X,MWH,,,,,,,,,,N,N, ,10M,,,,,,,, , , , , , , , ,,, , , ,, , ,,,
65076,"HEN Infrastructure, L.L.C.",65832,Olney,923 State HWY 114 E.,Olney,TX,76374,Young,33.371086,-98.720465,TRE,ERCO,"Electric Reliability Council of Texas, Inc.",,22,NR,2,IPP Non-CHP,N,,N,,Y,EG22-209-000,N,,,Texas-New Mexico Power Co,40051,TX,12.47, , ,Y,,,,,,N,N,65076,"HEN Infrastructure, L.L.C.",Olney,TX,Young,OLNEY,Batteries,BA,,J,X,X,,,9.9, ,9.9,9.9, ,N, , ,OP,X,5,2023, , ,N,IPP Non-CHP,2,X,MWH,,,,,,,,,,N,N, ,10M,,,,,,,, , , , , , , , ,,, , , ,, , ,,,
65076,"HEN Infrastructure, L.L.C.",65833,Rattlesnake (TX),686 CR 128,Pyote,TX,79777,Ward,31.568978,-103.226631,TRE,ERCO,"Electric Reliability Council of Texas, Inc.",,22,NR,2,IPP Non-CHP,N,,N,,Y,EG22-209-000,N,,,Texas-New Mexico Power Co,40051,TX,24.94, , ,Y,,,,,,N,N,65076,"HEN Infrastructure, L.L.C.",Rattlesnake (TX),TX,Ward,RTLSK,Batteries,BA,,J,X,X,,,9.9, ,9.9,9.9, ,N, , ,OP,X,6,2022, , ,N,IPP Non-CHP,2,X,MWH,,,,,,,,,,N,N, ,10M,,,,,,,, , , , , , , , ,,, , , ,, , ,,,
65076,"HEN Infrastructure, L.L.C.",65834,Saddleback,482 CR 118,Pecos,TX,79772,Reeves,31.332883,-103.498425,TRE,ERCO,"Electric Reliability Council of Texas, Inc.",,22,NR,2,IPP Non-CHP,N,,N,,Y,EG22-209-000,N,,,Texas-New Mexico Power Co,40051,TX,12.47, , ,Y,,,,,,N,N,65076,"HEN Infrastructure, L.L.C.",Saddleback,TX,Reeves,SDLBK,Batteries,BA,,J,X,X,,,9.9, ,9.9,9.9, ,N, , ,OP,X,4,2022, , ,N,IPP Non-CHP,2,X,MWH,,,,,,,,,,N,N, ,10M,,,,,,,, , , , , , , , ,,, , , ,, , ,,,
65076,"HEN Infrastructure, L.L.C.",65835,Screwbean,1647 FM 652,Van Horn,TX,79770,Culberson,31.821423,-104.045071,TRE,ERCO,"Electric Reliability Council of Texas, Inc.",,22,NR,2,IPP Non-CHP,N,,N,,Y,EG22-209-000,N,,,Oncor Electric Delivery Company LLC,44372,TX,21, , ,Y,,,,,,N,N,65076,"HEN Infrastructure, L.L.C.",Screwbean,TX,Culberson,SCRWB,Batteries,BA,,J,X,X,,,9.9, ,9.9,9.9, ,N, , ,OP,X,1,2023, , ,N,IPP Non-CHP,2,X,MWH,,,,,,,,,,N,N, ,10M,,,,,,,, , , , , , , , ,,, , , ,, , ,,,
65076,"HEN Infrastructure, L.L.C.",65836,Toyah Power Station,394 Ranch Rd. 3334,Saragosa,TX,79780,Reeves,31.113909,-103.66551,TRE,ERCO,"Electric Reliability Council of Texas, Inc.",,22,NR,2,IPP Non-CHP,N,,N,,Y,EG22-209-000,N,,,AEP Texas Central Company,3278,TX,12.47, , ,Y,,,,,,N,N,65076,"HEN Infrastructure, L.L.C.",Toyah Power Station,TX,Reeves,TOYAH,Batteries,BA,,J,X,X,,,10.4, ,9.9,9.9, ,N, , ,OP,X,10,2021, , ,N,IPP Non-CHP,2,X,MWH,,,,,,,,,,N,N, ,10M,,,,,,,, , , , , , , , ,,, , , ,, , ,,,
65076,"HEN Infrastructure, L.L.C.",65837,Val Verde,TBD,Donna,TX,78537,Hidalgo,26.234145,-98.079848,TRE,ERCO,"Electric Reliability Council of Texas, Inc.",,22,NR,2,IPP Non-CHP,N,,N,,Y,EG22-209-000,N,,,"South Texas Electric Coop, Inc",17583,TX,12.47, , ,Y,,,,,,N,N,65076,"HEN Infrastructure, L.L.C.",Val Verde,TX,Hidalgo,VALVR,Batteries,BA,,J,X,X,,,9.9, ,9.9,9.9, ,N, , ,OP,X,1,2024, , ,N,IPP Non-CHP,2,X,MWH,,,,,,,,,,,N, ,10M,,,,,,,, , , , , , , , ,,, , , ,, , ,N,,
65099,"Porter Solar, LLC",65937,"Porter Solar, LLC (TX)",13833 Stice Road,Krum,TX,76249,Denton,33.310446,-97.369773,TRE,ERCO,"Electric Reliability Council of Texas, Inc.",,22,NR,2,IPP Non-CHP,N,,N,,N,,,,,Oncor Electric Delivery Company LLC,44372,TX,345, , ,N,,,,,,,,65099,"Porter Solar, LLC","Porter Solar, LLC (TX)",TX,Denton,PORTR,Solar Photovoltaic,PV,,S,X,X,PORTSL_UNIT1,PORTSL_UNIT1,245.0, ,245,245, ,N, , ,OP,X,10,2024, , ,N,IPP Non-CHP,2,X,SUN,,,,,,,,,,,, ,,,,,,,,, , , , , , , , ,,, , , ,, , ,,,
65117,Hecate Energy Upshur Rural LLC,65946,Hecate Energy Upshur Rural LLC,15417 State Hwy 155 N,Ore City,TX,75683,Upshur,32.843248,-94.731924,TRE,SWPP,Southwest Power Pool,,22,NR,2,IPP Non-CHP,N,,N,,N,,,,,Upshur Rural Elec Coop Corp,19579,TX,12.47,24.9, ,N,,,,,,,,65117,Hecate Energy Upshur Rural LLC,Hecate Energy Upshur Rural LLC,TX,Upshur,SOLAR,Solar Photovoltaic,PV,,S,X,X,,,3.0, ,3,3, ,N, , ,OP,X,7,2022, , ,N,IPP Non-CHP,2,X,SUN,,,,,,,,,,,, ,,,,,,,,, , , , , , , , ,,, , , ,, , ,,,
65123,"Tres Bahias Solar Power, LLC",65947,Tres Bahias,2574 FM 2143,Port Lavaca,TX,77979,Calhoun,28.68851,-96.509833,TRE,ERCO,"Electric Reliability Council of Texas, Inc.",,22,NR,2,IPP Non-CHP,N,,N,,Y,EG22-115-000,,,,AEP Texas Central Company,3278,TX,138, , ,N,,,,,,N,N,65123,"Tres Bahias Solar Power, LLC",Tres Bahias,TX,Calhoun,TB,Solar Photovoltaic,PV,,S,X,X,TREB_SOLAR1,TREB_SOLAR1,196.3,1,196.3,196.3,0.1,N, , ,OP,X,5,2024, , ,,IPP Non-CHP,2,,SUN,,,,,,,,,,,, ,,,,,,,,, , , , , , , , ,,, , , ,, , ,,,
55937,Entergy Texas Inc.,6595,Toledo Bend,209 Private Road 6055,Burkville,TX,75932,Newton,31.173484,-93.565877,SERC,MISO,"Midcontinent Independent Transmission System Operator, Inc..",Toledo Bend Reservoir,22,RE,1,Electric Utility,N,,N,,N,,,X,,Entergy Texas Inc.,55937,TX,138, , ,N,,,,,,,,55937,Entergy Texas Inc.,Toledo Bend,TX,Newton,1,Conventional Hydroelectric,HY,,J,X,X,EES.TOL_BEND1,,40.5,0.95,40,40,32,N, , ,OP,X,2,1969, , ,N,Electric Utility,1,X,WAT,,,,,,,,,,N,, ,10M,,,,,,,, , , , , , , , ,,, , , ,, , ,N,,
62842,"Lightsource Renewable Energy Asset Management, LLC",65975,Starr Solar Ranch,424 Loma Blanca Road,Roma,TX,78584,Starr,26.523359,-99.017108,TRE,ERCO,"Electric Reliability Council of Texas, Inc.",,22,NR,2,IPP Non-CHP,N,,N,,Y,23-70-000,,,,AEP Texas Central Company,3278,TX,138, , ,Y,,,,,,X,X,62842,"Lightsource Renewable Energy Asset Management, LLC",Starr Solar Ranch,TX,Starr,TXST1,Solar Photovoltaic,PV,,W,X,X,,,136.0,0.95,136,136, ,N, , ,OP,X,11,2024, , ,,IPP Non-CHP,2,,SUN,,,,,,,,,,,, ,,,,,,,,, , , , , , , , ,,, , , ,, , ,,,
62842,"Lightsource Renewable Energy Asset Management, LLC",65981,Second Division Solar,2745 CR 5,West Columbia,TX,77486,Brazoria,29.170545,-95.741574,TRE,ERCO,"Electric Reliability Council of Texas, Inc.",,22,NR,2,IPP Non-CHP,N,,N,,Y,23-69-000,,,,CenterPoint Energy,8901,TX,138, , ,Y,,,,,,X,X,62842,"Lightsource Renewable Energy Asset Management, LLC",Second Division Solar,TX,Brazoria,TXSD1,Solar Photovoltaic,PV,,W,X,X,,,100.0, ,100,100, ,N, , ,OP,X,11,2024, , ,,IPP Non-CHP,2,,SUN,,,,,,,,,,,, ,,,,,,,,, , , , , , , , ,,, , , ,, , ,,,
15399,Avangrid Power LLC,65998,"True North Solar, LLC",TBD,Otto,TX,76664,Falls,31.468564,-96.794168,TRE,ERCO,"Electric Reliability Council of Texas, Inc.",,22,NR,2,IPP Non-CHP,N,,N,,N,,,,,Oncor Electric Delivery Company LLC,44372,TX,345, , ,N,,,,,,,,15399,Avangrid Power LLC,"True North Solar, LLC",TX,Falls,TNS1,Solar Photovoltaic,PV,,S,X,X,,,238.8,0.95,240,240, ,N, , ,OP,X,12,2024, , ,N,IPP Non-CHP,2,X,SUN,,,,,,,,,,,, ,,,,,,,,, , , , , , , , ,,, , , ,, , ,,,
65181,House Mountain,66006,House Mountain,88977 US Highway 67,Alpine,TX,79830,Brewster,30.495668,-103.450965,TRE,ERCO,"Electric Reliability Council of Texas, Inc.",,22,NR,2,IPP Non-CHP,N,,N,,N,,,,,AEP Texas Central Company,3278,TX,69, , ,Y,,,,,,X,X,65181,House Mountain,House Mountain,TX,Brewster,BA,Batteries,BA,,S,X,X,,,73.2,1,63,63, ,N, , ,OP,X,1,2024, , ,N,IPP Non-CHP,2,X,MWH,,,,,,,,,,,N, ,10M,,,,,,,, , , , , , , , ,,, , , ,, , ,N,N,
65182,Flower Valley II,66007,Flower Valley II,1739 FM 2007,Pecos,TX,79772,Reeves,31.197285,-103.361771,TRE,ERCO,"Electric Reliability Council of Texas, Inc.",,22,NR,2,IPP Non-CHP,N,,N,,Y,EG22-32-000,N,,,Texas-New Mexico Power Co,40051,TX,138, , ,Y,,,,,,X,X,65182,Flower Valley II,Flower Valley II,TX,Reeves,BA,Batteries,BA,,S,X,X,,,101.0,1,101,101,0,N, , ,OP,X,4,2022, , ,N,IPP Non-CHP,2,X,MWH,,,,,,,,,,,, ,10M,,,,,,,, , , , , , , , ,,, , , ,, , ,N,,
65183,Swoose II,66008,Swoose II,3046 FM 1927,Pyote,TX,79777,Ward,31.45115,-103.361771,TRE,ERCO,"Electric Reliability Council of Texas, Inc.",,22,NR,2,IPP Non-CHP,N,,N,,Y,EG22-44-000,N,,,Texas-New Mexico Power Co,40051,TX,138, , ,Y,,,,,,X,X,65183,Swoose II,Swoose II,TX,Ward,BA,Batteries,BA,,S,X,X,,,101.0,1,101,101,0,N, , ,OP,X,8,2022, , ,N,IPP Non-CHP,2,X,MWH,,,,,,,,,,N,N, ,10M,,,,,,,, , , , , , , , ,,, , , ,, , ,N,,
65184,Crossett Power Management LLC,66009,Crossett Power Management LLC,7597 Soda Lake Rd,Crane,TX,79731,Crane,31.191687,-102.317227,TRE,ERCO,"Electric Reliability Council of Texas, Inc.",,22,NR,2,IPP Non-CHP,N,,N,,Y,14406,N,,,Lower Colorado River Authority,11269,,138, , ,Y,,,,,,X,X,65184,Crossett Power Management LLC,Crossett Power Management LLC,TX,Crane,BA,Batteries,BA,,S,X,X,,,203.0,1,203,203,0,N, , ,OP,X,6,2022, , ,N,IPP Non-CHP,2,X,MWH,,,,,,,,,,N,N, ,10M,,,,,,,, , , , , , , , ,,, , , ,, , ,N,,
65221,"Brazoria County Solar Project, LLC",66046,Brazoria County Solar Project (Danciger),2338 CR 772,Damon,TX,77430,Brazoria,29.1779,-95.7612,TRE,ERCO,"Electric Reliability Council of Texas, Inc.",,22,NR,2,IPP Non-CHP,N,,N,,Y,22-86-000,,,,CenterPoint Energy,8901,TX,138, , ,N,,,,,,,,65221,"Brazoria County Solar Project, LLC",Brazoria County Solar Project (Danciger),TX,Brazoria,BRZ01,Solar Photovoltaic,PV,,S,X,X,DAG_ALL,DAG_ALL,200.0, ,200,200, ,N, , ,OP,X,7,2022, , ,N,IPP Non-CHP,2,X,SUN,,,,,,,,,,N,N, ,,,,,,,,, , , , , , , , ,,, , , ,, , ,N,,
61060,Cypress Creek Renewables,66137,Zier Solar,6349 W US Hwy 90,Brackettville,TX,78832,Kinney,29.350992,-100.562028,TRE,ERCO,"Electric Reliability Council of Texas, Inc.",,22,NR,2,IPP Non-CHP,N,,N,,N,,,,,Lower Colorado River Authority,11269,,138, , ,Y,,,,,,,,61060,Cypress Creek Renewables,Zier Solar,TX,Kinney,11023,Batteries,BA,,S,X,X,,,40.4, ,40.4,40.4, ,N, , ,OP,X,4,2024, , ,N,IPP Non-CHP,2,X,MWH,,,,,,,,,,,, ,,,,,,,,, , , , , , , , ,,, , , ,, , ,,,
57416,"Acciona Energy USA Global, LLC",66157,Red Tailed Hawk Solar LLC,6600 CR 421 RD,Pierce,TX,77467,Wharton,29.159228,-96.141572,TRE,ERCO,"Electric Reliability Council of Texas, Inc.",,22,NR,2,IPP Non-CHP,N,,N,,N,,,,,CenterPoint Energy,8901,TX,345, , ,N,,,,,,X,X,57416,"Acciona Energy USA Global, LLC",Red Tailed Hawk Solar LLC,TX,Wharton,GEN1,Solar Photovoltaic,PV,,S,X,X,,,350.0,0.95,350,350, ,N, , ,OP,X,9,2024, , ,N,IPP Non-CHP,2,X,SUN,,,,,,,,,,,, ,,,,,,,,, , , , , , , , ,,, , , ,, , ,N,,
65313,"Crane 2 BESS, LLC",66170,Revolution,5897 US Highway 385 S,McCamey,TX,79752,Crane,31.233457,-102.308519,TRE,ERCO,"Electric Reliability Council of Texas, Inc.",,22,NR,2,IPP Non-CHP,N,,N,,N,,,,,Lower Colorado River Authority,11269,,138, , ,Y,,,,,,,,65313,"Crane 2 BESS, LLC",Revolution,TX,Crane,1,Batteries,BA,,S,X,X,,,150.0, ,150,150, ,N, , ,OP,X,12,2023, , ,N,IPP Non-CHP,2,X,MWH,,,,,,,,,,,, ,1H,,,,,,,, , , , , , , , ,,, , , ,, , ,,,
65361,Cutlass II Solar LLC,66262,Cutlass Solar II,Intersection of Boothline Rd a,Richmond,TX,77469,Fort Bend,29.39,-95.78,TRE,ERCO,"Electric Reliability Council of Texas, Inc.",Wells,22,NR,2,IPP Non-CHP,N,,N,,Y,pending,,,,CenterPoint Energy,8901,TX,345, , ,N,,,,,,,,65361,Cutlass II Solar LLC,Cutlass Solar II,TX,Fort Bend,SAREN,Solar Photovoltaic,PV,,S,X,X,,,202.8,0.93,200,200, ,N, , ,OP,X,7,2024, , ,,IPP Non-CHP,2,,SUN,,,,,,,,,,,, ,,,,,,,,, , , , , , , , ,,, , , ,, , ,,,
65370,"Cutlass Solar 1, LLC",66310,Cutlass Solar 1 LLC,12907 FM 361 Road,Richmond,TX,77469,Fort Bend,29.409669,-95.73405,TRE,ERCO,"Electric Reliability Council of Texas, Inc.",,22,NR,2,IPP Non-CHP,N,,N,,N,,,,,CenterPoint Energy,8901,TX,345, , ,N,,,,,,,,65370,"Cutlass Solar 1, LLC",Cutlass Solar 1 LLC,TX,Fort Bend,CT1PV,Solar Photovoltaic,PV,,J,X,X,,,110.9,0.95,110.9,110.9, ,N, , ,OP,X,12,2022, , ,N,IPP Non-CHP,2,X,SUN,,,,,,,,,,N,N,0,,,,,,,,, , , , , , , , ,,, , , ,, , ,,,
65408,"King Creek Wind Farm 1, LLC",66321,"King Creek Wind Farm 1, LLC",8059 HWY 380 West,Throckmorton,TX,76483,Haskell,33.268,-99.468,TRE,ERCO,"Electric Reliability Council of Texas, Inc.",,22,NR,2,IPP Non-CHP,N,,N,,Y,EG22-12-000,,,,AEP Texas Central Company,3278,TX,345, , ,N,,,,,,,,65408,"King Creek Wind Farm 1, LLC","King Creek Wind Farm 1, LLC",TX,Haskell,KC1,Onshore Wind Turbine,WT,,S,X,X,,,184.0, ,184,184,0,N, , ,OP,X,4,2022, , ,N,IPP Non-CHP,2,X,WND,,,,,,,,,,,,47,,,,,,,,, , , , , , , , ,,, , , ,, , ,,,
65409,"King Creek Wind Farm 2, LLC",66323,"King Creek Wind Farm 2, LLC",8059 HWY 380 West,Throckmorton,TX,76483,Throckmorton,33.182414,-99.389888,TRE,ERCO,"Electric Reliability Council of Texas, Inc.",,22,NR,2,IPP Non-CHP,N,,N,,Y,EG22-13-000,,,,AEP Texas Central Company,3278,TX,345, , ,N,,,,,,,,65409,"King Creek Wind Farm 2, LLC","King Creek Wind Farm 2, LLC",TX,Throckmorton,KC2,Onshore Wind Turbine,WT,,S,X,X,,,209.0, ,209,209,0,N, , ,OP,X,4,2022, , ,N,IPP Non-CHP,2,X,WND,,,,,,,,,,,,49,,,,,,,,, , , , , , , , ,,, , , ,, , ,,,
65412,BPL Files Solar LLC,66324,BPL Files Solar,342 Hill County Road 4434,Itasca,TX,76055,Hill,32.18398,-97.07141,TRE,ERCO,"Electric Reliability Council of Texas, Inc.",,22,NR,2,IPP Non-CHP,N,,N,,N,,N,,,Oncor Electric Delivery Company LLC,44372,TX,345, , ,N,,,,,,X,X,65412,BPL Files Solar LLC,BPL Files Solar,TX,Hill,FILES,Solar Photovoltaic,PV,,S,X,X,,,157.5, ,145,145, ,N, , ,OP,X,8,2023, , ,N,IPP Non-CHP,2,X,SUN,,,,,,,,,,,, ,,,,,,,,, , , , , , , , ,,, , , ,, , ,,,
65426,St. Gall Energy Storage I,66336,St. Gall Energy Storage I,2007 North US HWY 285,Ft. Stockton,TX,79735,Pecos,30.924381,-102.953583,TRE,ERCO,"Electric Reliability Council of Texas, Inc.",,22,NR,2,IPP Non-CHP,N,,N,,N,,,,,Texas-New Mexico Power Co,40051,TX,138, , ,Y,,,,,,,,65426,St. Gall Energy Storage I,St. Gall Energy Storage I,TX,Pecos,SGES1,Batteries,BA,,S,X,X,,,102.6,1,100,100, ,N, , ,OP,X,3,2024, , ,N,IPP Non-CHP,2,X,MWH,,,,,,,,,,N,N, ,,,,,,,,, , , , , , , , ,,, , , ,, , ,N,,
65428,Callisto I Energy Center,66338,Callisto I Energy Center,12100 Hiram Clarke Rd,Houston,TX,77045,Harris,29.646811,-95.450539,TRE,ERCO,"Electric Reliability Council of Texas, Inc.",,22,NR,2,IPP Non-CHP,N,,N,,N,,,,,CenterPoint Energy,8901,TX,138, , ,Y,,,,,,,,65428,Callisto I Energy Center,Callisto I Energy Center,TX,Harris,CALL1,Batteries,BA,,S,X,X,,,223.4, ,200,200, ,N, , ,OP,X,8,2024, , ,N,IPP Non-CHP,2,X,MWH,,,,,,,,,,N,N, ,,,,,,,,, , , , , , , , ,,, , , ,, , ,N,,
65451,Grizzly Ridge Solar LLC,66410,Grizzly Ridge Solar,3026 County Road 606,Hamilton County,TX,76351,Hamilton,31.738177,-98.213739,TRE,ERCO,"Electric Reliability Council of Texas, Inc.",,22,NR,2,IPP Non-CHP,N,,N,,N,,,,,Brazos Electric Power Coop Inc,2172,,69, , ,Y,,,,,,N,,65451,Grizzly Ridge Solar LLC,Grizzly Ridge Solar,TX,Hamilton,375,Solar Photovoltaic,PV,,S,X,X,,,100.0,0.85,100,100, ,N, , ,OP,X,10,2023, , ,N,IPP Non-CHP,2,X,SUN,,,,,,,,,,,, ,,,,,,,,, , , , , , , , ,,, , , ,, , ,,,
65502,"Five Wells Solar Center, LLC",66420,Five Wells Solar Center - Hybrid,10430 Wedel Cemetery Rd.,Rogers,TX,76569,Bell,30.998647,-97.259017,TRE,ERCO,"Electric Reliability Council of Texas, Inc.",,22,NR,2,IPP Non-CHP,N,,N,,Y,EG23-273,,,,Oncor Electric Delivery Company LLC,44372,TX,345, , ,Y,,,,,,,,65502,"Five Wells Solar Center, LLC",Five Wells Solar Center - Hybrid,TX,Bell,FWBAT,Batteries,BA,,S,X,X,,,262.5, ,259,259, ,N, , ,OP,X,7,2024, , ,,IPP Non-CHP,2,,MWH,,,,,,,,,,,, ,,,,,,,,, , , , , , , , ,,, , , ,, , ,,N,
65517,"Paris Farm Solar, LLC",66471,Eiffel Solar Project,2199 County Road 12530,Paris,TX,75462,Lamar,33.599167,-95.525056,TRE,ERCO,"Electric Reliability Council of Texas, Inc.",,22,NR,2,IPP Non-CHP,N,,N,,N,,N,,,Oncor Electric Delivery Company LLC,44372,TX,138, , ,N,,,,,,,,65517,"Paris Farm Solar, LLC",Eiffel Solar Project,TX,Lamar,EIFEL,Solar Photovoltaic,PV,,S,X,X,,,240.0, ,240,240, ,N, , ,OP,X,11,2023, , ,N,IPP Non-CHP,2,X,SUN,,,,,,,,,,,, ,,,,,,,,, , , , , , , , ,,, , , ,, , ,,,
65580,"Pioneer Hutt Wind Energy, LLC",66531,Pioneer Hutt Wind Energy,14803 S County Road 1160,Midland,TX,79706,Midland,31.7983,-101.9043,TRE,ERCO,"Electric Reliability Council of Texas, Inc.",,22,NR,2,IPP Non-CHP,N,,N,,N,,,,,Oncor Electric Delivery Company LLC,44372,TX,138, , ,N,,,,,,,,65580,"Pioneer Hutt Wind Energy, LLC",Pioneer Hutt Wind Energy,TX,Midland,WPION,Onshore Wind Turbine,WT,,S,X,X,,,140.0, ,140,140, ,N, , ,OP,X,1,2024, , ,,IPP Non-CHP,2,,WND,,,,,,,,,,,,51,,,,,,,,, , , , , , , , ,,, , , ,, , ,,,
65578,Shamrock Wind LLC,66540,Shamrock Wind,TBD,TBD,TX,76932,Crockett,30.936,-101.607,TRE,ERCO,"Electric Reliability Council of Texas, Inc.",,22,NR,2,IPP Non-CHP,N,,N,,N,,N,,,Lower Colorado River Authority,11269,,345, , ,N,,,,,,,,65578,Shamrock Wind LLC,Shamrock Wind,TX,Crockett,WSHAM,Onshore Wind Turbine,WT,,S,X,X,,,223.9, ,223.9,223.9,0,N, , ,OP,X,12,2023, , ,N,IPP Non-CHP,2,X,WND,,,,,,,,,,,,81,,,,,,,,, , , , , , , , ,,, , , ,, , ,,,
64449,"Texas Microgrid, LLC",66549,HEB00063,TBD,Pearland,TX,77584,Brazoria,29.55952,-95.39038,TRE,ERCO,"Electric Reliability Council of Texas, Inc.",,22,NR,2,IPP Non-CHP,N,,N,,N,,,,,CenterPoint Energy,8901,TX,138, , ,N,CENTERPOINT ENERGY ENTEX,,,,,N,,64449,"Texas Microgrid, LLC",HEB00063,TX,Brazoria,H0631,Natural Gas Internal Combustion Engine,IC,H063,S,X,X,,,0.4,0.8,0.4,0.4,0,N, , ,OP,X,6,2017, , ,N,IPP Non-CHP,2,X,NG,,,,,,,,,,N,N, ,10M,,,,,,,, , , , , , , , ,,, , , ,, , ,N,,N
64449,"Texas Microgrid, LLC",66550,HEB00069,5313 Sarasota,Corpus Christi,TX,78413,Nueces,27.694932,-97.262513,TRE,ERCO,"Electric Reliability Council of Texas, Inc.",,22,NR,2,IPP Non-CHP,N,,N,,N,,,,,AEP Texas Central Company,3278,TX,138, , ,N,CORPUS CHRISTI GAS DIV,,,,,N,,64449,"Texas Microgrid, LLC",HEB00069,TX,Nueces,H0691,Natural Gas Internal Combustion Engine,IC,H069,S,X,X,,,0.4,0.8,0.4,0.4,0,N, , ,OP,X,11,2017, , ,N,IPP Non-CHP,2,X,NG,,,,,,,,,,N,N, ,10M,,,,,,,, , , , , , , , ,,, , , ,, , ,N,,N
64449,"Texas Microgrid, LLC",66561,BUC00040,27700 Katy Freeway,Katy,TX,77494,Fort Bend,29.787919,-95.799137,TRE,ERCO,"Electric Reliability Council of Texas, Inc.",,22,NR,2,IPP Non-CHP,N,,N,,N,,,,,CenterPoint Energy,8901,TX,138, , ,N,CENTERPOINT ENERGY ENTEX,,,,,N,,64449,"Texas Microgrid, LLC",BUC00040,TX,Fort Bend,B0401,Natural Gas Internal Combustion Engine,IC,B040,S,X,X,,,0.4,0.8,0.4,0.4,0,N, , ,OP,X,7,2017, , ,N,IPP Non-CHP,2,X,NG,,,,,,,,,,N,N,0,10M,,,,,,,, , , , , , , , ,,, , , ,, , ,N,,N
64449,"Texas Microgrid, LLC",66562,HEB00591,1700 E Palm Valley Boulevard,Round Rock,TX,78664,Williamson,30.518818,-97.65854,TRE,ERCO,"Electric Reliability Council of Texas, Inc.",,22,NR,2,IPP Non-CHP,N,,N,,N,,,,,Oncor Electric Delivery Company LLC,44372,TX,138, , ,N,ATMOS ENERGY CORPORATION,,,,,N,,64449,"Texas Microgrid, LLC",HEB00591,TX,Williamson,H5911,Natural Gas Internal Combustion Engine,IC,H591,S,X,X,,,0.4,0.8,0.4,0.4,0,N, , ,OP,X,4,2018, , ,N,IPP Non-CHP,2,X,NG,,,,,,,,,,N,N, ,10M,,,,,,,, , , , , , , , ,,, , , ,, , ,N,,N
64449,"Texas Microgrid, LLC",66563,HEB00092,6106 N. Navarro,Victoria,TX,77901,Victoria,28.851871,-96.996805,TRE,ERCO,"Electric Reliability Council of Texas, Inc.",,22,NR,2,IPP Non-CHP,N,,N,,N,,,,,AEP Texas Central Company,3278,TX,69, , ,N,CENTERPOINT ENERGY ENTEX,,,,,N,,64449,"Texas Microgrid, LLC",HEB00092,TX,Victoria,H0921,Natural Gas Internal Combustion Engine,IC,H092,S,X,X,,,0.4,0.8,0.4,0.4,0,N, , ,OP,X,1,2018, , ,N,IPP Non-CHP,2,X,NG,,,,,,,,,,N,N, ,10M,,,,,,,, , , , , , , , ,,, , , ,, , ,N,,N
64449,"Texas Microgrid, LLC",66564,HEB00095,1911 NE Bob Bullock Loop,Laredo,TX,78045,Webb,27.607476,-99.473866,TRE,ERCO,"Electric Reliability Council of Texas, Inc.",,22,NR,2,IPP Non-CHP,N,,N,,N,,,,,AEP Texas Central Company,3278,TX,138, , ,N,CENTERPOINT ENERGY ENTEX,,,,,N,,64449,"Texas Microgrid, LLC",HEB00095,TX,Webb,H0951,Natural Gas Internal Combustion Engine,IC,H095,S,X,X,,,0.4,0.8,0.4,0.4,0,N, , ,OP,X,9,2018, , ,N,IPP Non-CHP,2,X,NG,,,,,,,,,,N,N,0,10M,,,,,,,, , , , , , , , ,,, , , ,, , ,N,,N
64449,"Texas Microgrid, LLC",66565,HEBCCBakery,102 McBride Lane,Corpus Christi,TX,78408,Nueces,27.786287,-97.46234,TRE,ERCO,"Electric Reliability Council of Texas, Inc.",,22,NR,2,IPP Non-CHP,N,,N,,N,,,,,AEP Texas Central Company,3278,TX,69, , ,N,CORPUS CHRISTI GAS DIV,,,,,N,,64449,"Texas Microgrid, LLC",HEBCCBakery,TX,Nueces,HCCB1,Natural Gas Internal Combustion Engine,IC,HCCB,S,X,X,,,0.4,0.8,0.4,0.4,0,N, , ,OP,X,11,2019, , ,N,IPP Non-CHP,2,X,NG,,,,,,,,,,N,N, ,10M,,,,,,,, , , , , , , , ,,, , , ,, , ,N,,N
64449,"Texas Microgrid, LLC",66566,HEBSnackPlant,10001 Genard Road,Houston,TX,77041,Harris,29.844469,-95.540618,TRE,ERCO,"Electric Reliability Council of Texas, Inc.",,22,NR,2,IPP Non-CHP,N,,N,,N,,,,,CenterPoint Energy,8901,TX,138, , ,N,CENTERPOINT ENERGY ENTEX,,,,,N,,64449,"Texas Microgrid, LLC",HEBSnackPlant,TX,Harris,HSNP1,Natural Gas Internal Combustion Engine,IC,HSNP,S,X,X,,,0.4,0.8,0.4,0.4,0,N, , ,OP,X,4,2019, , ,N,IPP Non-CHP,2,X,NG,,,,,,,,,,N,N,0,10M,,,,,,,, , , , , , , , ,,, , , ,, , ,N,,N
64449,"Texas Microgrid, LLC",66567,HEBHoustonDistributionCenter,"4625 Windfern Road, Suite A",Houston,TX,77041,Harris,29.8397,-95.53685,TRE,ERCO,"Electric Reliability Council of Texas, Inc.",,22,NR,2,IPP Non-CHP,N,,N,,N,,,,,CenterPoint Energy,8901,TX,138, , ,N,CENTERPOINT ENERGY ENTEX,,,,,N,,64449,"Texas Microgrid, LLC",HEBHoustonDistributionCenter,TX,Harris,HDC10,Natural Gas Internal Combustion Engine,IC,HHDC,S,X,X,,,0.4,0.8,0.4,0.4,0,N, , ,OP,X,3,2021, , ,N,IPP Non-CHP,2,X,NG,,,,,,,,,,N,N, ,10M,,,,,,,, , , , , , , , ,,, , , ,, , ,N,,N
64743,PPM Solar LLC,66571,BKV-BPP Ponder Solar,4285 Florance Road,Ponder,TX,76259,Denton,33.155767,-97.254644,TRE,ERCO,"Electric Reliability Council of Texas, Inc.",,22,NR,2,IPP Non-CHP,N,,Y,QF23-397,N,,N,,,"Denton County Elec Coop, Inc",5078,TX,24.9, , ,N,,,,,,N,X,64743,PPM Solar LLC,BKV-BPP Ponder Solar,TX,Denton,BKVP1,Solar Photovoltaic,PV,,W,X,X,,,2.5,1,2.5,2.5, ,N, , ,OP,X,9,2024, , ,N,IPP Non-CHP,2,X,SUN,,,,,,,,,,,, ,,,,,,,,, , , , , , , , ,,, , , ,, , ,N,,
64743,PPM Solar LLC,66572,Highpeak Solar 1,FM 846,Coahoma,TX,79511,Howard,32.494346,-101.276601,TRE,ERCO,"Electric Reliability Council of Texas, Inc.",,22,NR,2,IPP Non-CHP,N,,Y,QF24-774,N,,N,,,Oncor Electric Delivery Company LLC,44372,TX,24.9, , ,N,,,,,,N,X,64743,PPM Solar LLC,Highpeak Solar 1,TX,Howard,HPKS1,Solar Photovoltaic,PV,,S,X,X,,,10.0,1,10,10,0,N, , ,OP,X,5,2024, , ,N,IPP Non-CHP,2,X,SUN,,,,,,,,,,,, ,,,,,,,,, , , , , , , , ,,, , , ,, , ,N,,
55937,Entergy Texas Inc.,66593,HEB00048,3025 North Dowlen Road,Beaumont,TX,77706,Jefferson,30.106498,-94.170414,TRE,ERCO,"Electric Reliability Council of Texas, Inc.",,22,RE,1,Electric Utility,N,,N,,N,,,,,Entergy Texas Inc.,55937,TX,138, , ,N,SAN ANTONIO PUB SVC BD,,,,,N,,55937,Entergy Texas Inc.,HEB00048,TX,Jefferson,H0481,Natural Gas Internal Combustion Engine,IC,H048,S,X,X,,,0.4,0.8,0.4,0.4,0,N, , ,OP,X,9,2021, , ,N,Electric Utility,1,X,NG,,,,,,,,,,N,N, ,10M,,,,,,,, , , , , , , , ,,, , , ,, , ,N,,
55937,Entergy Texas Inc.,66594,HEB00594,10777 Kuykendahl,The Woodlands,TX,77382,Montgomery,30.178935,-95.538096,TRE,ERCO,"Electric Reliability Council of Texas, Inc.",,22,RE,1,Electric Utility,N,,N,,N,,,,,Entergy Texas Inc.,55937,TX,138, , ,N,SAN ANTONIO PUB SVC BD,,,,,N,,55937,Entergy Texas Inc.,HEB00594,TX,Montgomery,H5941,Natural Gas Internal Combustion Engine,IC,H594,S,X,X,,,0.4,0.8,0.4,0.4,0,N, , ,OP,X,9,2019, , ,N,Electric Utility,1,X,NG,,,,,,,,,,N,N, ,10M,,,,,,,, , , , , , , , ,,, , , ,, , ,N,N,
64897,"Generate ER-NG, LLC",66595,FTBLID2,2602 Oakland Drive,Sugarland,TX,77479,Fort Bend,29.575316,-95.636882,TRE,ERCO,"Electric Reliability Council of Texas, Inc.",,22,NR,2,IPP Non-CHP,N,,N,,N,,,,,CenterPoint Energy,8901,TX,138, , ,N,CENTERPOINT ENERGY,,,,,N,,64897,"Generate ER-NG, LLC",FTBLID2,TX,Fort Bend,FLD10,Natural Gas Internal Combustion Engine,IC,FLID,S,X,X,,,0.4,0.8,0.4,0.4,0,N, , ,OP,X,12,2021, , ,N,IPP Non-CHP,2,X,NG,,,,,,,,,,N,N, ,10M,,,,,,,, , , , , , , , ,,, , , ,, , ,N,N,
64897,"Generate ER-NG, LLC",66596,Praxair,5617 TX-332,Clute,TX,77531,Brazoria,29.004862,-95.388434,TRE,ERCO,"Electric Reliability Council of Texas, Inc.",,22,NR,2,IPP Non-CHP,N,,N,,N,,,,,CenterPoint Energy,8901,TX,138, , ,N,CENTERPOINT ENERGY,,,,,N,,64897,"Generate ER-NG, LLC",Praxair,TX,Brazoria,PRAX1,Natural Gas Internal Combustion Engine,IC,PRAX,S,X,X,,,0.4,0.8,0.4,0.4,0,N, , ,OP,X,8,2019, , ,N,IPP Non-CHP,2,X,NG,,,,,,,,,,N,N, ,10M,,,,,,,, , , , , , , , ,,, , , ,, , ,N,N,
64897,"Generate ER-NG, LLC",66597,RavenChem,10328 I-10 Service Road,Baytown,TX,77521,Harris,29.820648,-94.913987,TRE,ERCO,"Electric Reliability Council of Texas, Inc.",,22,NR,2,IPP Non-CHP,N,,N,,N,,,,,CenterPoint Energy,8901,TX,138, , ,N,CENTERPOINT ENERGY,,,,,N,,64897,"Generate ER-NG, LLC",RavenChem,TX,Harris,RAVC1,Natural Gas Internal Combustion Engine,IC,RAVC,S,X,X,,,0.4,0.8,0.4,0.4,0,N, , ,OP,X,4,2021, , ,N,IPP Non-CHP,2,X,NG,,,,,,,,,,N,N, ,10M,,,,,,,, , , , , , , , ,,, , , ,, , ,N,N,N
63082,ProEnergy Services,66604,Remy Jade Power Station,3511 Danek Rd,Crosby,TX,77532,Harris,29.848372,-95.016398,TRE,ERCO,"Electric Reliability Council of Texas, Inc.",,22,NR,2,IPP Non-CHP,N,,N,,Y,EG23-43-000,N,,,CenterPoint Energy,8901,TX,138, , ,N,,KINDER MORGAN TEJAS PIPELINE LLC,,,,N,N,63082,ProEnergy Services,Remy Jade Power Station,TX,Harris,CTG-1,Natural Gas Fired Combustion Turbine,GT,,S,X,X,,,60.5,0.9,44.5,49.8,22.5,N, , ,OP,X,6,2024, , ,,IPP Non-CHP,2,,NG,,,,,,,,,,,, ,10M,,,,,,,, , , , , , , , ,,, , , ,, , ,N,,
64449,"Texas Microgrid, LLC",66612,HEB_CPS00085,10718 Potranco Road,San Antonio,TX,78251,Bexar,29.433657,-98.703454,TRE,ERCO,"Electric Reliability Council of Texas, Inc.",,22,NR,2,IPP Non-CHP,N,,N,,N,,,,,City of San Antonio - (TX),16604,TX,138, , ,N,SAN ANTONIO PUB SVC BD,,,,,N,,64449,"Texas Microgrid, LLC",HEB_CPS00085,TX,Bexar,H0851,Natural Gas Internal Combustion Engine,IC,H085,S,X,X,,,0.4,0.8,0.4,0.4,0,N, , ,OP,X,11,2019, , ,N,IPP Non-CHP,2,X,NG,,,,,,,,,,N,N, ,10M,,,,,,,, , , , , , , , ,,, , , ,, , ,N,,N
64449,"Texas Microgrid, LLC",66613,HEB_CPSSADC,2045 South Foster Road,San Antonio,TX,78220,Bexar,29.417338,-98.360879,TRE,ERCO,"Electric Reliability Council of Texas, Inc.",,22,NR,2,IPP Non-CHP,N,,N,,N,,,,,City of San Antonio - (TX),16604,TX,138, , ,N,SAN ANTONIO PUB SVC BD,,,,,N,,64449,"Texas Microgrid, LLC",HEB_CPSSADC,TX,Bexar,SAD10,Natural Gas Internal Combustion Engine,IC,SADC,S,X,X,,,0.4,0.8,0.4,0.4,0,N, , ,OP,X,3,2020, , ,N,IPP Non-CHP,2,X,NG,,,,,,,,,,N,N, ,10M,,,,,,,, , , , , , , , ,,, , , ,, , ,N,N,N
64449,"Texas Microgrid, LLC",66614,OTHERCitizensHospital,2701 Hospital Drive,Victoria,TX,77901,Victoria,28.812804,-96.977765,TRE,ERCO,"Electric Reliability Council of Texas, Inc.",,22,NR,2,IPP Non-CHP,N,,N,,N,,,,,AEP Texas Central Company,3278,TX,69, , ,N,CENTERPOINT ENERGY ENTEX,,,,,N,,64449,"Texas Microgrid, LLC",OTHERCitizensHospital,TX,Victoria,CTZH1,Natural Gas Internal Combustion Engine,IC,CTZH,S,X,X,,,0.4,0.8,0.4,0.4,0,N, , ,OP,X,4,2020, , ,N,IPP Non-CHP,2,X,NG,,,,,,,,,,N,N, ,10M,,,,,,,, , , , , , , , ,,, , , ,, , ,N,,N
65642,Wolf Tank Storage LLC,66616,Wolf Tank Storage,12315 US-59,Laredo,TX,78043,Webb,27.577207,-99.276018,TRE,ERCO,"Electric Reliability Council of Texas, Inc.",,22,NR,2,IPP Non-CHP,N,,N,,N,,,,,AEP Texas Central Company,3278,TX,138, , ,Y,,,,,,,,65642,Wolf Tank Storage LLC,Wolf Tank Storage,TX,Webb,1,Batteries,BA,,S,X,X,,,150.0,0.95,150,150, ,N, , ,OP,X,7,2023, , ,N,IPP Non-CHP,2,X,MWH,,,,,,,,,,,, ,10M,,,,,,,, , , , , , , , ,,, , , ,, , ,,,
61060,Cypress Creek Renewables,66690,"Brazos Bend BESS, LLC",TBD,Rosenburg,TX,77471,Fort Bend,29.56318,-95.80023,TRE,ERCO,"Electric Reliability Council of Texas, Inc.",,22,NR,2,IPP Non-CHP,N,,N,,N,,N,,,CenterPoint Energy,8901,TX,138, , ,Y,,,,,,N,X,61060,Cypress Creek Renewables,"Brazos Bend BESS, LLC",TX,Fort Bend,BEND,Batteries,BA,,S,X,X,,,100.0,0.95,100,100, ,N, , ,OP,X,9,2024, , ,,IPP Non-CHP,2,,MWH,,,,,,,,,,,N,0,,,,,,,,, , , , , , , , ,,, , , ,, , ,N,,
65076,"HEN Infrastructure, L.L.C.",66782,Hamilton BESS,413 Old Hamilton Road,Del Rio,TX,78840,Val Verde,29.376438,-100.848513,TRE,ERCO,"Electric Reliability Council of Texas, Inc.",,22,NR,2,IPP Non-CHP,N,,N,,Y,22-209-000,N,,,AEP Texas Central Company,3278,TX,12.47, , ,Y,,,,,,N,N,65076,"HEN Infrastructure, L.L.C.",Hamilton BESS,TX,Val Verde,HAMIL,Batteries,BA,,J,X,X,,,9.9, ,9.9,9.9, ,N, , ,OP,X,2,2024, , ,N,IPP Non-CHP,2,X,MWH,,,,,,,,,,,N, ,,,,,,,,, , , , , , , , ,,, , , ,, , ,N,,
65076,"HEN Infrastructure, L.L.C.",66783,Weil Tract BESS,601 Corn Products Road,Corpus Christi,TX,78409,Nueces,27.796921,-97.487069,TRE,ERCO,"Electric Reliability Council of Texas, Inc.",,22,NR,2,IPP Non-CHP,N,,N,,Y,22-209-000,N,,,AEP Texas Central Company,3278,TX,12.47, , ,Y,,,,,,N,N,65076,"HEN Infrastructure, L.L.C.",Weil Tract BESS,TX,Nueces,WEILT,Batteries,BA,,J,X,X,,,9.9, ,9.9,9.9, ,N, , ,OP,X,6,2024, , ,N,IPP Non-CHP,2,X,MWH,,,,,,,,,,,N, ,,,,,,,,, , , , , , , , ,,, , , ,, , ,N,,
65076,"HEN Infrastructure, L.L.C.",66784,Pauline BESS,239 Railroad Street,Mabank,TX,75156,Henderson,32.335025,-96.057897,TRE,ERCO,"Electric Reliability Council of Texas, Inc.",,22,NR,2,IPP Non-CHP,N,,N,,N,,N,,,Oncor Electric Delivery Company LLC,44372,TX,24.94, , ,Y,,,,,,N,N,65076,"HEN Infrastructure, L.L.C.",Pauline BESS,TX,Henderson,PAULN,Batteries,BA,,J,X,X,,,9.9, ,9.9,9.9, ,N, , ,OP,X,3,2024, , ,N,IPP Non-CHP,2,X,MWH,,,,,,,,,,,N, ,,,,,,,,, , , , , , , , ,,, , , ,, , ,N,,
65076,"HEN Infrastructure, L.L.C.",66788,Mineral Wells East BESS,1651 FM 1195,Mineral Wells,TX,76067,Palo Pinto,32.798754,-98.064973,TRE,ERCO,"Electric Reliability Council of Texas, Inc.",,22,NR,2,IPP Non-CHP,N,,N,,Y,22-209-000,N,,,Oncor Electric Delivery Company LLC,44372,TX,12.47, , ,Y,,,,,,N,N,65076,"HEN Infrastructure, L.L.C.",Mineral Wells East BESS,TX,Palo Pinto,MNWLE,Batteries,BA,,J,X,X,,,9.9, ,9.9,9.9, ,N, , ,OP,X,3,2024, , ,N,IPP Non-CHP,2,X,MWH,,,,,,,,,,,, ,,,,,,,,, , , , , , , , ,,, , , ,, , ,N,,
65076,"HEN Infrastructure, L.L.C.",66789,Lufkin South BESS,2208 Brentwood Drive,Lufkin,TX,75901,Angelina,31.291983,-94.724236,TRE,ERCO,"Electric Reliability Council of Texas, Inc.",,22,NR,2,IPP Non-CHP,N,,N,,N,,N,,,Oncor Electric Delivery Company LLC,44372,TX,12.47, , ,Y,,,,,,N,N,65076,"HEN Infrastructure, L.L.C.",Lufkin South BESS,TX,Angelina,LUFKS,Batteries,BA,,J,X,X,,,9.9, ,9.9,9.9, ,N, , ,OP,X,3,2024, , ,N,IPP Non-CHP,2,X,MWH,,,,,,,,,,,, ,,,,,,,,, , , , , , , , ,,, , , ,, , ,N,,
65076,"HEN Infrastructure, L.L.C.",66790,Judkins BESS,820 S. FM 1601,Penwell,TX,79776,Ector,31.715592,-102.598106,TRE,ERCO,"Electric Reliability Council of Texas, Inc.",,22,NR,2,IPP Non-CHP,N,,N,,N,,N,,,Oncor Electric Delivery Company LLC,44372,TX,12.47, , ,Y,,,,,,N,N,65076,"HEN Infrastructure, L.L.C.",Judkins BESS,TX,Ector,JUDKS,Batteries,BA,,J,X,X,,,9.9, ,9.9,9.9, ,N, , ,OP,X,3,2024, , ,N,IPP Non-CHP,2,X,MWH,,,,,,,,,,,, ,,,,,,,,, , , , , , , , ,,, , , ,, , ,N,,
65076,"HEN Infrastructure, L.L.C.",66791,Garden City East BESS,333 CR 300,Garden City,TX,79739,Glasscock,31.867209,-101.469373,TRE,ERCO,"Electric Reliability Council of Texas, Inc.",,22,NR,2,IPP Non-CHP,N,,N,,Y,22-209-000,N,,,Oncor Electric Delivery Company LLC,44372,TX,21.6, , ,Y,,,,,,N,N,65076,"HEN Infrastructure, L.L.C.",Garden City East BESS,TX,Glasscock,GRDNE,Batteries,BA,,J,X,X,,,9.9, ,9.9,9.9, ,N, , ,OP,X,3,2024, , ,N,IPP Non-CHP,2,X,MWH,,,,,,,,,,,, ,,,,,,,,, , , , , , , , ,,, , , ,, , ,N,,
65076,"HEN Infrastructure, L.L.C.",66792,Falfurrias BESS,1213 N. Hwy 281,Falfurrias,TX,78355,Brooks,27.242427,-98.140545,TRE,ERCO,"Electric Reliability Council of Texas, Inc.",,22,NR,2,IPP Non-CHP,N,,N,,N,,N,,,AEP Texas Central Company,3278,TX,12.47, , ,Y,,,,,,N,N,65076,"HEN Infrastructure, L.L.C.",Falfurrias BESS,TX,Brooks,FALFU,Batteries,BA,,J,X,X,,,9.9, ,9.9,9.9, ,N, , ,OP,X,9,2024, , ,N,IPP Non-CHP,2,X,MWH,,,,,,,,,,,, ,,,,,,,,, , , , , , , , ,,, , , ,, , ,N,,
65076,"HEN Infrastructure, L.L.C.",66794,Diboll BESS,308 Ryan Lake Road,Diboll,TX,75941,Angelina,31.193794,-94.798183,TRE,ERCO,"Electric Reliability Council of Texas, Inc.",,22,NR,2,IPP Non-CHP,N,,N,,Y,22-209-000,N,,,Oncor Electric Delivery Company LLC,44372,TX,12.47, , ,Y,,,,,,N,N,65076,"HEN Infrastructure, L.L.C.",Diboll BESS,TX,Angelina,DIBOL,Batteries,BA,,J,X,X,,,9.9, ,9.9,9.9, ,N, , ,OP,X,3,2024, , ,N,IPP Non-CHP,2,X,MWH,,,,,,,,,,,, ,,,,,,,,, , , , , , , , ,,, , , ,, , ,N,,
65076,"HEN Infrastructure, L.L.C.",66795,CISCO BESS,301 E. 6th St.,Cisco,TX,76437,Eastland,32.391533,-98.978156,TRE,ERCO,"Electric Reliability Council of Texas, Inc.",,22,NR,2,IPP Non-CHP,N,,N,,N,,N,,,AEP Texas Central Company,3278,TX,12.47, , ,Y,,,,,,N,N,65076,"HEN Infrastructure, L.L.C.",CISCO BESS,TX,Eastland,CISCO,Batteries,BA,,J,X,X,,,9.9, ,9.9,9.9, ,N, , ,OP,X,10,2024, , ,N,IPP Non-CHP,2,X,MWH,,,,,,,,,,,N, ,,,,,,,,, , , , , , , , ,,, , , ,, , ,N,,
65774,"Fence Post Solar Project, LLC",66801,"Fence Post Solar Hybrid Project, LLC",12915 SE CR 3220,Corsicana,TX,75109,Navarro,32.072844,-96.22393,TRE,ERCO,"Electric Reliability Council of Texas, Inc.",,22,NR,2,IPP Non-CHP,N,,N,,N,,,,,Oncor Electric Delivery Company LLC,44372,TX,138,345, ,Y,,,,,,,,65774,"Fence Post Solar Project, LLC","Fence Post Solar Hybrid Project, LLC",TX,Navarro,FNCBE,Batteries,BA,,S,X,X,,,72.0, ,70,70, ,N, , ,OP,X,9,2024, , ,,IPP Non-CHP,2,,MWH,,,,,,,,,,,, ,,,,,,,,, , , , , , , , ,,, , , ,, , ,,,
65765,Borden County Battery Energy Storage System LLC,66804,Borden County BESS,9400 Vealmoore Road,Gail,TX,79738,Borden,32.72233,-101.638499,TRE,ERCO,"Electric Reliability Council of Texas, Inc.",,22,NR,2,IPP Non-CHP,N,,N,,N,,,,,Wind Energy Transmission Texas LLC,60066,,138, , ,Y,,,,,,,,65765,Borden County Battery Energy Storage System LLC,Borden County BESS,TX,Borden,1,Batteries,BA,,S,X,X,,,150.0,0.95,150,150, ,N, , ,OP,X,8,2024, , ,N,IPP Non-CHP,2,X,MWH,,,,,,,,,,,, ,,,,,,,,, , , , , , , , ,,, , , ,, , ,,,
65782,Ben Milam Solar 3 LLC,66821,Orion III Solar Project,664 County Road 116A,Buckholts,TX,76569,Milam,30.960219,-97.12452,TRE,ERCO,"Electric Reliability Council of Texas, Inc.",,22,NR,2,IPP Non-CHP,N,,N,,N,,N,,,Oncor Electric Delivery Company LLC,44372,TX,345, , ,N,,,,,,X,X,65782,Ben Milam Solar 3 LLC,Orion III Solar Project,TX,Milam,ORN3,Solar Photovoltaic,PV,,S,X,X,,,250.0, ,250,250, ,N, , ,OP,X,8,2024, , ,N,IPP Non-CHP,2,X,SUN,,,,,,,,,,,, ,,,,,,,,, , , , , , , , ,,, , , ,, , ,,,
65788,Ben Milam Solar 1 LLC,66859,Orion I Solar Project,8483 N US Highway 77,Burlington,TX,76519,Milam,30.996511,-97.001505,TRE,ERCO,"Electric Reliability Council of Texas, Inc.",,22,NR,2,IPP Non-CHP,N,,N,,N,,,,,Oncor Electric Delivery Company LLC,44372,TX,345, , ,N,,,,,,,,65788,Ben Milam Solar 1 LLC,Orion I Solar Project,TX,Milam,ORN1,Solar Photovoltaic,PV,,S,X,X,,,200.0, ,200,200, ,N, , ,OP,X,8,2024, , ,N,IPP Non-CHP,2,X,SUN,,,,,,,,,,,, ,,,,,,,,, , , , , , , , ,,, , , ,, , ,,,
65783,Hayhurst Texas Solar,66880,Hayhurst Texas Solar,16540 FM 650,Orla,TX,79770,Culberson,31.815992,-104.085297,TRE,ERCO,"Electric Reliability Council of Texas, Inc.",,22,NR,2,IPP Non-CHP,N,,N,,N,,,,,Oncor Electric Delivery Company LLC,44372,TX,138, , ,N,,,,,,,,65783,Hayhurst Texas Solar,Hayhurst Texas Solar,TX,Culberson,HHTX,Solar Photovoltaic,PV,,J,X,X,,,24.8, ,24.8,24.8,0,N, , ,OP,X,4,2024, , ,N,IPP Non-CHP,2,X,SUN,,,,,,,,,,,, ,,,,,,,,, , , , , , , , ,,, , , ,, , ,,,
65826,"Roadrunner Crossing Wind Farm, LLC",66902,Roadrunner Wind Farm,1109 CR 125,Cisco,TX,76437,Eastland,32.437418,-99.108907,TRE,ERCO,"Electric Reliability Council of Texas, Inc.",,22,NR,2,IPP Non-CHP,N,,N,,N,,,,,Oncor Electric Delivery Company LLC,44372,TX,345, , ,N,,,,,,,,65826,"Roadrunner Crossing Wind Farm, LLC",Roadrunner Wind Farm,TX,Eastland,5317,Onshore Wind Turbine,WT,,S,X,X,,,256.0, ,256,256, ,N, , ,OP,X,7,2024, , ,N,IPP Non-CHP,2,X,WND,,,,,,,,,,,,91,,,,,,,,, , , , , , , , ,,, , , ,, , ,,,
65838,SMT Mercedes LLC,66926,SMT Mercedes LLC,14015 FM 491,Mercedes,TX,78570,Hidalgo,26.230501,-97.912557,TRE,ERCO,"Electric Reliability Council of Texas, Inc.",,22,NR,2,IPP Non-CHP,N,,N,,N,,,,,AEP Texas Central Company,3278,TX,12.47, , ,Y,,,,,,,,65838,SMT Mercedes LLC,SMT Mercedes LLC,TX,Hidalgo,SMTNM,Batteries,BA,,S,X,X,,,10.0, ,10,10, ,N, , ,OP,X,12,2023, , ,N,IPP Non-CHP,2,X,MWH,,,,,,,,,,,, ,10M,,,,,,,, , , , , , , , ,,, , , ,, , ,,,
65839,SMT Mission LLC,66927,SMT Mission LLC,1406 S Mayberry Road,Mission,TX,78572,Hidalgo,26.189433,-98.322929,TRE,ERCO,"Electric Reliability Council of Texas, Inc.",,22,NR,2,IPP Non-CHP,N,,N,,N,,,,,AEP Texas Central Company,3278,TX,12.47, , ,Y,,,,,,,,65839,SMT Mission LLC,SMT Mission LLC,TX,Hidalgo,SMTMB,Batteries,BA,,S,X,X,,,10.0, ,10,10, ,N, , ,OP,X,12,2023, , ,N,IPP Non-CHP,2,X,MWH,,,,,,,,,,,, ,10M,,,,,,,, , , , , , , , ,,, , , ,, , ,,,
65844,SMT Santa Rosa LLC,66928,SMT Santa Rosa LLC,22498 Parker Road,Santa Rosa,TX,78593,Cameron,26.232466,-97.823173,TRE,ERCO,"Electric Reliability Council of Texas, Inc.",,22,NR,2,IPP Non-CHP,N,,N,,N,,,,,AEP Texas Central Company,3278,TX,12.47, , ,Y,,,,,,,,65844,SMT Santa Rosa LLC,SMT Santa Rosa LLC,TX,Cameron,SMTSR,Batteries,BA,,S,X,X,,,10.0, ,10,10, ,N, , ,OP,X,12,2023, , ,N,IPP Non-CHP,2,X,MWH,,,,,,,,,,,, ,10M,,,,,,,, , , , , , , , ,,, , , ,, , ,,,
65843,SMT Alamo LLC,66929,SMT Alamo LLC,1742 N Alamo Road,Alamo,TX,78558,Hidalgo,26.230677,-98.114039,TRE,ERCO,"Electric Reliability Council of Texas, Inc.",,22,NR,2,IPP Non-CHP,N,,N,,N,,,,,AEP Texas Central Company,3278,TX,12.47, , ,Y,,,,,,,,65843,SMT Alamo LLC,SMT Alamo LLC,TX,Hidalgo,SMTAL,Batteries,BA,,S,X,X,,,10.0, ,10,10, ,N, , ,OP,X,12,2023, , ,N,IPP Non-CHP,2,X,MWH,,,,,,,,,,,, ,10M,,,,,,,, , , , , , , , ,,, , , ,, , ,,,
65842,SMT Bay City LLC,66930,SMT Bay City LLC,1613 Avenue F,Bay City,TX,77414,Matagorda,28.987572,-95.969842,TRE,ERCO,"Electric Reliability Council of Texas, Inc.",,22,NR,2,IPP Non-CHP,N,,N,,N,,,,,AEP Texas Central Company,3278,TX,12.47, , ,Y,,,,,,,,65842,SMT Bay City LLC,SMT Bay City LLC,TX,Matagorda,SMTBC,Batteries,BA,,S,X,X,,,10.0, ,10,10, ,N, , ,OP,X,11,2023, , ,N,IPP Non-CHP,2,X,MWH,,,,,,,,,,,, ,10M,,,,,,,, , , , , , , , ,,, , , ,, , ,,,
65841,SMT Elsa LLC,66931,SMT Elsa LLC,10580 W Edinburg Ave,Elsa,TX,78558,Hidalgo,26.296101,-98.0096,TRE,ERCO,"Electric Reliability Council of Texas, Inc.",,22,NR,2,IPP Non-CHP,N,,N,,N,,,,,AEP Texas Central Company,3278,TX,12.47, , ,Y,,,,,,,,65841,SMT Elsa LLC,SMT Elsa LLC,TX,Hidalgo,SMTEL,Batteries,BA,,S,X,X,,,10.0, ,10,10, ,N, , ,OP,X,12,2023, , ,N,IPP Non-CHP,2,X,MWH,,,,,,,,,,,, ,10M,,,,,,,, , , , , , , , ,,, , , ,, , ,,,
65840,SMT Los Fresnos LLC,66932,SMT Los Fresnos LLC,31080 State Hwy 100,Los Fresnos,TX,78566,Cameron,26.074676,-97.52318,TRE,ERCO,"Electric Reliability Council of Texas, Inc.",,22,NR,2,IPP Non-CHP,N,,N,,N,,,,,AEP Texas Central Company,3278,TX,12.47, , ,Y,,,,,,,,65840,SMT Los Fresnos LLC,SMT Los Fresnos LLC,TX,Cameron,SMTLF,Batteries,BA,,S,X,X,,,10.0, ,10,10, ,N, , ,OP,X,12,2023, , ,N,IPP Non-CHP,2,X,MWH,,,,,,,,,,,, ,10M,,,,,,,, , , , , , , , ,,, , , ,, , ,,,
65847,SMT Harlingen II LLC,66933,SMT Harlingen II LLC,1220 Tucker Rd,Harlingen,TX,78552,Cameron,26.179999,-97.725607,TRE,ERCO,"Electric Reliability Council of Texas, Inc.",,22,NR,2,IPP Non-CHP,N,,N,,N,,,,,AEP Texas Central Company,3278,TX,12.47, , ,Y,,,,,,,,65847,SMT Harlingen II LLC,SMT Harlingen II LLC,TX,Cameron,SMTH2,Batteries,BA,,S,X,X,,,10.0, ,10,10, ,N, , ,OP,X,12,2023, , ,N,IPP Non-CHP,2,X,MWH,,,,,,,,,,,, ,10M,,,,,,,, , , , , , , , ,,, , , ,, , ,,,
65845,SMT Rio Grande I LLC,66934,SMT Rio Grande I LLC,20 FM 649,Rio Grande City,TX,78582,Starr,26.408729,-98.937425,TRE,ERCO,"Electric Reliability Council of Texas, Inc.",,22,NR,2,IPP Non-CHP,N,,N,,N,,,,,AEP Texas Central Company,3278,TX,12.47, , ,Y,,,,,,,,65845,SMT Rio Grande I LLC,SMT Rio Grande I LLC,TX,Starr,SMTR1,Batteries,BA,,S,X,X,,,10.0, ,10,10, ,N, , ,OP,X,12,2023, , ,N,IPP Non-CHP,2,X,MWH,,,,,,,,,,,, ,10M,,,,,,,, , , , , , , , ,,, , , ,, , ,,,
65846,SMT Rio Grande II LLC,66935,SMT Rio Grande II LLC,1405 N San Antonio Street,Rio Grande City,TX,78582,Starr,26.390951,-98.820386,TRE,ERCO,"Electric Reliability Council of Texas, Inc.",,22,NR,2,IPP Non-CHP,N,,N,,N,,,,,AEP Texas Central Company,3278,TX,12.47, , ,Y,,,,,,,,65846,SMT Rio Grande II LLC,SMT Rio Grande II LLC,TX,Starr,SMTR2,Batteries,BA,,S,X,X,,,10.0, ,10,10, ,N, , ,OP,X,12,2023, , ,N,IPP Non-CHP,2,X,MWH,,,,,,,,,,,, ,10M,,,,,,,, , , , , , , , ,,, , , ,, , ,,,
65852,Ben Milam Solar 2 LLC,66941,Orion II Solar Project,6760 County Road 273,Rosebud,TX,76570,Milam,31.029028,-96.934783,TRE,ERCO,"Electric Reliability Council of Texas, Inc.",,22,NR,2,IPP Non-CHP,N,,N,,N,,,,,Oncor Electric Delivery Company LLC,44372,TX,345, , ,N,,,,,,N,N,65852,Ben Milam Solar 2 LLC,Orion II Solar Project,TX,Milam,ORN2,Solar Photovoltaic,PV,,S,X,X,,,250.0, ,250,250, ,N, , ,OP,X,9,2024, , ,,IPP Non-CHP,2,,SUN,,,,,,,,,,,, ,,,,,,,,, , , , , , , , ,,, , , ,, , ,,,
65865,"Umbriel Solar, LLC",66954,Umbriel Solar,4539 Soda Loop E,Livington,TX,77351,Polk,30.668754,-94.783466,MRO,MISO,"Midcontinent Independent Transmission System Operator, Inc..",,22,NR,2,IPP Non-CHP,N,,N,,Y,EG23-113-000,,,,Entergy Texas Inc.,55937,TX,138, , ,N,,,,,,,,65865,"Umbriel Solar, LLC",Umbriel Solar,TX,Polk,23001,Solar Photovoltaic,PV,,S,X,X,,,150.0, ,150,150, ,N, , ,OP,X,10,2023, , ,N,IPP Non-CHP,2,X,SUN,,,,,,,,,,,, ,,,,,,,,, , , , , , , , ,,, , , ,, , ,,,
65849,ClearGen LLC,66992,"CG PS Victoria WWTP, LLC",924 U.S. Highway 59 S,Victoria,TX,77905,Victoria,28.79346,-97.01223,TRE,ERCO,"Electric Reliability Council of Texas, Inc.",,22,NR,3,IPP CHP,N,,N,,N,,,,,Victory Electric Coop Assn Inc,19820,KS,0.48, , ,N,,,,,,,,65849,ClearGen LLC,"CG PS Victoria WWTP, LLC",TX,Victoria,VWWTP,Petroleum Liquids,IC,,S,X,X,,,1.3,0.8,1.3,1.3,0.3,N, , ,OP,X,2,2020, , ,Y,IPP CHP,3,T,DFO,,,,,,,,,,N,N, ,10M,,,,,,,, , , , , , , , ,,, , , ,, , ,N,N,N
65932,Greasewood II LLC,67006,Greasewood II LLC,1941 Owego Road,Girvin,TX,79740,Pecos,31.10409,-102.60625,TRE,ERCO,"Electric Reliability Council of Texas, Inc.",,22,NR,2,IPP Non-CHP,N,,N,,N,,N,,,City of Garland - (TX),6958,TX,345, , ,N,,,,,,,,65932,Greasewood II LLC,Greasewood II LLC,TX,Pecos,TBSP,Solar Photovoltaic,PV,,S,X,X,,,306.0,1,306,306, ,N, , ,OP,X,10,2024, , ,,IPP Non-CHP,2,,SUN,,,,,,,,,,,, ,,,,,,,,, , , , , , , , ,,, , , ,, , ,,,
62759,National Grid Renewables,67019,"Copperhead Solar, LLC",153 Co Rd 149,Riesel,TX,76682,McLennan,31.45,-96.86,TRE,ERCO,"Electric Reliability Council of Texas, Inc.",,22,NR,2,IPP Non-CHP,N,,N,,N,,,,,Oncor Electric Delivery Company LLC,44372,TX,138, , ,Y,,,,,,,,62759,National Grid Renewables,"Copperhead Solar, LLC",TX,McLennan,CHSLR,Solar Photovoltaic,PV,,S,X,X,CORALSLR_ALL,CORALSLR_ALL,150.0, ,150,150, ,N, , ,OP,X,9,2024, , ,N,IPP Non-CHP,2,X,SUN,,,,,,,,,,,, ,,,,,,,,, , , , , , , , ,,, , , ,, , ,,,
65914,"Elawan Dileo Solar, LLC",67023,Dileo Solar,252 County Road 3405,Clifton,TX,76634,Hill,31.78,-97.51,TRE,ERCO,"Electric Reliability Council of Texas, Inc.",,22,NR,2,IPP Non-CHP,N,,N,,Y,eg23-138-000,,,,Texas-New Mexico Power Co,40051,TX,69, , ,N,,,,,,,,65914,"Elawan Dileo Solar, LLC",Dileo Solar,TX,Hill,DILEO,Solar Photovoltaic,PV,,S,X,X,DILEOS_UNIT1,DILEOS_UNIT1,71.4,0.87,71.4,71.4, ,N, , ,OP,X,12,2023, , ,N,IPP Non-CHP,2,X,SUN,,,,,,,,,,N,N, ,,,,,,,,, , , , , , , , ,,, , , ,, , ,N,,
65915,"Elawan Pitts Dudik Solar, LLC",67024,Pitts Dudik Solar,404 HCR 3309,Hubbard,TX,76648,Hill,31.8932,-96.8751,TRE,ERCO,"Electric Reliability Council of Texas, Inc.",,22,NR,2,IPP Non-CHP,N,,Y,eg23-136-000,N,,,,,Oncor Electric Delivery Company LLC,44372,TX,138, , ,N,,,,,,,,65915,"Elawan Pitts Dudik Solar, LLC",Pitts Dudik Solar,TX,Hill,PTSDK,Solar Photovoltaic,PV,,S,X,X,,,49.6,0.88,49.6,49.6, ,N, , ,OP,X,11,2023, , ,,IPP Non-CHP,2,,SUN,,,,,,,,,,,, ,,,,,,,,, , , , , , , , ,,, , , ,, , ,N,,
65980,"BESSP1, LLC.",67077,"BESSP1, LLC.",6904 FM 1294,Shallowater,TX,79363,Lubbock,33.695594,-101.970718,TRE,SWPP,Southwest Power Pool,,22,NR,2,IPP Non-CHP,N,,Y,20-338-000,N,,,,,South Plains Electric Coop Inc,17561,TX,12.47, , ,N,,,,,,,,65980,"BESSP1, LLC.","BESSP1, LLC.",TX,Lubbock,S-1,Solar Photovoltaic,PV,,S,X,X,,,4.4, ,4.4,4.4, ,N, , ,OP,X,11,2023, , ,N,IPP Non-CHP,2,X,SUN,,,,,,,,,,,, ,,,,,,,,, , , , , , , , ,,, , , ,, , ,N,,
65984,"Longbow BESS, LLC",67083,"Longbow BESS, LLC",9183 CR 196,Liverpool,TX,77577,Brazoria,29.281605,-95.295533,TRE,ERCO,"Electric Reliability Council of Texas, Inc.",,22,NR,2,IPP Non-CHP,N,,N,,Y,EG24-27-000,,,,CenterPoint Energy,8901,TX,138, , ,Y,,,,,,,,65984,"Longbow BESS, LLC","Longbow BESS, LLC",TX,Brazoria,LBBES,Batteries,BA,,S,X,X,,,174.0,1,174,174, ,N, , ,OP,X,10,2024, , ,,IPP Non-CHP,2,,MWH,,,,,,,,,,,, ,,,,,,,,, , , , , , , , ,,, , , ,, , ,,,
65874,"Liberty County Solar Project, LLC",67159,Liberty County Solar Project,8240 FM 1409,Dayton,TX,77535,Liberty,29.95888,-94.85048,MRO,MISO,"Midcontinent Independent Transmission System Operator, Inc..",,22,NR,2,IPP Non-CHP,N,,N,,Y,EG24-165-000,N,X,,Entergy Arkansas LLC,814,AR,138, , ,N,,,,,,N,N,65874,"Liberty County Solar Project, LLC",Liberty County Solar Project,TX,Liberty,LIBCO,Solar Photovoltaic,PV,,S,X,X,EES.LIBERTY,ESS.LIBERTY,109.9, ,100,100, ,N, , ,OP,X,9,2024, , ,N,IPP Non-CHP,2,X,SUN,,,,,,,,,,N,N, ,1H,,,,,,,, , , , , , , , ,,, , , ,, , ,N,,
66057,"Rodeo Ranch Energy Storage, LLC",67175,Rodeo Ranch Energy Storage,1206 FM 1450,Pecos,TX,79772,Reeves,31.36,-103.33,TRE,ERCO,"Electric Reliability Council of Texas, Inc.",,22,NR,2,IPP Non-CHP,N,,N,,Y,EG23-38-000,N,,,Texas-New Mexico Power Co,40051,TX,138, , ,Y,,,,,,,,66057,"Rodeo Ranch Energy Storage, LLC",Rodeo Ranch Energy Storage,TX,Reeves,RODE1,Batteries,BA,,S,X,X,,,300.0, ,300,300, ,N, , ,OP,X,12,2023, , ,,IPP Non-CHP,2,,MWH,,,,,,,,,,,N, ,10M,,,,,,,, , , , , , , , ,,, , , ,, , ,N,,
66110,"Anemoi Energy Storage, LLC",67236,Anemoi Energy Storage,42300 Mile 14 Road,Edinburg,TX,78541,Hidalgo,26.45,-98.48,TRE,ERCO,"Electric Reliability Council of Texas, Inc.",,22,NR,2,IPP Non-CHP,N,,N,,Y,23-142-000,N,,,AEP Texas Central Company,3278,TX,345, , ,Y,,,,,,N,,66110,"Anemoi Energy Storage, LLC",Anemoi Energy Storage,TX,Hidalgo,ANEM1,Batteries,BA,,S,X,X,ANEM_ES_RN,,200.0,0.95,200,200, ,N, , ,OP,X,6,2024, , ,N,IPP Non-CHP,2,X,MWH,,,,,,,,,,N,N, ,10M,,,,,,,, , , , , , , , ,,, , , ,, , ,N,,
66111,"Ebony Energy Storage, LLC",67237,Ebony Energy Storage,19315 Marbach Lane,San Antonio,TX,78266,Comal,29.620088,-98.334481,TRE,ERCO,"Electric Reliability Council of Texas, Inc.",,22,NR,2,IPP Non-CHP,N,,N,,Y,EG23-143-000,N,,,City of San Antonio - (TX),16604,TX,138, , ,Y,,,,,,N,X,66111,"Ebony Energy Storage, LLC",Ebony Energy Storage,TX,Comal,EBON1,Batteries,BA,,S,X,X,,,207.9,0.95,200,200, ,N, , ,OP,X,6,2024, , ,N,IPP Non-CHP,2,X,MWH,,,,,,,,,,N,N, ,10M,,,,,,,, , , , , , , , ,,, , , ,, , ,N,N,N
59380,"Enel Green Power NA, Inc.",67284,Ganado Solar,4858 FM 710,Gail,TX,77962,Jackson,29.109147,-96.528761,TRE,ERCO,"Electric Reliability Council of Texas, Inc.",,22,NR,2,IPP Non-CHP,N,,N,,Y,EG22-127-000,N,,,"South Texas Electric Coop, Inc",17583,,138, , ,Y,,,,,,,,59380,"Enel Green Power NA, Inc.",Ganado Solar,TX,Jackson,GBA,Batteries,BA,,S,X,X,,,70.5, ,70.5,70.5, ,N, , ,OP,X,3,2024, , ,,IPP Non-CHP,2,,MWH,,,,,,,,,,,N, ,,,,,,,,, , , , , , , , ,,, , , ,, , ,,,
64897,"Generate ER-NG, LLC",67308,AbbVie Waco,8301 Mars Drive,Waco,TX,76712,McLennan,31.48819,-97.20061,TRE,ERCO,"Electric Reliability Council of Texas, Inc.",,22,NR,2,IPP Non-CHP,N,,N,,N,,,,,Oncor Electric Delivery Company LLC,44372,TX,138, , ,N,ATMOS ENERGY CORPORATION,,,,,N,,64897,"Generate ER-NG, LLC",AbbVie Waco,TX,McLennan,AB1,Natural Gas Internal Combustion Engine,IC,,S,X,X,,,0.4,0.8,0.4,0.4,0,N, , ,OP,X,11,2023, , ,N,IPP Non-CHP,2,X,NG,,,,,,,,,,N,N, ,10M,,,,,,,, , , , , , , , ,,, , , ,, , ,N,,
64897,"Generate ER-NG, LLC",67309,OTHERBenEKDallas,1805 Record Crossing Road,Dallas,TX,75235,Dallas,32.818471,-96.853215,TRE,ERCO,"Electric Reliability Council of Texas, Inc.",,22,NR,2,IPP Non-CHP,N,,N,,N,,N,,,Oncor Electric Delivery Company LLC,44372,TX,138, , ,N,ATMOS ENERGY CORPORATION,,,,,N,,64897,"Generate ER-NG, LLC",OTHERBenEKDallas,TX,Dallas,BEK1,Natural Gas Internal Combustion Engine,IC,,S,X,X,,,0.4,0.8,0.4,0.4,0,N, , ,OP,X,5,2023, , ,N,IPP Non-CHP,2,X,NG,,,,,,,,,,N,N, ,10M,,,,,,,, , , , , , , , ,,, , , ,, , ,N,N,
64897,"Generate ER-NG, LLC",67310,HEB00055,1425 E Southlake Blvd,Southlake,TX,76092,Tarrant,32.938924,-97.131314,TRE,ERCO,"Electric Reliability Council of Texas, Inc.",,22,NR,2,IPP Non-CHP,N,,N,,N,,N,,,Oncor Electric Delivery Company LLC,44372,TX,138, , ,N,ATMOS ENERGY CORPORATION,,,,,N,,64897,"Generate ER-NG, LLC",HEB00055,TX,Tarrant,H0551,Natural Gas Internal Combustion Engine,IC,,S,X,X,,,0.4,0.8,0.4,0.4,0,N, , ,OP,X,11,2023, , ,N,IPP Non-CHP,2,X,NG,,,,,,,,,,N,N, ,10M,,,,,,,, , , , , , , , ,,, , , ,, , ,N,,
64897,"Generate ER-NG, LLC",67311,HEB00760,17119 Highway 6,Manvel,TX,77578,Brazoria,29.487596,-95.405161,TRE,ERCO,"Electric Reliability Council of Texas, Inc.",,22,NR,2,IPP Non-CHP,N,,N,,N,,N,,,CenterPoint Energy,8901,TX,138, , ,N,CENTERPOINT ENERGY,,,,,N,,64897,"Generate ER-NG, LLC",HEB00760,TX,Brazoria,H7601,Natural Gas Internal Combustion Engine,IC,,S,X,X,,,0.4,0.8,0.4,0.4,0,N, , ,OP,X,10,2023, , ,N,IPP Non-CHP,2,X,NG,,,,,,,,,,N,N, ,10M,,,,,,,, , , , , , , , ,,, , , ,, , ,N,,
64897,"Generate ER-NG, LLC",67312,HEB00776,2102 Elrod Road,Katy,TX,77449,Harris,29.803572,-95.760533,TRE,ERCO,"Electric Reliability Council of Texas, Inc.",,22,NR,2,IPP Non-CHP,N,,N,,N,,N,,,CenterPoint Energy,8901,TX,138, , ,N,CENTERPOINT ENERGY,,,,,N,,64897,"Generate ER-NG, LLC",HEB00776,TX,Harris,H7761,Natural Gas Internal Combustion Engine,IC,,S,X,X,,,0.4,0.8,0.4,0.4,0,N, , ,OP,X,12,2022, , ,N,IPP Non-CHP,2,X,NG,,,,,,,,,,N,N, ,10M,,,,,,,, , , , , , , , ,,, , , ,, , ,N,,
64897,"Generate ER-NG, LLC",67313,HEB00789,4800 Main St. #4804,Frisco,TX,75034,Denton,33.155153,-96.846331,TRE,ERCO,"Electric Reliability Council of Texas, Inc.",,22,NR,2,IPP Non-CHP,N,,N,,N,,N,,,CenterPoint Energy,8901,TX,138, , ,N,CENTERPOINT ENERGY,,,,,N,,64897,"Generate ER-NG, LLC",HEB00789,TX,Denton,H7891,Natural Gas Internal Combustion Engine,IC,,S,X,X,,,0.4,0.8,0.4,0.4,0,N, , ,OP,X,7,2022, , ,N,IPP Non-CHP,2,X,NG,,,,,,,,,,N,N, ,10M,,,,,,,, , , , , , , , ,,, , , ,, , ,N,,
64897,"Generate ER-NG, LLC",67314,HEB00790,6001 Preston,Plano,TX,75093,Collin,33.055367,-96.796681,TRE,ERCO,"Electric Reliability Council of Texas, Inc.",,22,NR,2,IPP Non-CHP,N,,N,,N,,N,,,Oncor Electric Delivery Company LLC,44372,TX,138, , ,N,ATMOS ENERGY CORPORATION,,,,,N,,64897,"Generate ER-NG, LLC",HEB00790,TX,Collin,H7901,Natural Gas Internal Combustion Engine,IC,,S,X,X,,,0.4,0.8,0.4,0.4,0,N, , ,OP,X,9,2022, , ,N,IPP Non-CHP,2,X,NG,,,,,,,,,,N,N, ,10M,,,,,,,, , , , , , , , ,,, , , ,, , ,N,,
64897,"Generate ER-NG, LLC",67315,HEB00796,575 East Exchange Pkwy,Allen,TX,75002,Collin,33.116616,-96.653082,TRE,ERCO,"Electric Reliability Council of Texas, Inc.",,22,NR,2,IPP Non-CHP,N,,N,,N,,N,,,Oncor Electric Delivery Company LLC,44372,TX,138, , ,N,ATMOS ENERGY CORPORATION,,,,,N,,64897,"Generate ER-NG, LLC",HEB00796,TX,Collin,H7961,Natural Gas Internal Combustion Engine,IC,,S,X,X,,,0.4,0.8,0.4,0.4,0,N, , ,OP,X,3,2023, , ,N,IPP Non-CHP,2,X,NG,,,,,,,,,,N,N, ,10M,,,,,,,, , , , , , , , ,,, , , ,, , ,N,,
64449,"Texas Microgrid, LLC",67316,OTHERNFBWA,13380 Bellaire Blvd,Houston,TX,77083,Fort Bend,29.705627,-95.619133,TRE,ERCO,"Electric Reliability Council of Texas, Inc.",,22,NR,2,IPP Non-CHP,N,,N,,N,,N,,,CenterPoint Energy,8901,TX,138, , ,N,CENTERPOINT ENERGY,,,,,N,,64449,"Texas Microgrid, LLC",OTHERNFBWA,TX,Fort Bend,NFB1,Natural Gas Internal Combustion Engine,IC,,S,X,X,,,0.4,0.8,0.4,0.4,0,N, , ,OP,X,2,2021, , ,N,IPP Non-CHP,2,X,NG,,,,,,,,,,N,N, ,10M,,,,,,,, , , , , , , , ,,, , , ,, , ,N,,N
64449,"Texas Microgrid, LLC",67317,HEBTEMDistCenter,4820 Wendland Road,Temple,TX,76504,Bell,31.152387,-97.361183,TRE,ERCO,"Electric Reliability Council of Texas, Inc.",,22,NR,2,IPP Non-CHP,N,,N,,N,,N,,,Oncor Electric Delivery Company LLC,44372,TX,138, , ,N,ATMOS ENERGY CORPORATION,,,,,N,,64449,"Texas Microgrid, LLC",HEBTEMDistCenter,TX,Bell,HTE10,Natural Gas Internal Combustion Engine,IC,,S,X,X,,,0.4,0.8,0.4,0.4,0,N, , ,OP,X,5,2023, , ,N,IPP Non-CHP,2,X,NG,,,,,,,,,,N,N, ,10M,,,,,,,, , , , , , , , ,,, , , ,, , ,N,,N
64449,"Texas Microgrid, LLC",67318,OTHERTexasA&M,3100 TX-47,Bryan,TX,77807,Brazos,30.641955,-96.460971,TRE,ERCO,"Electric Reliability Council of Texas, Inc.",,22,NR,2,IPP Non-CHP,N,,N,,N,,N,,,City of Bryan - (TX),2442,TX,138, , ,N,ATMOS ENERGY CORPORATION,,,,,N,,64449,"Texas Microgrid, LLC",OTHERTexasA&M,TX,Brazos,TAM10,Natural Gas Internal Combustion Engine,IC,,S,X,X,,,0.4,0.8,0.4,0.4,0,N, , ,OP,X,5,2018, , ,N,IPP Non-CHP,2,X,NG,,,,,,,,,,N,N, ,10M,,,,,,,, , , , , , , , ,,, , , ,, , ,N,,N
64449,"Texas Microgrid, LLC",67319,HEB00769,18611 Eastfield Drive,Webster,TX,77083,Harris,29.553909,-95.150678,TRE,ERCO,"Electric Reliability Council of Texas, Inc.",,22,NR,2,IPP Non-CHP,N,,N,,N,,,,,CenterPoint Energy,8901,TX,138, , ,N,CENTERPOINT ENERGY,,,,,N,,64449,"Texas Microgrid, LLC",HEB00769,TX,Harris,H7691,Natural Gas Internal Combustion Engine,IC,,S,X,X,,,0.4,0.8,0.4,0.4,0,N, , ,OP,X,11,2021, , ,N,IPP Non-CHP,2,X,NG,,,,,,,,,,,N, ,10M,,,,,,,, , , , , , , , ,,, , , ,, , ,N,,N
64449,"Texas Microgrid, LLC",67381,OTHERTraditionClearfork,5755 Clearfork Main Street,Fort Worth,TX,76109,Tarrant,32.707171,-97.408328,TRE,ERCO,"Electric Reliability Council of Texas, Inc.",,22,NR,2,IPP Non-CHP,N,,N,,N,,N,,,Oncor Electric Delivery Company LLC,44372,TX,138, , ,N,ATMOS ENERGY CORPORATION,,,,,N,,64449,"Texas Microgrid, LLC",OTHERTraditionClearfork,TX,Tarrant,CLFK1,Natural Gas Internal Combustion Engine,IC,,S,X,X,,,0.4,0.8,0.4,0.4,0,N, , ,OP,X,4,2023, , ,N,IPP Non-CHP,2,X,NG,,,,,,,,,,N,N, ,10M,,,,,,,, , , , , , , , ,,, , , ,, , ,N,,N
66199,Hopkins Energy LLC,67424,Hopkins Energy LLC,1555 County Road 3523,Dike,TX,75437,Hopkins,33.21732,-95.4621,TRE,ERCO,"Electric Reliability Council of Texas, Inc.",,22,NR,2,IPP Non-CHP,N,,N,,Y,DM-8198326v7,,,,Oncor Electric Delivery Company LLC,44372,TX,345, , ,N,,,,,,,,66199,Hopkins Energy LLC,Hopkins Energy LLC,TX,Hopkins,HOPKS,Solar Photovoltaic,PV,,S,X,X,,,250.0, ,250,250,10,N, , ,OP,X,6,2024, , ,,IPP Non-CHP,2,,SUN,,,,,,,,,,,, ,,,,,,,,, , , , , , , , ,,, , , ,, , ,,,
66200,"Century Oak Wind Project, LLC",67425,"Century Oak Wind Project, LLC",4405 FM 880N,Cisco,TX,76437,Eastland,32.428686,-99.159114,TRE,ERCO,"Electric Reliability Council of Texas, Inc.",,22,NR,2,IPP Non-CHP,N,,N,,Y,DM-83999683v2,,,,"Lone Star Transmission, LLC",65090,,345, , ,N,,,,,,,,66200,"Century Oak Wind Project, LLC","Century Oak Wind Project, LLC",TX,Eastland,COAKW,Onshore Wind Turbine,WT,,S,X,X,,,151.5, ,151.5,151.5, ,N, , ,OP,X,7,2024, , ,,IPP Non-CHP,2,,WND,,,,,,,,,,,,45,,,,,,,,, , , , , , , , ,,, , , ,, , ,,,
64897,"Generate ER-NG, LLC",67433,HEB00794,8700 Eldorado Plwy,McKinney,TX,75070,Collin,33.175806,-96.728417,TRE,ERCO,"Electric Reliability Council of Texas, Inc.",,22,NR,2,IPP Non-CHP,N,,N,,N,,N,,,CenterPoint Energy,8901,TX,138, , ,N,CENTERPOINT ENERGY,,,,,N,,64897,"Generate ER-NG, LLC",HEB00794,TX,Collin,H7941,Natural Gas Internal Combustion Engine,IC,,S,X,X,,,0.4,0.8,0.4,0.4,0,N, , ,OP,X,5,2023, , ,N,IPP Non-CHP,2,X,NG,,,,,,,,,,N,N, ,10M,,,,,,,, , , , , , , , ,,, , , ,, , ,N,,
64897,"Generate ER-NG, LLC",67434,HEB00767,13663 FM 1488,Magnolia,TX,77354,Montgomery,30.221151,-95.681969,TRE,ERCO,"Electric Reliability Council of Texas, Inc.",,22,NR,2,IPP Non-CHP,N,,N,,N,,N,,,CenterPoint Energy,8901,TX,138, , ,N,CENTERPOINT ENERGY,,,,,N,,64897,"Generate ER-NG, LLC",HEB00767,TX,Montgomery,H7671,Natural Gas Internal Combustion Engine,IC,,S,X,X,,,0.4,0.8,0.4,0.4,0,N, , ,OP,X,7,2022, , ,N,IPP Non-CHP,2,X,NG,,,,,,,,,,N,N, ,10M,,,,,,,, , , , , , , , ,,, , , ,, , ,N,,
65076,"HEN Infrastructure, L.L.C.",67493,Pavlov,1319 CR 418,Markham,TX,77456,Matagorda,28.994112,-96.126203,TRE,ERCO,"Electric Reliability Council of Texas, Inc.",,22,NR,2,IPP Non-CHP,N,,N,,Y,EG22-209-000,,,,AEP Texas Central Company,3278,TX,12.47, , ,Y,,,,,,,,65076,"HEN Infrastructure, L.L.C.",Pavlov,TX,Matagorda,PAVLV,Batteries,BA,,J,X,X,PAVLOV_BESS,,9.9, ,9.9,9.9, ,N, , ,OP,X,10,2024, , ,,IPP Non-CHP,2,,MWH,,,,,,,,,,,, ,,,,,,,,, , , , , , , , ,,, , , ,, , ,N,,
65076,"HEN Infrastructure, L.L.C.",67494,Mainland,5017 FM 1764,La Marque,TX,77568,Galveston,29.39521,-95.04077,TRE,ERCO,"Electric Reliability Council of Texas, Inc.",,22,NR,2,IPP Non-CHP,N,,N,,Y,EG22-209-000,N,,,Texas-New Mexico Power Co,40051,TX,12.47, , ,Y,,,,,,,,65076,"HEN Infrastructure, L.L.C.",Mainland,TX,Galveston,MLNDB,Batteries,BA,,J,X,X,MAINLAND_BESS,,9.9, ,9.9,9.9, ,N, , ,OP,X,6,2024, , ,,IPP Non-CHP,2,,MWH,,,,,,,,,,,, ,,,,,,,,, , , , , , , , ,,, , , ,, , ,N,,
65076,"HEN Infrastructure, L.L.C.",67496,Sandlake,2898 Private Road 422,Pecos,TX,79772,Reeves,31.508786,-103.617546,TRE,ERCO,"Electric Reliability Council of Texas, Inc.",,22,NR,2,IPP Non-CHP,N,,N,,Y,EG22-209-000,N,,,Texas-New Mexico Power Co,40051,TX,24.9, , ,Y,,,,,,,,65076,"HEN Infrastructure, L.L.C.",Sandlake,TX,Reeves,SDLKB,Batteries,BA,,J,X,X,SANDLAKE_BESS,,9.9, ,9.9,9.9, ,N, , ,OP,X,10,2024, , ,N,IPP Non-CHP,2,X,MWH,,,,,,,,,,,, ,,,,,,,,, , , , , , , , ,,, , , ,, , ,N,N,
66280,"Markum Solar Farm, LLC",67580,Markum Solar Farm,18780 China Spring Rd.,Valley Mills,TX,76689,Bosque,31.694792,-97.374883,TRE,ERCO,"Electric Reliability Council of Texas, Inc.",,22,NR,2,IPP Non-CHP,N,,N,,Y,EG24-167-000,N,,,Brazos Electric Power Coop Inc,2172,,138, , ,N,,,,,,N,X,66280,"Markum Solar Farm, LLC",Markum Solar Farm,TX,Bosque,MKM,Solar Photovoltaic,PV,,S,X,X,,,161.0,0.95,161,161,161,N, , ,OP,X,11,2024, , ,N,IPP Non-CHP,2,X,SUN,,,,,,,,,,,, ,,,,,,,,, , , , , , , , ,,, , , ,, , ,,,
17698,Southwestern Electric Power Co,67601,Diversion Wind Energy LLC,8110 US HWY 277 E,Seymour,TX,76380,Baylor,33.719262,-99.023013,TRE,SWPP,Southwest Power Pool,,22,RE,1,Electric Utility,N,,N,,Y,EG23-35-000,,,,Public Service Co of Oklahoma,15474,OK,345, , ,N,,,,,,,,17698,Southwestern Electric Power Co,Diversion Wind Energy LLC,TX,Baylor,DIV01,Onshore Wind Turbine,WT,,S,X,X,,,98.6, ,98.6,98.6, ,N, , ,OP,X,12,2024, , ,N,Electric Utility,1,X,WND,,,,,,,,,,,,29,,,,,,,,, , , , , , , , ,,, , , ,, , ,,,
66338,Al Pastor BESS LLC,67721,Al Pastor Battery Storage Plant,1757 S Elgin Ave,Lamesa,TX,79331,Dawson,32.7171,-101.9378,TRE,ERCO,"Electric Reliability Council of Texas, Inc.",,22,NR,2,IPP Non-CHP,N,,N,,Y,EG24-130-000,N,X,,Oncor Electric Delivery Company LLC,44372,TX,138, , ,Y,,,,,,X,X,66338,Al Pastor BESS LLC,Al Pastor Battery Storage Plant,TX,Dawson,ALPTR,Batteries,BA,,S,X,X,WEST,WEST,100.3,0.95,100.3,100.3, ,N, , ,OP,X,11,2024, , ,N,IPP Non-CHP,2,X,MWH,,,,,,,,,,,, ,,,,,,,,, , , , , , , , ,,, , , ,, , ,,,
66351,Citadel BESS LLC,67738,Citadel Battery Storage Plant,2611 FM 1942,Crosby,TX,77532,Harris,29.87404,-95.018244,TRE,ERCO,"Electric Reliability Council of Texas, Inc.",,22,NR,2,IPP Non-CHP,N,,N,,Y,EG24-131-000,N,,,CenterPoint Energy,8901,TX,138, , ,Y,,,,,,,,66351,Citadel BESS LLC,Citadel Battery Storage Plant,TX,Harris,CITDL,Batteries,BA,,S,X,X,HOUSTON,HOUSTON,204.0,0.95,204,204, ,N, , ,OP,X,12,2024, , ,N,IPP Non-CHP,2,X,MWH,,,,,,,,,,,, ,,,,,,,,, , , , , , , , ,,, , , ,, , ,,,
66350,Wigeon Whistle BESS LLC,67739,Wigeon Whistle Battery Storage Plant,8714 CO Rd 592,Nevada,TX,75173,Collin,33.030354,-96.357203,TRE,ERCO,"Electric Reliability Council of Texas, Inc.",,22,NR,2,IPP Non-CHP,N,,N,,Y,EG24-133-000,N,X,,City of Garland - (TX),6958,TX,138, , ,Y,,,,,,,,66350,Wigeon Whistle BESS LLC,Wigeon Whistle Battery Storage Plant,TX,Collin,WIDWH,Batteries,BA,,S,X,X,NORTH,NORTH,120.0,0.95,120,120, ,N, , ,OP,X,12,2024, , ,N,IPP Non-CHP,2,X,MWH,,,,,,,,,,,, ,,,,,,,,, , , , , , , , ,,, , , ,, , ,,,
66361,Stampede Solar Project LLC,67762,Stampede Solar Hybrid,282 Country Road 3538,Saltillo,TX,75478,Hopkins,33.201315,-95.319229,TRE,ERCO,"Electric Reliability Council of Texas, Inc.",,22,NR,2,IPP Non-CHP,N,,N,,N,,,,,Oncor Electric Delivery Company LLC,44372,TX,345, , ,Y,,,,,,,,66361,Stampede Solar Project LLC,Stampede Solar Hybrid,TX,Hopkins,STMPB,Batteries,BA,,S,X,X,,,72.2, ,72.2,72.2, ,N, , ,OP,X,10,2024, , ,,IPP Non-CHP,2,,MWH,,,,,,,,,,,, ,,,,,,,,, , , , , , , , ,,, , , ,, , ,,,
60520,SoCore Energy LLC,67791,ABIA Parking Structure,3201 Presidential Blvd,Austin,TX,78719,Travis,30.2047,-97.6686,TRE,SWPP,Southwest Power Pool,,22,NR,2,IPP Non-CHP,N,,Y,QF21-32,N,,,,,Austin Energy,1015,TX,0.48, , ,N,,,,,,N,X,60520,SoCore Energy LLC,ABIA Parking Structure,TX,Travis,PV1,Solar Photovoltaic,PV,,S,X,X,,,1.8, ,1.8,1.8, ,N, , ,OP,X,4,2021, , ,N,IPP Non-CHP,2,X,SUN,,,,,,,,,,N,N, ,,,,,,,,, , , , , , , , ,,, , , ,, , ,,,
60520,SoCore Energy LLC,67827,TJX 2021 DG El Paso DC,3900 Global Reach Drive,El Paso,TX,79925,El Paso,31.807733,-106.337786,TRE,EPE,El Paso Electric Company,,22,NR,2,IPP Non-CHP,N,,Y,QF24-29,N,,N,,,El Paso Electric Co,5701,TX,0.48, , ,N,,,,,,N,X,60520,SoCore Energy LLC,TJX 2021 DG El Paso DC,TX,El Paso,PV1,Solar Photovoltaic,PV,,S,X,X,,,1.5, ,1.5,1.5, ,N, , ,OP,X,12,2024, , ,N,IPP Non-CHP,2,X,SUN,,,,,,,,,,,, ,,,,,,,,, , , , , , , , ,,, , , ,, , ,,,
66421,"BT Signal Ranch, LLC",67849,BT Signal Ranch,779 Signal Road,Quinlan,TX,75474,Hunt,32.986,-96.085998,TRE,ERCO,"Electric Reliability Council of Texas, Inc.",,22,NR,2,IPP Non-CHP,N,,N,,Y,EG24-235-000,N,,,"Rayburn Country Elec Coop, Inc",18589,,138, , ,N,,,,,,N,X,66421,"BT Signal Ranch, LLC",BT Signal Ranch,TX,Hunt,BTS,Solar Photovoltaic,PV,,S,X,X,,,50.0,0.8,50,50, ,N, , ,OP,X,12,2024, , ,,IPP Non-CHP,2,,SUN,,,,,,,,,,,, ,,,,,,,,, , , , , , , , ,,, , , ,, , ,,,
66433,Giga Texas Energy LLC,67860,GFTX BESS,1 Tesla Road,Austin,TX,78725,Travis,30.228276,-97.618833,TRE,ERCO,"Electric Reliability Council of Texas, Inc.",,22,NR,2,IPP Non-CHP,N,,N,,N,,,,,Lower Colorado River Authority,11269,,345, , ,Y,,,,,,,,66433,Giga Texas Energy LLC,GFTX BESS,TX,Travis,GFTX,Batteries,BA,,S,X,X,GIGA_ESS_RN,,125.0,0.95,125,125, ,N, , ,OP,X,8,2024, , ,,IPP Non-CHP,2,,MWH,,,,,,,,,,,, ,,,,,,,,, , , , , , , , ,,, , , ,, , ,,,
66432,"BT Connolly Storage, LLC",67861,Connolly BESS,116 County Rd 4511,Decatur,TX,76234,Wise,33.210732,-97.418986,TRE,ERCO,"Electric Reliability Council of Texas, Inc.",,22,NR,2,IPP Non-CHP,N,,N,,N,,,,,Oncor Electric Delivery Company LLC,44372,TX,138, , ,Y,,,,,,,,66432,"BT Connolly Storage, LLC",Connolly BESS,TX,Wise,CNLY,Batteries,BA,,S,X,X,CNLY_ESS_RN,,125.0,0.95,125,125, ,N, , ,OP,X,11,2024, , ,,IPP Non-CHP,2,,MWH,,,,,,,,,,,, ,,,,,,,,, , , , , , , , ,,, , , ,, , ,,,
62842,"Lightsource Renewable Energy Asset Management, LLC",68474,Peacock Energy Project,7430 CR 3349,Taft,TX,78390,San Patricio,28.000395,-97.387902,TRE,ERCO,"Electric Reliability Council of Texas, Inc.",,22,NR,2,IPP Non-CHP,N,,N,,N,,N,,,AEP Texas Central Company,3278,TX,138, , ,N,,,,,,X,X,62842,"Lightsource Renewable Energy Asset Management, LLC",Peacock Energy Project,TX,San Patricio,TXPC1,Solar Photovoltaic,PV,,S,X,X,,,150.0, ,150,150, ,N, , ,OP,X,11,2024, , ,N,IPP Non-CHP,2,X,SUN,,,,,,,,,,,, ,,,,,,,,, , , , , , , , ,,, , , ,, , ,,,
67035,Prologis Logistics Services Incorporated BESS,68683,Crockett BESS,2001 White Street,Houston,TX,77007,Harris,29.77682,-95.37989,TRE,ERCO,"Electric Reliability Council of Texas, Inc.",,22,NR,2,IPP Non-CHP,N,,N,,N,,,,,CenterPoint Energy,8901,TX,12.47, , ,Y,,,,,,,,67035,Prologis Logistics Services Incorporated BESS,Crockett BESS,TX,Harris,HO241,Batteries,BA,,S,X,X,,,10.0, ,9.5,9.5,0.5,N, , ,OP,X,12,2024, , ,N,IPP Non-CHP,2,X,MWH,,,,,,,,,,,, ,10M,,,,,,,, , , , , , , , ,,, , , ,, , ,,,
67035,Prologis Logistics Services Incorporated BESS,68684,Century BESS,3651 Allen Avenue,Arlington,TX,76014,Tarrant,32.68657,-97.083253,TRE,ERCO,"Electric Reliability Council of Texas, Inc.",,22,NR,2,IPP Non-CHP,N,,N,,N,,,,,Oncor Electric Delivery Company LLC,44372,TX,24.9, , ,Y,,,,,,,,67035,Prologis Logistics Services Incorporated BESS,Century BESS,TX,Tarrant,DL805,Batteries,BA,,S,X,X,,,10.0, ,9.5,9.5,0.5,N, , ,OP,X,12,2024, , ,N,IPP Non-CHP,2,X,MWH,,,,,,,,,,,, ,10M,,,,,,,, , , , , , , , ,,, , , ,, , ,,,
67035,Prologis Logistics Services Incorporated BESS,68685,Liggett Switch,3450 Roy Orr Blvd,Grand Prairie,TX,75050,Tarrant,32.81479,-97.025,TRE,ERCO,"Electric Reliability Council of Texas, Inc.",,22,NR,2,IPP Non-CHP,N,,N,,N,,,,,Oncor Electric Delivery Company LLC,44372,TX,12.47, , ,Y,,,,,,,,67035,Prologis Logistics Services Incorporated BESS,Liggett Switch,TX,Tarrant,DL745,Batteries,BA,,S,X,X,,,10.0, ,9.7,9.7,0.5,N, , ,OP,X,12,2024, , ,N,IPP Non-CHP,2,X,MWH,,,,,,,,,,,, ,10M,,,,,,,, , , , , , , , ,,, , , ,, , ,,,
64897,"Generate ER-NG, LLC",68730,HEB00750,1670 E Broad Street,Mansfield,TX,76063,Tarrant,32.56722,-97.114802,TRE,ERCO,"Electric Reliability Council of Texas, Inc.",,22,NR,2,IPP Non-CHP,N,,N,,N,,N,,,Oncor Electric Delivery Company LLC,44372,TX,138, , ,N,ATMOS ENERGY CORPORATION,,,,,N,,64897,"Generate ER-NG, LLC",HEB00750,TX,Tarrant,H7501,Natural Gas Internal Combustion Engine,IC,,S,X,X,,,0.4,0.8,0.4,0.4,0,N, , ,OP,X,6,2024, , ,N,IPP Non-CHP,2,X,NG,,,,,,,,,,N,N, ,10M,,,,,,,, , , , , , , , ,,, , , ,, , ,N,,
64897,"Generate ER-NG, LLC",68731,HEB00779,4520 Holmes Road,Houston,TX,77033,Harris,29.682168,-95.354467,TRE,ERCO,"Electric Reliability Council of Texas, Inc.",,22,NR,2,IPP Non-CHP,N,,N,,N,,N,,,CenterPoint Energy,8901,TX,138, , ,N,CENTERPOINT ENERGY,,,,,N,,64897,"Generate ER-NG, LLC",HEB00779,TX,Harris,H7791,Natural Gas Internal Combustion Engine,IC,,S,X,X,,,0.4,0.8,0.4,0.4,0,N, , ,OP,X,4,2024, , ,N,IPP Non-CHP,2,X,NG,,,,,,,,,,N,N, ,10M,,,,,,,, , , , , , , , ,,, , , ,, , ,N,,
64897,"Generate ER-NG, LLC",68732,HEB00797,24924 Morton Ranch Road,Katy,TX,77493,Harris,29.817229,-95.80365,TRE,ERCO,"Electric Reliability Council of Texas, Inc.",,22,NR,2,IPP Non-CHP,N,,N,,N,,N,,,CenterPoint Energy,8901,TX,138, , ,N,CENTERPOINT ENERGY,,,,,N,,64897,"Generate ER-NG, LLC",HEB00797,TX,Harris,H7971,Natural Gas Internal Combustion Engine,IC,,S,X,X,,,0.4,0.8,0.4,0.4,0,N, , ,OP,X,12,2024, , ,N,IPP Non-CHP,2,X,NG,,,,,,,,,,N,N, ,10M,,,,,,,, , , , , , , , ,,, , , ,, , ,N,,
64897,"Generate ER-NG, LLC",68733,HEB00798,16000 Woodland Hill Drive,Humble,TX,77346,Harris,29.957375,-95.207348,TRE,ERCO,"Electric Reliability Council of Texas, Inc.",,22,NR,2,IPP Non-CHP,N,,N,,N,,N,,,CenterPoint Energy,8901,TX,138, , ,N,CENTERPOINT ENERGY,,,,,N,,64897,"Generate ER-NG, LLC",HEB00798,TX,Harris,H7981,Natural Gas Internal Combustion Engine,IC,,S,X,X,,,0.4,0.8,0.4,0.4,0,N, , ,OP,X,7,2024, , ,N,IPP Non-CHP,2,X,NG,,,,,,,,,,N,N, ,10M,,,,,,,, , , , , , , , ,,, , , ,, , ,N,,
64897,"Generate ER-NG, LLC",68734,HEB00801,3451 Heritage Trace Parkway,Fort Worth,TX,76177,Tarrant,32.914505,-97.308935,TRE,ERCO,"Electric Reliability Council of Texas, Inc.",,22,NR,2,IPP Non-CHP,N,,N,,N,,N,,,Oncor Electric Delivery Company LLC,44372,TX,138, , ,N,ATMOS ENERGY CORPORATION,,,,,N,,64897,"Generate ER-NG, LLC",HEB00801,TX,Tarrant,H8011,Natural Gas Internal Combustion Engine,IC,,S,X,X,,,0.4,0.8,0.4,0.4,0,N, , ,OP,X,5,2024, , ,N,IPP Non-CHP,2,X,NG,,,,,,,,,,N,N, ,10M,,,,,,,, , , , , , , , ,,, , , ,, , ,N,,
64449,"Texas Microgrid, LLC",68735,HEBTEMDistCenter1B,4820 Wendland Road,Temple,TX,76504,Bell,31.152387,-97.361183,TRE,ERCO,"Electric Reliability Council of Texas, Inc.",,22,NR,2,IPP Non-CHP,N,,N,,N,,N,,,Oncor Electric Delivery Company LLC,44372,TX,138, , ,N,ATMOS ENERGY CORPORATION,,,,,N,,64449,"Texas Microgrid, LLC",HEBTEMDistCenter1B,TX,Bell,HT1B1,Natural Gas Internal Combustion Engine,IC,,S,X,X,,,0.4,0.8,0.4,0.4,0,N, , ,OP,X,11,2024, , ,N,IPP Non-CHP,2,X,NG,,,,,,,,,,N,N, ,10M,,,,,,,, , , , , , , , ,,, , , ,, , ,N,,
64449,"Texas Microgrid, LLC",68736,HEBTEMDistCenter2A,4820 Wendland Road,Temple,TX,76504,Bell,31.152387,-97.361183,TRE,ERCO,"Electric Reliability Council of Texas, Inc.",,22,NR,2,IPP Non-CHP,N,,N,,N,,N,,,Oncor Electric Delivery Company LLC,44372,TX,138, , ,N,ATMOS ENERGY CORPORATION,,,,,N,,64449,"Texas Microgrid, LLC",HEBTEMDistCenter2A,TX,Bell,HT2A1,Natural Gas Internal Combustion Engine,IC,,S,X,X,,,0.4,0.8,0.4,0.4,0,N, , ,OP,X,11,2024, , ,N,IPP Non-CHP,2,X,NG,,,,,,,,,,N,N, ,10M,,,,,,,, , , , , , , , ,,, , , ,, , ,N,,
64449,"Texas Microgrid, LLC",68737,OTHERTraditionBuffalo,9339 Buffalo Speedway,Houston,TX,77025,Harris,29.684609,-95.427081,TRE,ERCO,"Electric Reliability Council of Texas, Inc.",,22,NR,2,IPP Non-CHP,N,,N,,N,,N,,,CenterPoint Energy,8901,TX,138, , ,N,CENTERPOINT ENERGY,,,,,N,,64449,"Texas Microgrid, LLC",OTHERTraditionBuffalo,TX,Harris,TBUF1,Natural Gas Internal Combustion Engine,IC,,S,X,X,,,0.4,0.8,0.4,0.4,0,N, , ,OP,X,6,2024, , ,N,IPP Non-CHP,2,X,NG,,,,,,,,,,N,N, ,10M,,,,,,,, , , , , , , , ,,, , , ,, , ,N,,
67132,Longhorn Storage LLC,68878,Longhorn Storage,4405 FM 880N,Cisco,TX,76437,Eastland,32.428686,-99.159114,TRE,ERCO,"Electric Reliability Council of Texas, Inc.",,22,NR,2,IPP Non-CHP,N,,N,,Y,EG23-269-000,N,,,"Lone Star Transmission, LLC",65090,TX,345, , ,Y,,,,,,,,67132,Longhorn Storage LLC,Longhorn Storage,TX,Eastland,LONGH,Batteries,BA,,S,X,X,,,165.0, ,142.1,142.1,10,N, , ,OP,X,9,2024, , ,N,IPP Non-CHP,2,X,MWH,,,,,,,,,,N,N, ,,,,,,,,, , , , , , , , ,,, , , ,, , ,,,
67139,Libra Storage LLC,68895,Libra Storage,3363 Mesquite Pass,Seguin,TX,78155,Guadalupe,29.466592,-98.002839,TRE,ERCO,"Electric Reliability Council of Texas, Inc.",,22,NR,2,IPP Non-CHP,N,,N,,Y,EG23-141-000,N,,,City of San Antonio - (TX),16604,TX,345, , ,Y,,,,,,,,67139,Libra Storage LLC,Libra Storage,TX,Guadalupe,LIBR,Batteries,BA,,S,X,X,,,236.3, ,201.02,201.02,10,N, , ,OP,X,12,2023, , ,N,IPP Non-CHP,2,X,MWH,,,,,,,,,,,, ,,,,,,,,, , , , , , , , ,,, , , ,, , ,,,
67142,Sun Valley Storage LLC,68896,Sun Valley Storage,886 HCR 3110 S,Abbot,TX,76221,Hill,31.857837,-97.017128,TRE,ERCO,"Electric Reliability Council of Texas, Inc.",,22,NR,2,IPP Non-CHP,N,,N,,Y,EG23-140-000,N,,,Oncor Electric Delivery Company LLC,44372,TX,345, , ,Y,,,,,,,,67142,Sun Valley Storage LLC,Sun Valley Storage,TX,Hill,SUNVB,Batteries,BA,,S,X,X,,,123.3, ,123.3,123.3,10,N, , ,OP,X,1,2024, , ,N,IPP Non-CHP,2,X,MWH,,,,,,,,,,,, ,,,,,,,,, , , , , , , , ,,, , , ,, , ,,,
56598,"Major Oak Power, LLC",7030,Major Oak Power,13065 Plant Rd.,Bremond,TX,76629,Robertson,31.091925,-96.69503,TRE,ERCO,"Electric Reliability Council of Texas, Inc.",Wells,22,NR,2,IPP Non-CHP,N,,N,,N,,Y,Y,OP,Public Service Co of NM,15473,NM,345, , ,N,,,,,,N,X,56598,"Major Oak Power, LLC",Major Oak Power,TX,Robertson,1,Conventional Steam Coal,ST,,S,X,X,TNP_TNP_O_1,TNP_TNP_O_1,174.6,0.9,152,153,95,N, , ,OP,X,9,1990, , ,N,IPP Non-CHP,2,X,LIG,NG,SUB,PC,,,NG,,,,N,N, ,OVER,Y,,,,Y,,, , , , , , , , ,,, , , ,, , ,Y,Y,N
16604,City of San Antonio - (TX),7097,J K Spruce,12940 US Hwy 181 South,San Antonio,TX,78263,Bexar,29.309722,-98.3203,TRE,ERCO,"Electric Reliability Council of Texas, Inc.",Calaveras Lake,22,RE,1,Electric Utility,N,,N,,N,,Y,N,OP,City of San Antonio - (TX),16604,TX,345, , ,N,,ENTERPRISE TEXAS PIPELINE,,,,N,X,16604,City of San Antonio - (TX),J K Spruce,TX,Bexar,1,Conventional Steam Coal,ST,,S,X,X,CALAVER_JKS1,CALAVER_JKS1,566.0,0.9,560,560,130,N, , ,OP,X,12,1992,12,2028,N,Electric Utility,1,X,SUB,,,,,,NG,,,,N,N,0,OVER,,Y,,,Y,,, , , , , , , , ,,, , , ,N, , ,N,N,N
54888,NRG Texas Power LLC,7325,San Jacinto Steam Electric Station,845 Sens Road,La Porte,TX,77571,Harris,29.694838,-95.040622,TRE,ERCO,"Electric Reliability Council of Texas, Inc.",Dupont,22,NR,2,IPP Non-CHP,N,,N,,N,,N,X,,CenterPoint Energy,8901,TX,138, , ,N,,KINDER MORGAN TEJAS PIPELINE LLC,,,,N,X,54888,NRG Texas Power LLC,San Jacinto Steam Electric Station,TX,Harris,1,Natural Gas Fired Combustion Turbine,GT,,S,X,X,SJS_SJS_G1,SJS_SJS_G1,88.2,0.85,80,87,58,N, , ,OP,X,4,1995, , ,N,IPP Non-CHP,2,X,NG,,,,,,NG,,,,N,N, ,12H,,,,,,,, , , , , , , , ,,, , , ,, , ,N,,
16604,City of San Antonio - (TX),7512,Arthur Von Rosenberg,15290 Streich Rd.,Elmendorf,TX,78112,Bexar,29.257046,-98.384045,TRE,ERCO,"Electric Reliability Council of Texas, Inc.",Braunig Lake,22,RE,1,Electric Utility,N,,N,,N,,N,X,,City of San Antonio - (TX),16604,TX,345, , ,N,,ENTERPRISE TEXAS PIPELINE,,,,N,X,16604,City of San Antonio - (TX),Arthur Von Rosenberg,TX,Bexar,1,Natural Gas Fired Combined Cycle,CT,CC1,S,X,N,BRA_AVR_CST1,BRA_AVR_CST1,187.5,0.9,164,176,90,N, , ,OP,X,6,2000, , ,N,Electric Utility,1,X,NG,,,,,,,,,,N,N, ,12H,,,,,,,,10,20,1,2025, , , , ,,, , , ,, , ,N,N,N
1015,Austin Energy,7900,Sand Hill,13005 Fallwell Ln.,Austin,TX,78617,Travis,30.2098,-97.6129,TRE,ERCO,"Electric Reliability Council of Texas, Inc.",Colorado River/ SA Reg WWTP,22,RE,1,Electric Utility,N,,N,,N,,N,X,,Austin Energy,1015,TX,138, , ,N,,KINDER MORGAN TEXAS PIPELINE LLC,ENTERPRISE TEXAS PIPELINE,,,X,,1015,Austin Energy,Sand Hill,TX,Travis,5A,Natural Gas Fired Combined Cycle,CT,CC1,S,X,N,,,198.0,0.9,161,180,92,N, , ,OP,X,9,2004, , ,N,Electric Utility,1,X,NG,,,,,,,,,,,, ,12H,,,,,,,, , , , , , , , ,,, , , ,, , ,N,,N
6958,City of Garland - (TX),794,Lewisville,1500 N Mill St,Lewisville,TX,75067,Denton,33.068473,-96.963806,TRE,ERCO,"Electric Reliability Council of Texas, Inc.",Lewisville Lake,22,RE,1,Electric Utility,N,,N,,N,,N,X,,City of Denton - (TX),5063,TX,69, , ,N,,,,,,X,X,6958,City of Garland - (TX),Lewisville,TX,Denton,1,Conventional Hydroelectric,HY,,S,X,X,,,2.8,0.9,2,2,0.5,N, , ,OP,X,1,1992, , ,N,Electric Utility,1,X,WAT,,,,,,,,,,,, ,1H,,,,,,,, , , , , , , , ,,, , , ,, , ,N,,
55983,Luminant Generation Company LLC,8063,DeCordova Steam Electric Station,4950 Power Plant Court,Granbury,TX,76048,Hood,32.403056,-97.700556,TRE,ERCO,"Electric Reliability Council of Texas, Inc.",Lake Granbury,22,NR,2,IPP Non-CHP,N,,N,,N,,N,X,,Oncor Electric Delivery Company LLC,44372,TX,345,138, ,Y,,ENERGY TRANSFER FUEL LP,,,,N,N,55983,Luminant Generation Company LLC,DeCordova Steam Electric Station,TX,Hood,BESS,Batteries,BA,,S,X,X,,,269.1, ,260,260, ,N, , ,OP,X,7,2022, , ,N,IPP Non-CHP,2,X,MWH,,,,,,,,,,,, ,10M,,,,,,,, , , , , , , , ,,, , , ,, , ,,,
5701,El Paso Electric Co,9,Copper,651 Hawkins Blvd.,El Paso,TX,79915,El Paso,31.7569,-106.375,WECC,EPE,El Paso Electric Company,Municipality,22,RE,1,Electric Utility,N,,N,,N,,,X,,El Paso Electric Co,5701,TX,115, , ,N,,ONEOK WES TEX TRANSMISSION LLC,,,,X,X,5701,El Paso Electric Co,Copper,TX,El Paso,1,Natural Gas Fired Combustion Turbine,GT,,S,X,X,,,86.9,0.9,63,65,3,N, , ,OP,X,7,1980,12,2030,N,Electric Utility,1,X,NG,,,,,,,,,,N,, ,10M,,,,,,,, , , , , , , , ,,, , , ,, , ,N,,N
54745,International Paper - Orange,10425,International Paper - Orange,1750 Inland Rd,Orange,TX,77632,Orange,30.2178,-93.7422,SERC,MISO,"Midcontinent Independent Transmission System Operator, Inc..",Sabine River,32213,NR,7,Industrial CHP,N,,N,,N,,Y,N,OP,Entergy Texas Inc.,55937,TX,13.8, , ,N,,,,,,N,X,54745,International Paper - Orange,International Paper - Orange,TX,Orange,TG,Wood/Wood Waste Biomass,ST,,W,X,X,,,48.0,1,33.2,33.8,5,N, , ,OP,X,11,1967, , ,Y,Industrial CHP,7,B,BLQ,NG,WDS,TDF,,,NG,,,,N,N, ,12H,N,N,N,,N,N,N, , , , , , , , ,,, , , ,, , ,Y,N,N
11292,City of Lubbock - (TX),3602,Ty Cooke,3500 E. Slaton Hwy,Lubbock,TX,79404,Lubbock,33.5211,-101.7906,TRE,SWPP,Southwest Power Pool,Municipality,22,RE,1,Electric Utility,N,,N,,N,,N,X,,City of Lubbock - (TX),11292,TX,69, , ,N,Other - See pipeline notes.,,,,ONEOK WESTEX TRANSMISSIOM LLC,N,X,11292,City of Lubbock - (TX),Ty Cooke,TX,Lubbock,GT2,Natural Gas Fired Combustion Turbine,GT,,S,X,X,,,18.5,0.9,16,18.5,16,N, , ,OP,X,6,1971, , ,N,Electric Utility,1,X,NG,,,,,,,,,,N,N, ,1H,,,,,,,, , , , , , , , ,,, , , ,, , ,N,N,N
11292,City of Lubbock - (TX),3604,J Robert Massengale,230 Massengale Drive,Lubock,TX,79401,Lubbock,33.6039,-101.8408,TRE,SWPP,Southwest Power Pool,Municipality,22,RE,1,Electric Utility,N,,N,,N,,N,X,,City of Lubbock - (TX),11292,TX,69, , ,N,ATMOS ENERGY CORPORATION,,,,,N,X,11292,City of Lubbock - (TX),J Robert Massengale,TX,Lubbock,6A,Natural Gas Fired Combined Cycle,CA,MGL8,S,Y,X,,,22.0,0.9,18,18,10,N, , ,OP,X,6,1957, , ,N,Electric Utility,1,X,NG,,,,,,,,,,N,N, ,12H,,,,,,,, , , , , , , , ,,, , , ,, , ,N,N,N
16098,"Rio Grande Valley Sugar Growers, Inc.",54338,Rio Grande Valley Sugar Growers,2 1/2mi.W. Hwy 107,Santa Rosa,TX,78593,Hidalgo,26.269683,-97.867012,TRE,ERCO,"Electric Reliability Council of Texas, Inc.",Municipality,311,NR,7,Industrial CHP,N,,N,,N,,Y,N,OP,AEP Texas Central Company,3278,TX,12.5, , ,N,TEXAS GAS SERVICE,,,,,N,X,16098,"Rio Grande Valley Sugar Growers, Inc.",Rio Grande Valley Sugar Growers,TX,Hidalgo,GENA,Other Waste Biomass,ST,,S,X,X,,,2.5,0.8,2.5,2.5,0.5,N, , ,OP,X,10,1973, , ,Y,Industrial CHP,7,T,AB,NG,,,,,AB,NG,,,N,, ,12H,,,,,,,, , , , , , , , ,,, , , ,, , ,Y,Y,N
65076,"HEN Infrastructure, L.L.C.",65838,Hoef's Road Storage,2310 Hoef's Road,Balmorhea,TX,79718,Reeves,31.031247,-103.46256,TRE,ERCO,"Electric Reliability Council of Texas, Inc.",,22,NR,2,IPP Non-CHP,N,,N,,Y,EG22-208-000,N,,,AEP Texas Central Company,3278,TX,12.47, , ,Y,,,,,,N,N,65076,"HEN Infrastructure, L.L.C.",Hoef's Road Storage,TX,Reeves,HOEFS,Batteries,BA,,W,X,X,,,2.0, ,2,2, ,N, , ,OP,X,5,2021, , ,N,IPP Non-CHP,2,X,MWH,,,,,,,,,,N,N, ,10M,,,,,,,, , , , , , , , ,,, , , ,, , ,,,
11292,City of Lubbock - (TX),7131,Brandon Station,1201 Hartford Ave,Lubbock,TX,79409,Lubbock,33.585257,-101.886093,TRE,SWPP,Southwest Power Pool,Municipality,22,RE,1,Electric Utility,N,,N,,N,,N,X,,City of Lubbock - (TX),11292,TX,69, , ,N,Other - See pipeline notes.,,,,MARKWEST POWER TEX LLC,N,X,11292,City of Lubbock - (TX),Brandon Station,TX,Lubbock,1,Natural Gas Fired Combustion Turbine,GT,,S,X,X,,,21.0,0.9,20,21.5,20,N, , ,OP,X,7,1990, , ,Y,Electric Utility,1,T,NG,,,,,,,,,,N,N, ,1H,,,,,,,, , , , , , , , ,,, , , ,, , ,N,N,N
7751,Guadalupe Blanco River Authority,3581,Abbott TP 3,8860 F M 725,McQueeney,TX,78155,Guadalupe,29.593951,-98.040734,TRE,ERCO,"Electric Reliability Council of Texas, Inc.",Guadalupe River,22,RE,1,Electric Utility,N,,N,,N,,N,X,,Guadalupe Valley Elec Coop Inc,7752,TX,12, , ,N,,,,,,X,X,7751,Guadalupe Blanco River Authority,Abbott TP 3,TX,Guadalupe,1,Conventional Hydroelectric,HY,,S,X,X,,,1.4,0.8,1.4,1.4,1.1,N, , ,OP,X,1,1927, , ,N,Electric Utility,1,X,WAT,,,,,,,,,,N,N, ,1H,,,,,,,, , , , , , , , ,,, , , ,, , ,N,,
7751,Guadalupe Blanco River Authority,3585,Nolte,2220 FM 466,Seguin,TX,78155,Guadalupe,29.537565,-97.932106,TRE,ERCO,"Electric Reliability Council of Texas, Inc.",Guadalupe River,22,RE,1,Electric Utility,N,,N,,N,,N,X,,Guadalupe Valley Elec Coop Inc,7752,TX,12, , ,N,,,,,,X,X,7751,Guadalupe Blanco River Authority,Nolte,TX,Guadalupe,1,Conventional Hydroelectric,HY,,S,X,X,,,1.2,0.8,1.2,1.2,0.6,N, , ,OP,X,1,1927, , ,N,Electric Utility,1,X,WAT,,,,,,,,,,N,N, ,1H,,,,,,,, , , , , , , , ,,, , , ,, , ,N,,
327,Air Liquide Large Industries U S LP,54748,Port Neches Plant,2121 Park Street,Port Neches,TX,77651,Jefferson,29.97876,-93.952294,SERC,MISO,"Midcontinent Independent Transmission System Operator, Inc..",Ind Gas Manure,325,NR,7,Industrial CHP,Y,93-40-000,N,,N,,,X,,Entergy Texas Inc.,55937,TX,69, , ,N,,KINDER MORGAN TEJAS PIPELINE LLC,,,,N,,327,Air Liquide Large Industries U S LP,Port Neches Plant,TX,Jefferson,G1,Natural Gas Fired Combustion Turbine,GT,,S,X,X,,,38.0,0.85,32,30.5,27,N, , ,OP,X,2,1994,12,2023,Y,Industrial CHP,7,T,NG,,,,,,,,,,N,, ,12H,,,,,,,, , , , , , , , ,,, , , ,, , ,N,,
55858,EDL Inc,56864,Covel Gardens Gas Recovery,8611 Covel Road,San Antonio,TX,78252,Bexar,29.3467,-98.6536,TRE,ERCO,"Electric Reliability Council of Texas, Inc.",,22,NR,2,IPP Non-CHP,N,,N,,Y,08-648-000,,X,,City of San Antonio - (TX),16604,TX,13.2, , ,N,,,,,,,,55858,EDL Inc,Covel Gardens Gas Recovery,TX,Bexar,1,Landfill Gas,IC,,S,X,X,,,1.6,0.95,1.6,1.6,0.7,N, , ,OP,X,11,2005, , ,N,IPP Non-CHP,2,X,LFG,,,,,,,,,,N,N, ,12H,,,,,,,, , , , , , , , ,,, , , ,, , ,N,,
50174,Electric Transmission Texas LLC,60506,ETT Presidio NaS Battery,600 Hurd Street,Presidio,TX,79845,Presidio,29.566263,-104.35535,TRE,ERCO,"Electric Reliability Council of Texas, Inc.",,22,RE,1,Electric Utility,N,,N,,N,,N,,,Electric Transmission Texas LLC,50174,,138, , ,Y,,,,,,N,N,50174,Electric Transmission Texas LLC,ETT Presidio NaS Battery,TX,Presidio,BOB,Batteries,BA,,S,X,X,,,4.0, ,4,4,0,N, , ,OP,X,3,2010,3,2023,N,Electric Utility,1,X,MWH,,,,,,,,,,N,, ,10M,,,,,,,, , , , , , , , ,,, , , ,, , ,N,,
54888,NRG Texas Power LLC,61362,NRG Elbow Creek Energy Storage Project,1003 FM 818 W.,Big Spring,TX,79720,Howard,32.167575,-101.479217,TRE,ERCO,"Electric Reliability Council of Texas, Inc.",,22,NR,2,IPP Non-CHP,N,,N,,N,,N,X,,Sharyland Utilities LP,17008,TX,12.47, , ,Y,,,,,,N,,54888,NRG Texas Power LLC,NRG Elbow Creek Energy Storage Project,TX,Howard,ECBS,Batteries,BA,,S,X,X,RN_TOSBATT,RN_TOSBATT,2.0, ,2,2,0,N, , ,OP,X,11,2017, , ,N,IPP Non-CHP,2,X,MWH,,,,,,,,,,,, ,10M,,,,,,,, , , , , , , , ,,, , , ,, , ,,,
19449,USACE-Fort Worth District,7200,Robert D Willis,1494 CR 154,Jasper,TX,75951,Jasper,30.7975,-94.1756,TRE,MISO,"Midcontinent Independent Transmission System Operator, Inc..",Angelina River,22,RE,1,Electric Utility,N,,N,,N,,N,X,,"Jasper-Newton Elec Coop, Inc",9668,TX,25, , ,N,,,,,,X,X,19449,USACE-Fort Worth District,Robert D Willis,TX,Jasper,1,Conventional Hydroelectric,HY,,S,X,X,,,4.0,0.9,4,4,0.5,N, , ,OP,X,12,1989, , ,N,Electric Utility,1,X,WAT,,,,,,,,,,N,N, ,10M,,,,,,,, , , , , , , , ,,, , , ,, , ,,,
17698,Southwestern Electric Power Co,7902,Pirkey,2396 FM Rd 3251,Hallsville,TX,75650,Harrison,32.4607,-94.4852,MRO,SWPP,Southwest Power Pool,Brandy Branch Reserv,22,RE,1,Electric Utility,N,,N,,N,,Y,N,OP,Southwestern Electric Power Co,17698,TX,138, , ,N,,GULF SOUTH PIPELINE COMPANY LP,,,,N,X,17698,Southwestern Electric Power Co,Pirkey,TX,Harrison,1,Conventional Steam Coal,ST,,J,X,X,,,721.0,0.9,650,650,300,N, , ,OP,X,1,1985,3,2023,N,Electric Utility,1,X,LIG,,,,,,NG,,,,N,, ,OVER,,Y,,,Y,,, , , , , , , , ,,, , , ,, , ,N,,
7751,Guadalupe Blanco River Authority,791,Canyon,16930 South Access Road,Canyon Lake,TX,78155,Comal,29.87056,-98.194733,TRE,ERCO,"Electric Reliability Council of Texas, Inc.",Canyon Lake,22,RE,1,Electric Utility,N,,N,,N,,N,X,,City of New Braunfels - (TX),13418,TX,138, , ,N,,,,,,X,X,7751,Guadalupe Blanco River Authority,Canyon,TX,Comal,1,Conventional Hydroelectric,HY,,S,X,X,,,3.0,0.9,3,3,1,N, , ,OP,X,1,1989, , ,N,Electric Utility,1,X,WAT,,,,,,,,,,N,N, ,1H,,,,,,,, , , , , , , , ,,, , , ,, , ,N,,
