DeliveryDate,HourEnding,ConstraintID,ConstraintName,ContingencyName,ConstraintLimit,ConstraintValue,ViolationAmount,ShadowPrice,FromStation,ToStation,FromStationkV,ToStationkV,DeliveryTime,DSTFlag
07/23/2025,01:00,10, 6345__L, DMOSME25,213,213,0,54.812, SNDHT, WLFSW,138,138, 07/23/2025 00:00:00,N
07/23/2025,01:00,9, LPLMK_LPLNE_1, SBWDDBM5,218,218,0,8.985, LPLMK, LPLNE,115,115, 07/23/2025 00:00:00,N
07/23/2025,01:00,12, 15060__B, SW_LVLT5,410,410,0,201.303, VEALMOOR, KOCHTAP,138,138, 07/23/2025 00:00:00,N
07/23/2025,01:00,13, 6056__A, DBAKCED5,1226,1226,0,13.964, LNGSW, CONSW,345,345, 07/23/2025 00:00:00,N
07/23/2025,01:00,14, HARGRO_TWINBU1_1, DBAKCED5,151,151,0,112.47, TWINBU, HARGROVE,138,138, 07/23/2025 00:00:00,N
07/23/2025,01:00,15, FREER_LOBO1_1, MLOFOAV5,39,39,0,34.864, LOBO, FREER,69,69, 07/23/2025 00:00:00,N
07/23/2025,01:00,16, DEL_MA_LAREDO1_1, MFOAVLO5,262,262,0,26.138, LAREDO, DEL_MAR,138,138, 07/23/2025 00:00:00,N
07/23/2025,01:00,17, BRUNI_69_1, MFOAVLO5,37,37,0,165.769, BRUNI, BRUNI,138,69, 07/23/2025 00:00:00,N
07/23/2025,01:00,18, MAGRUD_VICTOR2_1,  BASE CASE,211,211,0,1.092, VICTORIA, MAGRUDER,138.10001,138, 07/23/2025 00:00:00,N
07/23/2025,01:00,19, LENSW_PUTN2_1,  BASE CASE,72,72,0,1.94, LENSW, PUTN,138,138, 07/23/2025 00:00:00,N
07/23/2025,01:00,20, RANDAD_ZAPATA1_1,  BASE CASE,77,77,0,0.006, RANDADO, ZAPATA,138,138, 07/23/2025 00:00:00,N
07/23/2025,01:00,21, HOEFSROA_T1_O,  BASE CASE,9,9,0,0.017, HOEFSROA, HOEFSROA,69,12.5, 07/23/2025 00:00:00,N
07/23/2025,01:00,22, SILASRAY_T1, XSI2L89,67,67,0,0.007, SILASRAY, SILASRAY,69,138, 07/23/2025 00:00:00,N
07/23/2025,01:00,23, LOYOLA_69_1, SKLELOY8,40,40,0,10.844, LOYOLA, LOYOLA,138,69, 07/23/2025 00:00:00,N
07/23/2025,01:00,24, SILASRAY_T2, XSIL89,67,67,0,0.007, SILASRAY, SILASRAY,69,138, 07/23/2025 00:00:00,N
07/23/2025,01:00,25, BELD_BRONCO1_1, XFTS89,60,60,0,0.115, BRONCO, BELD,69,69, 07/23/2025 00:00:00,N
07/23/2025,01:00,26, GREENL_WEAVER1_1, XNCA89,39,39,0,1.085, WEAVERRD, GREENLK,69,69, 07/23/2025 00:00:00,N
07/23/2025,01:00,27, 941__C, SENWSHK8,240,240,0,0.128, ENWSW, ENSSO,138,138, 07/23/2025 00:00:00,N
07/23/2025,01:00,28, ASHERT_CATARI1_1, DWORNLA8,122,122,0,2.3, ASHERTON, CATARINA,138,138, 07/23/2025 00:00:00,N
07/23/2025,01:00,29, COLETO_VICTOR2_1, SVICCO28,320,320,0,0.058, COLETO, VICTORIA,138,138.10001, 07/23/2025 00:00:00,N
07/23/2025,01:00,30, SANA_FMR1, SCOLBAL8,50,50,0,3.758, SANA, SANA,138,69, 07/23/2025 00:00:00,N
07/23/2025,01:00,31, 6217__A, SBUZLME8,213,213,0,15.448, WLVSW, GAILS,138,138, 07/23/2025 00:00:00,N
07/23/2025,01:00,32, LAUREL_LA_PAL1_1, SMA2P_I8,211,211,0,0.062, LAURELES, LA_PALMA,138,138, 07/23/2025 00:00:00,N
07/23/2025,01:00,33, LAUREL_MARCON1_1, SMA2P_I8,211,211,0,0.721, MARCONI, LAURELES,138,138, 07/23/2025 00:00:00,N
07/23/2025,01:00,34, FTST_SOLSTI1_1, DBAKSOL5,219,219,0,0.324, FTST, SOLSTICE,138,138, 07/23/2025 00:00:00,N
07/23/2025,01:00,35, 482T484_1, DBAKSOL5,448,448,0,2.407, OXTASW, RIOPECOS,138,138, 07/23/2025 00:00:00,N
07/23/2025,01:00,36, 6217__A, SBUZHMP8,213,213,0,15.448, WLVSW, GAILS,138,138, 07/23/2025 00:00:00,N
07/23/2025,01:00,37, GATEWT_WORMSE1_1, MFOAVLO5,268,268,0,30.357, WORMSER, GATEWTP,138,138, 07/23/2025 00:00:00,N
07/23/2025,01:00,38, BIGLAK_PHBL_T1_1, SOZNFRI9,38,38,0,85.242, BIGLAKE, PHBL_TAP,69,69, 07/23/2025 00:00:00,N
07/23/2025,01:00,1, MENPHT_YELWJC1_1,  BASE CASE,60,60,0,2.398, YELWJCKT, MENPHTAP,69,69, 07/23/2025 00:00:00,N
07/23/2025,01:00,2, DIESEL_FMR1,  BASE CASE,25,25,0,0.006, DIESEL, DIESEL,69,13, 07/23/2025 00:00:00,N
07/23/2025,01:00,3, NE_LOB,  BASE CASE,1823,1823,0,2.365, , ,0,0, 07/23/2025 00:00:00,N
07/23/2025,01:00,4, NELRIO,  BASE CASE,848,848,0,5.386, , ,0,0, 07/23/2025 00:00:00,N
07/23/2025,01:00,5, PNHNDL,  BASE CASE,3996,3996,0,0.497, , ,0,0, 07/23/2025 00:00:00,N
07/23/2025,01:00,6, ZAPSTR,  BASE CASE,225,225,0,6.374, , ,0,0, 07/23/2025 00:00:00,N
07/23/2025,01:00,7, 6437__F, DMTSCOS5,211,211,0,29.077, SCRCV, KNAPP,138,138, 07/23/2025 00:00:00,N
07/23/2025,01:00,8, 6240__C, DMTSCOS5,199,199,0,24.975, SACRC, DPCRK,138,138, 07/23/2025 00:00:00,N
07/23/2025,01:00,11, 6345__L, DWLFMET5,213,213,0,54.812, SNDHT, WLFSW,138,138, 07/23/2025 00:00:00,N
07/23/2025,02:00,74, MAGRUD_VICTOR2_1, DVICDUP8,211,211,0,0.181, VICTORIA, MAGRUDER,138.10001,138, 07/23/2025 01:00:00,N
07/23/2025,02:00,73, MAGRUD_VICTOR2_1, XVIC89,211,211,0,0.692, VICTORIA, MAGRUDER,138.10001,138, 07/23/2025 01:00:00,N
07/23/2025,02:00,40, DIESEL_FMR1,  BASE CASE,25,25,0,0.006, DIESEL, DIESEL,69,13, 07/23/2025 01:00:00,N
07/23/2025,02:00,41, DEC_G1NX,  BASE CASE,70,70,0,0.005, DEC, DEC,1,13.8, 07/23/2025 01:00:00,N
07/23/2025,02:00,42, NE_LOB,  BASE CASE,1823,1823,0,0.045, , ,0,0, 07/23/2025 01:00:00,N
07/23/2025,02:00,43, NELRIO,  BASE CASE,848,848,0,1.055, , ,0,0, 07/23/2025 01:00:00,N
07/23/2025,02:00,44, ZAPSTR,  BASE CASE,225,225,0,0.62, , ,0,0, 07/23/2025 01:00:00,N
07/23/2025,02:00,45, 6437__F, DMTSCOS5,213,213,0,32.422, SCRCV, KNAPP,138,138, 07/23/2025 01:00:00,N
07/23/2025,02:00,46, 6240__C, DMTSCOS5,200,200,0,5.212, SACRC, DPCRK,138,138, 07/23/2025 01:00:00,N
07/23/2025,02:00,47, LPLMK_LPLNE_1, SBWDDBM5,218,218,0,4.993, LPLMK, LPLNE,115,115, 07/23/2025 01:00:00,N
07/23/2025,02:00,48, 6345__L, DMOSME25,213,213,0,54.266, SNDHT, WLFSW,138,138, 07/23/2025 01:00:00,N
07/23/2025,02:00,49, 6345__L, DWLFMET5,213,213,0,54.267, SNDHT, WLFSW,138,138, 07/23/2025 01:00:00,N
07/23/2025,02:00,50, 15060__B, SW_LVLT5,410,410,0,175.878, VEALMOOR, KOCHTAP,138,138, 07/23/2025 01:00:00,N
07/23/2025,02:00,51, 6056__A, DBAKCED5,1226,1226,0,14.132, LNGSW, CONSW,345,345, 07/23/2025 01:00:00,N
07/23/2025,02:00,52, HARGRO_TWINBU1_1, DBAKCED5,151,151,0,151.027, TWINBU, HARGROVE,138,138, 07/23/2025 01:00:00,N
07/23/2025,02:00,53, FREER_LOBO1_1, MLOFOAV5,39,39,0,36.36, LOBO, FREER,69,69, 07/23/2025 01:00:00,N
07/23/2025,02:00,54, DEL_MA_LAREDO1_1, MFOAVLO5,265,265,0,20.705, LAREDO, DEL_MAR,138,138, 07/23/2025 01:00:00,N
07/23/2025,02:00,55, BRUNI_69_1, MFOAVLO5,37,37,0,117.377, BRUNI, BRUNI,138,69, 07/23/2025 01:00:00,N
07/23/2025,02:00,56, LENSW_PUTN2_1,  BASE CASE,72,72,0,1.631, LENSW, PUTN,138,138, 07/23/2025 01:00:00,N
07/23/2025,02:00,57, RANDAD_ZAPATA1_1,  BASE CASE,77,77,0,0.006, RANDADO, ZAPATA,138,138, 07/23/2025 01:00:00,N
07/23/2025,02:00,58, HOEFSROA_T1_O,  BASE CASE,9,9,0,0.007, HOEFSROA, HOEFSROA,69,12.5, 07/23/2025 01:00:00,N
07/23/2025,02:00,59, SILASRAY_T1, XSI2L89,67,67,0,0.05, SILASRAY, SILASRAY,69,138, 07/23/2025 01:00:00,N
07/23/2025,02:00,60, SILASRAY_T2, XSIL89,67,67,0,0.05, SILASRAY, SILASRAY,69,138, 07/23/2025 01:00:00,N
07/23/2025,02:00,61, BELD_BRONCO1_1, XFTS89,60,60,0,0.007, BRONCO, BELD,69,69, 07/23/2025 01:00:00,N
07/23/2025,02:00,62, SANA_FMR1, SCOLBAL8,50,50,0,2.657, SANA, SANA,138,69, 07/23/2025 01:00:00,N
07/23/2025,02:00,63, ASHERT_CATARI1_1, SNLAGAT8,122,122,0,3.936, ASHERTON, CATARINA,138,138, 07/23/2025 01:00:00,N
07/23/2025,02:00,64, LAUREL_LA_PAL1_1, SMA2P_I8,211,211,0,0.06, LAURELES, LA_PALMA,138,138, 07/23/2025 01:00:00,N
07/23/2025,02:00,65, LAUREL_MARCON1_1, SMA2P_I8,211,211,0,0.492, MARCONI, LAURELES,138,138, 07/23/2025 01:00:00,N
07/23/2025,02:00,66, 482T484_1, DBAKSOL5,448,448,0,2.103, OXTASW, RIOPECOS,138,138, 07/23/2025 01:00:00,N
07/23/2025,02:00,67, 940__A, SPEBTRU8,241,241,0,0.157, ENWSW, TMPTN,138,138, 07/23/2025 01:00:00,N
07/23/2025,02:00,68, 6217__A, SBUZHMP8,213,213,0,33.957, WLVSW, GAILS,138,138, 07/23/2025 01:00:00,N
07/23/2025,02:00,69, GATEWT_WORMSE1_1, MFOAVLO5,272,272,0,29.439, WORMSER, GATEWTP,138,138, 07/23/2025 01:00:00,N
07/23/2025,02:00,70, BIGLAK_PHBL_T1_1, SOZNFRI9,38,38,0,120.818, BIGLAKE, PHBL_TAP,69,69, 07/23/2025 01:00:00,N
07/23/2025,02:00,71, ALPINE_BRONCO1_1, SCOCBAR9,60,60,0,0.002, BRONCO, ALPINE,69,69, 07/23/2025 01:00:00,N
07/23/2025,02:00,72, BELD_BRONCO1_1, SBROALP9,60,60,0,0.002, BRONCO, BELD,69,69, 07/23/2025 01:00:00,N
07/23/2025,02:00,39, MENPHT_YELWJC1_1,  BASE CASE,60,60,0,2.327, YELWJCKT, MENPHTAP,69,69, 07/23/2025 01:00:00,N
07/23/2025,03:00,75, MENPHT_YELWJC1_1,  BASE CASE,60,60,0,1.163, YELWJCKT, MENPHTAP,69,69, 07/23/2025 02:00:00,N
07/23/2025,03:00,105, FTST_SOLSTI1_1, DSLKSOL5,220,220,0,0.033, SOLSTICE, FTST,138,138, 07/23/2025 02:00:00,N
07/23/2025,03:00,77, DEC_G1NX,  BASE CASE,70,70,0,0.005, DEC, DEC,1,13.8, 07/23/2025 02:00:00,N
07/23/2025,03:00,78, NE_LOB,  BASE CASE,1823,1823,0,0.339, , ,0,0, 07/23/2025 02:00:00,N
07/23/2025,03:00,79, ZAPSTR,  BASE CASE,225,225,0,4.999, , ,0,0, 07/23/2025 02:00:00,N
07/23/2025,03:00,80, 6437__F, DMTSCOS5,213,213,0,6.882, SCRCV, KNAPP,138,138, 07/23/2025 02:00:00,N
07/23/2025,03:00,81, 6240__C, DMTSCOS5,200,200,0,9.003, SACRC, DPCRK,138,138, 07/23/2025 02:00:00,N
07/23/2025,03:00,82, LPLMK_LPLNE_1, SBWDDBM5,218,218,0,1.254, LPLMK, LPLNE,115,115, 07/23/2025 02:00:00,N
07/23/2025,03:00,83, 6345__L, DMOSME25,214,214,0,51.629, SNDHT, WLFSW,138,138, 07/23/2025 02:00:00,N
07/23/2025,03:00,84, 6345__L, DWLFMET5,214,214,0,51.628, SNDHT, WLFSW,138,138, 07/23/2025 02:00:00,N
07/23/2025,03:00,85, 15060__B, SW_LVLT5,411,411,0,168.69, VEALMOOR, KOCHTAP,138,138, 07/23/2025 02:00:00,N
07/23/2025,03:00,86, 6056__A, DBAKCED5,1231,1231,0,13.344, LNGSW, CONSW,345,345, 07/23/2025 02:00:00,N
07/23/2025,03:00,87, HARGRO_TWINBU1_1, DBAKCED5,151,151,0,165.606, TWINBU, HARGROVE,138,138, 07/23/2025 02:00:00,N
07/23/2025,03:00,88, FREER_LOBO1_1, MLOFOAV5,39,39,0,53.695, LOBO, FREER,69,69, 07/23/2025 02:00:00,N
07/23/2025,03:00,89, DEL_MA_LAREDO1_1, MFOAVLO5,268,268,0,10.99, LAREDO, DEL_MAR,138,138, 07/23/2025 02:00:00,N
07/23/2025,03:00,90, BRUNI_69_1, MFOAVLO5,37,37,0,57.199, BRUNI, BRUNI,138,69, 07/23/2025 02:00:00,N
07/23/2025,03:00,91, MAGRUD_VICTOR2_1,  BASE CASE,211,211,0,0.222, VICTORIA, MAGRUDER,138.10001,138, 07/23/2025 02:00:00,N
07/23/2025,03:00,92, LENSW_PUTN2_1,  BASE CASE,72,72,0,1.301, LENSW, PUTN,138,138, 07/23/2025 02:00:00,N
07/23/2025,03:00,93, RANDAD_ZAPATA1_1,  BASE CASE,77,77,0,0.004, RANDADO, ZAPATA,138,138, 07/23/2025 02:00:00,N
07/23/2025,03:00,94, HOEFSROA_T1_O,  BASE CASE,9,9,0,0.007, HOEFSROA, HOEFSROA,69,12.5, 07/23/2025 02:00:00,N
07/23/2025,03:00,95, ASHERT_CATARI1_1, DWORNLA8,122,122,0,2.732, ASHERTON, CATARINA,138,138, 07/23/2025 02:00:00,N
07/23/2025,03:00,96, SANA_FMR1, SCOLBAL8,50,50,0,1.666, SANA, SANA,138,69, 07/23/2025 02:00:00,N
07/23/2025,03:00,97, 6217__A, SBUZLME8,214,214,0,10.744, WLVSW, GAILS,138,138, 07/23/2025 02:00:00,N
07/23/2025,03:00,98, 482T484_1, DBAKSOL5,448,448,0,1.18, OXTASW, RIOPECOS,138,138, 07/23/2025 02:00:00,N
07/23/2025,03:00,99, 940__A, SPEBTRU8,243,243,0,0.082, ENWSW, TMPTN,138,138, 07/23/2025 02:00:00,N
07/23/2025,03:00,100, 6217__A, SBUZHMP8,214,214,0,10.744, WLVSW, GAILS,138,138, 07/23/2025 02:00:00,N
07/23/2025,03:00,101, GATEWT_WORMSE1_1, MFOAVLO5,275,275,0,5.855, WORMSER, GATEWTP,138,138, 07/23/2025 02:00:00,N
07/23/2025,03:00,102, BIGLAK_PHBL_T1_1, SOZNFRI9,38,38,0,134.332, BIGLAKE, PHBL_TAP,69,69, 07/23/2025 02:00:00,N
07/23/2025,03:00,103, VERTRE_WESLAU1_1, SMVRLA_8,156,156,0,0.081, VERTREES, WESLAU,138,138, 07/23/2025 02:00:00,N
07/23/2025,03:00,104, CELANE_N_SHAR1_1, SN_SLON5,211,211,0,0.778, N_SHARPE, CELANEBI,138,138.10001, 07/23/2025 02:00:00,N
07/23/2025,03:00,76, DIESEL_FMR1,  BASE CASE,25,25,0,0.006, DIESEL, DIESEL,69,13, 07/23/2025 02:00:00,N
07/23/2025,04:00,106, MENPHT_YELWJC1_1,  BASE CASE,60,60,0,1.116, YELWJCKT, MENPHTAP,69,69, 07/23/2025 03:00:00,N
07/23/2025,04:00,133, LPLMK_LPLCO_1, XLP259,131,131,0,0.129, LPLCO, LPLMK,69,69, 07/23/2025 03:00:00,N
07/23/2025,04:00,108, ZAPATA_TRA1,  BASE CASE,25,25,0,0.006, ZAPATA, ZAPATA,138,12.5, 07/23/2025 03:00:00,N
07/23/2025,04:00,109, 6437__F, DMTSCOS5,214,214,0,4.032, SCRCV, KNAPP,138,138, 07/23/2025 03:00:00,N
07/23/2025,04:00,110, 6240__C, DMTSCOS5,201,201,0,7.444, SACRC, DPCRK,138,138, 07/23/2025 03:00:00,N
07/23/2025,04:00,111, DCTM_OKLA1_1, XFSH58,300,300,0,0.013, DCTM, OKLA,345,345, 07/23/2025 03:00:00,N
07/23/2025,04:00,112, 6345__L, DMOSME25,214,214,0,58.046, SNDHT, WLFSW,138,138, 07/23/2025 03:00:00,N
07/23/2025,04:00,113, 6345__L, DWLFMET5,214,214,0,58.046, SNDHT, WLFSW,138,138, 07/23/2025 03:00:00,N
07/23/2025,04:00,114, 15060__B, SW_LVLT5,412,412,0,157.013, VEALMOOR, KOCHTAP,138,138, 07/23/2025 03:00:00,N
07/23/2025,04:00,115, 6056__A, DBAKCED5,1234,1234,0,18.494, LNGSW, CONSW,345,345, 07/23/2025 03:00:00,N
07/23/2025,04:00,116, HARGRO_TWINBU1_1, DBAKCED5,151,151,0,206.503, TWINBU, HARGROVE,138,138, 07/23/2025 03:00:00,N
07/23/2025,04:00,117, FREER_LOBO1_1, MLOFOAV5,39,39,0,18.03, LOBO, FREER,69,69, 07/23/2025 03:00:00,N
07/23/2025,04:00,118, DEL_MA_LAREDO1_1, MFOAVLO5,269,269,0,2.318, LAREDO, DEL_MAR,138,138, 07/23/2025 03:00:00,N
07/23/2025,04:00,119, BRUNI_69_1, MFOAVLO5,37,37,0,54.531, BRUNI, BRUNI,138,69, 07/23/2025 03:00:00,N
07/23/2025,04:00,120, MAGRUD_VICTOR2_1,  BASE CASE,211,211,0,0.131, VICTORIA, MAGRUDER,138.10001,138, 07/23/2025 03:00:00,N
07/23/2025,04:00,121, LENSW_PUTN2_1,  BASE CASE,72,72,0,1.156, LENSW, PUTN,138,138, 07/23/2025 03:00:00,N
07/23/2025,04:00,122, HOEFSROA_T1_O,  BASE CASE,9,9,0,0.008, HOEFSROA, HOEFSROA,69,12.5, 07/23/2025 03:00:00,N
07/23/2025,04:00,123, BELD_BRONCO1_1, XFTS89,60,60,0,0.009, BRONCO, BELD,69,69, 07/23/2025 03:00:00,N
07/23/2025,04:00,124, SANA_FMR1, SCOLBAL8,50,50,0,0.891, SANA, SANA,138,69, 07/23/2025 03:00:00,N
07/23/2025,04:00,125, 6217__A, SBUZLME8,214,214,0,6.149, WLVSW, GAILS,138,138, 07/23/2025 03:00:00,N
07/23/2025,04:00,126, 482T484_1, DBAKSOL5,448,448,0,0.115, OXTASW, RIOPECOS,138,138, 07/23/2025 03:00:00,N
07/23/2025,04:00,127, 940__A, SPEBTRU8,245,245,0,0.07, ENWSW, TMPTN,138,138, 07/23/2025 03:00:00,N
07/23/2025,04:00,128, 6217__A, SBUZHMP8,214,214,0,6.149, WLVSW, GAILS,138,138, 07/23/2025 03:00:00,N
07/23/2025,04:00,129, GATEWT_WORMSE1_1, MFOAVLO5,276,276,0,7.926, WORMSER, GATEWTP,138,138, 07/23/2025 03:00:00,N
07/23/2025,04:00,130, BIGLAK_PHBL_T1_1, SOZNFRI9,38,38,0,169.556, BIGLAKE, PHBL_TAP,69,69, 07/23/2025 03:00:00,N
07/23/2025,04:00,131, DCTM_OKLA1_1, MRGRFL25,300,300,0,0.013, DCTM, OKLA,345,345, 07/23/2025 03:00:00,N
07/23/2025,04:00,132, CELANE_N_SHAR1_1, SN_SLON5,211,211,0,0.153, N_SHARPE, CELANEBI,138,138.10001, 07/23/2025 03:00:00,N
07/23/2025,04:00,107, DIESEL_FMR1,  BASE CASE,25,25,0,0.007, DIESEL, DIESEL,69,13, 07/23/2025 03:00:00,N
07/23/2025,05:00,138, OLS_JNES_1, XHA2S89,60,60,0,0.102, OLSEN, JNESBORO,69,69, 07/23/2025 04:00:00,N
07/23/2025,05:00,139, DCTM_OKLA1_1, XFSH58,300,300,0,0.019, DCTM, OKLA,345,345, 07/23/2025 04:00:00,N
07/23/2025,05:00,140, 6345__L, DMOSME25,216,216,0,58.558, SNDHT, WLFSW,138,138, 07/23/2025 04:00:00,N
07/23/2025,05:00,141, 6345__L, DWLFMET5,216,216,0,58.558, SNDHT, WLFSW,138,138, 07/23/2025 04:00:00,N
07/23/2025,05:00,142, 15060__B, SW_LVLT5,413,413,0,134.641, VEALMOOR, KOCHTAP,138,138, 07/23/2025 04:00:00,N
07/23/2025,05:00,143, 6056__A, DBAKCED5,1243,1243,0,19.393, LNGSW, CONSW,345,345, 07/23/2025 04:00:00,N
07/23/2025,05:00,144, HARGRO_TWINBU1_1, DBAKCED5,151,151,0,231.814, TWINBU, HARGROVE,138,138, 07/23/2025 04:00:00,N
07/23/2025,05:00,145, FREER_LOBO1_1, MLOFOAV5,39,39,0,8.754, LOBO, FREER,69,69, 07/23/2025 04:00:00,N
07/23/2025,05:00,146, DEL_MA_LAREDO1_1, MFOAVLO5,270,270,0,2.383, LAREDO, DEL_MAR,138,138, 07/23/2025 04:00:00,N
07/23/2025,05:00,147, BRUNI_69_1, MFOAVLO5,37,37,0,13.325, BRUNI, BRUNI,138,69, 07/23/2025 04:00:00,N
07/23/2025,05:00,148, LENSW_PUTN2_1,  BASE CASE,72,72,0,0.974, LENSW, PUTN,138,138, 07/23/2025 04:00:00,N
07/23/2025,05:00,149, RANDAD_ZAPATA1_1,  BASE CASE,77,77,0,0.003, RANDADO, ZAPATA,138,138, 07/23/2025 04:00:00,N
07/23/2025,05:00,150, SANA_FMR1, SCOLBAL8,50,50,0,0.179, SANA, SANA,138,69, 07/23/2025 04:00:00,N
07/23/2025,05:00,151, 6217__A, SBUZLME8,216,216,0,5.082, WLVSW, GAILS,138,138, 07/23/2025 04:00:00,N
07/23/2025,05:00,152, 940__A, SPEBTRU8,246,246,0,0.052, ENWSW, TMPTN,138,138, 07/23/2025 04:00:00,N
07/23/2025,05:00,153, 6217__A, SBUZHMP8,216,216,0,5.082, WLVSW, GAILS,138,138, 07/23/2025 04:00:00,N
07/23/2025,05:00,154, GATEWT_WORMSE1_1, MFOAVLO5,277,277,0,6.579, WORMSER, GATEWTP,138,138, 07/23/2025 04:00:00,N
07/23/2025,05:00,155, BIGLAK_PHBL_T1_1, SOZNFRI9,38,38,0,192.974, BIGLAKE, PHBL_TAP,69,69, 07/23/2025 04:00:00,N
07/23/2025,05:00,156, CELANE_N_SHAR1_1, SN_SLON5,211,211,0,0.089, N_SHARPE, CELANEBI,138,138.10001, 07/23/2025 04:00:00,N
07/23/2025,05:00,134, MENPHT_YELWJC1_1,  BASE CASE,60,60,0,1.027, YELWJCKT, MENPHTAP,69,69, 07/23/2025 04:00:00,N
07/23/2025,05:00,135, DIESEL_FMR1,  BASE CASE,25,25,0,0.007, DIESEL, DIESEL,69,13, 07/23/2025 04:00:00,N
07/23/2025,05:00,136, 6437__F, DMTSCOS5,214,214,0,1.812, SCRCV, KNAPP,138,138, 07/23/2025 04:00:00,N
07/23/2025,05:00,137, 6240__C, DMTSCOS5,201,201,0,7.553, SACRC, DPCRK,138,138, 07/23/2025 04:00:00,N
07/23/2025,05:00,157, FTST_SOLSTI1_1, DSLKSOL5,222,222,0,0.203, SOLSTICE, FTST,138,138, 07/23/2025 04:00:00,N
07/23/2025,05:00,158, CUELCA_THOMAS1_1, SVICCIT8,211,211,0,0.006, CUERO, THOMASTN,138,138, 07/23/2025 04:00:00,N
07/23/2025,06:00,159, MENPHT_YELWJC1_1,  BASE CASE,60,60,0,1.074, YELWJCKT, MENPHTAP,69,69, 07/23/2025 05:00:00,N
07/23/2025,06:00,184, GIRA_T_SPUR1_1, SWOLROT9,37,37,0,0.53, GIRA_TAP, SPUR,69,69, 07/23/2025 05:00:00,N
07/23/2025,06:00,161, ZAPATA_TRA1,  BASE CASE,25,25,0,0.006, ZAPATA, ZAPATA,138,12.5, 07/23/2025 05:00:00,N
07/23/2025,06:00,162, 6437__F, DMTSCOS5,215,215,0,0.614, SCRCV, KNAPP,138,138, 07/23/2025 05:00:00,N
07/23/2025,06:00,163, 6240__C, DMTSCOS5,202,202,0,5.32, SACRC, DPCRK,138,138, 07/23/2025 05:00:00,N
07/23/2025,06:00,164, DCTM_OKLA1_1, XFSH58,300,300,0,0.009, DCTM, OKLA,345,345, 07/23/2025 05:00:00,N
07/23/2025,06:00,165, 6345__L, DMOSME25,216,216,0,50.574, SNDHT, WLFSW,138,138, 07/23/2025 05:00:00,N
07/23/2025,06:00,166, 6345__L, DWLFMET5,216,216,0,50.574, SNDHT, WLFSW,138,138, 07/23/2025 05:00:00,N
07/23/2025,06:00,167, 15060__B, SW_LVLT5,413,413,0,129.212, VEALMOOR, KOCHTAP,138,138, 07/23/2025 05:00:00,N
07/23/2025,06:00,168, 6056__A, DBAKCED5,1245,1245,0,11.441, LNGSW, CONSW,345,345, 07/23/2025 05:00:00,N
07/23/2025,06:00,169, HARGRO_TWINBU1_1, DBAKCED5,151,151,0,219.295, TWINBU, HARGROVE,138,138, 07/23/2025 05:00:00,N
07/23/2025,06:00,170, FREER_LOBO1_1, MLOFOAV5,39,39,0,2.847, LOBO, FREER,69,69, 07/23/2025 05:00:00,N
07/23/2025,06:00,171, DEL_MA_LAREDO1_1, MFOAVLO5,271,271,0,1.908, LAREDO, DEL_MAR,138,138, 07/23/2025 05:00:00,N
07/23/2025,06:00,172, BRUNI_69_1, MFOAVLO5,37,37,0,6.537, BRUNI, BRUNI,138,69, 07/23/2025 05:00:00,N
07/23/2025,06:00,173, LENSW_PUTN2_1,  BASE CASE,72,72,0,0.917, LENSW, PUTN,138,138, 07/23/2025 05:00:00,N
07/23/2025,06:00,174, 941__C, SENWSHK8,247,247,0,0.053, ENWSW, ENSSO,138,138, 07/23/2025 05:00:00,N
07/23/2025,06:00,175, SANA_FMR1, SCOLBAL8,50,50,0,0.201, SANA, SANA,138,69, 07/23/2025 05:00:00,N
07/23/2025,06:00,176, 6217__A, SBUZLME8,216,216,0,7.056, WLVSW, GAILS,138,138, 07/23/2025 05:00:00,N
07/23/2025,06:00,177, 6217__A, SBUZHMP8,216,216,0,7.056, WLVSW, GAILS,138,138, 07/23/2025 05:00:00,N
07/23/2025,06:00,178, GATEWT_WORMSE1_1, MFOAVLO5,278,278,0,5.223, WORMSER, GATEWTP,138,138, 07/23/2025 05:00:00,N
07/23/2025,06:00,179, BIGLAK_PHBL_T1_1, SOZNFRI9,38,38,0,184.696, BIGLAKE, PHBL_TAP,69,69, 07/23/2025 05:00:00,N
07/23/2025,06:00,180, GATEWT_WORMSE1_1, MLOFOAV5,278,278,0,0.669, WORMSER, GATEWTP,138,138, 07/23/2025 05:00:00,N
07/23/2025,06:00,181, DCTM_OKLA1_1, MRGRFL25,300,300,0,0.009, DCTM, OKLA,345,345, 07/23/2025 05:00:00,N
07/23/2025,06:00,182, FTST_SOLSTI1_1, DSLKSOL5,222,222,0,0.383, SOLSTICE, FTST,138,138, 07/23/2025 05:00:00,N
07/23/2025,06:00,183, CUELCA_THOMAS1_1, SVICCIT8,211,211,0,0.021, CUERO, THOMASTN,138,138, 07/23/2025 05:00:00,N
07/23/2025,06:00,160, DIESEL_FMR1,  BASE CASE,25,25,0,0.006, DIESEL, DIESEL,69,13, 07/23/2025 05:00:00,N
07/23/2025,07:00,185, MENPHT_YELWJC1_1,  BASE CASE,60,60,0,1.134, YELWJCKT, MENPHTAP,69,69, 07/23/2025 06:00:00,N
07/23/2025,07:00,213, 138_IH2_COT_1, SSTAWIC8,409,409,0,0.033, IH20, TNCOLIET,138,138, 07/23/2025 06:00:00,N
07/23/2025,07:00,187, ZAPATA_TRA1,  BASE CASE,25,25,0,0.003, ZAPATA, ZAPATA,138,12.5, 07/23/2025 06:00:00,N
07/23/2025,07:00,188, 6437__F, DMTSCOS5,216,216,0,0.832, SCRCV, KNAPP,138,138, 07/23/2025 06:00:00,N
07/23/2025,07:00,189, 6240__C, DMTSCOS5,203,203,0,4.527, SACRC, DPCRK,138,138, 07/23/2025 06:00:00,N
07/23/2025,07:00,190, LPLMK_LPLNE_1, SBWDDBM5,218,218,0,0.771, LPLMK, LPLNE,115,115, 07/23/2025 06:00:00,N
07/23/2025,07:00,191, DCTM_OKLA1_1, XFSH58,300,300,0,0.019, DCTM, OKLA,345,345, 07/23/2025 06:00:00,N
07/23/2025,07:00,192, 6345__L, DMOSME25,217,217,0,47.737, SNDHT, WLFSW,138,138, 07/23/2025 06:00:00,N
07/23/2025,07:00,193, 6345__L, DWLFMET5,217,217,0,47.737, SNDHT, WLFSW,138,138, 07/23/2025 06:00:00,N
07/23/2025,07:00,194, 15060__B, SW_LVLT5,414,414,0,116.431, VEALMOOR, KOCHTAP,138,138, 07/23/2025 06:00:00,N
07/23/2025,07:00,195, 6056__A, DBAKCED5,1251,1251,0,4.617, LNGSW, CONSW,345,345, 07/23/2025 06:00:00,N
07/23/2025,07:00,196, HARGRO_TWINBU1_1, DBAKCED5,151,151,0,161.135, TWINBU, HARGROVE,138,138, 07/23/2025 06:00:00,N
07/23/2025,07:00,197, DEL_MA_LAREDO1_1, MFOAVLO5,271,271,0,0.773, LAREDO, DEL_MAR,138,138, 07/23/2025 06:00:00,N
07/23/2025,07:00,198, 6830__B, DGRMGRS8,49,49,0,0.221, CRDSW, OLNEY,69,69, 07/23/2025 06:00:00,N
07/23/2025,07:00,199, LENSW_PUTN2_1,  BASE CASE,72,72,0,0.827, LENSW, PUTN,138,138, 07/23/2025 06:00:00,N
07/23/2025,07:00,200, 941__C, SENWSHK8,248,248,0,0.166, ENWSW, ENSSO,138,138, 07/23/2025 06:00:00,N
07/23/2025,07:00,201, SANA_FMR1, SCOLBAL8,50,50,0,0.581, SANA, SANA,138,69, 07/23/2025 06:00:00,N
07/23/2025,07:00,202, 6217__A, SBUZLME8,217,217,0,6.34, WLVSW, GAILS,138,138, 07/23/2025 06:00:00,N
07/23/2025,07:00,203, 6217__A, SBUZHMP8,217,217,0,6.34, WLVSW, GAILS,138,138, 07/23/2025 06:00:00,N
07/23/2025,07:00,204, GATEWT_WORMSE1_1, MFOAVLO5,278,278,0,5.192, WORMSER, GATEWTP,138,138, 07/23/2025 06:00:00,N
07/23/2025,07:00,205, FREER_LOBO1_1, MFOAVLO5,39,39,0,1.53, LOBO, FREER,69,69, 07/23/2025 06:00:00,N
07/23/2025,07:00,206, BIGLAK_PHBL_T1_1, SOZNFRI9,38,38,0,135.462, BIGLAKE, PHBL_TAP,69,69, 07/23/2025 06:00:00,N
07/23/2025,07:00,207, ALPINE_BRONCO1_1, SCOCBAR9,60,60,0,0.005, BRONCO, ALPINE,69,69, 07/23/2025 06:00:00,N
07/23/2025,07:00,208, BELD_BRONCO1_1, SBROALP9,60,60,0,0.005, BRONCO, BELD,69,69, 07/23/2025 06:00:00,N
07/23/2025,07:00,209, VERTRE_WESLAU1_1, SMVRLA_8,156,156,0,0.517, VERTREES, WESLAU,138,138, 07/23/2025 06:00:00,N
07/23/2025,07:00,210, D5_S1_1, SP5CAG8,376,376,0,0.084, HOWARD, LEON_CRK,138,138, 07/23/2025 06:00:00,N
07/23/2025,07:00,211, CUELCA_THOMAS1_1, XBLE58,211,211,0,0.022, CUERO, THOMASTN,138,138, 07/23/2025 06:00:00,N
07/23/2025,07:00,212, 138_IH2_COT_1, SSTAPYO8,409,409,0,0.033, IH20, TNCOLIET,138,138, 07/23/2025 06:00:00,N
07/23/2025,07:00,186, DIESEL_FMR1,  BASE CASE,25,25,0,0.007, DIESEL, DIESEL,69,13, 07/23/2025 06:00:00,N
07/23/2025,08:00,221, OLS_JNES_1, XHA2S89,60,60,0,0.167, OLSEN, JNESBORO,69,69, 07/23/2025 07:00:00,N
07/23/2025,08:00,220, LPLMK_LPLNE_1, SBWDDBM5,218,218,0,0.347, LPLMK, LPLNE,115,115, 07/23/2025 07:00:00,N
07/23/2025,08:00,223, 6345__L, DMOSME25,217,217,0,24.803, SNDHT, WLFSW,138,138, 07/23/2025 07:00:00,N
07/23/2025,08:00,224, 6345__L, DWLFMET5,217,217,0,24.803, SNDHT, WLFSW,138,138, 07/23/2025 07:00:00,N
07/23/2025,08:00,225, 15060__B, SW_LVLT5,414,414,0,53.663, VEALMOOR, KOCHTAP,138,138, 07/23/2025 07:00:00,N
07/23/2025,08:00,226, 6056__A, DBAKCED5,1248,1248,0,1.732, LNGSW, CONSW,345,345, 07/23/2025 07:00:00,N
07/23/2025,08:00,227, HARGRO_TWINBU1_1, DBAKCED5,151,151,0,50.571, TWINBU, HARGROVE,138,138, 07/23/2025 07:00:00,N
07/23/2025,08:00,228, LENSW_PUTN2_1,  BASE CASE,72,72,0,0.387, LENSW, PUTN,138,138, 07/23/2025 07:00:00,N
07/23/2025,08:00,229, HOEFSROA_T1_O,  BASE CASE,9,9,0,0.004, HOEFSROA, HOEFSROA,69,12.5, 07/23/2025 07:00:00,N
07/23/2025,08:00,230, BELD_BRONCO1_1, XFTS89,60,60,0,0.104, BRONCO, BELD,69,69, 07/23/2025 07:00:00,N
07/23/2025,08:00,231, SANA_FMR1, SCOLBAL8,50,50,0,0.498, SANA, SANA,138,69, 07/23/2025 07:00:00,N
07/23/2025,08:00,232, FTST_SOLSTI1_1, DBAKSOL5,223,223,0,0.292, FTST, SOLSTICE,138,138, 07/23/2025 07:00:00,N
07/23/2025,08:00,233, BIGLAK_PHBL_T1_1, SOZNFRI9,38,38,0,41.331, BIGLAKE, PHBL_TAP,69,69, 07/23/2025 07:00:00,N
07/23/2025,08:00,234, D5_S1_1, SP5CAG8,375,375,0,0.066, HOWARD, LEON_CRK,138,138, 07/23/2025 07:00:00,N
07/23/2025,08:00,235, CUELCA_THOMAS1_1, XBLE58,211,211,0,0.02, CUERO, THOMASTN,138,138, 07/23/2025 07:00:00,N
07/23/2025,08:00,236, 138_IH2_COT_1, SSTAWIC8,409,409,0,0.319, IH20, TNCOLIET,138,138, 07/23/2025 07:00:00,N
07/23/2025,08:00,237, CELANE_KLEBER1_1, SN_SAJO5,211,211,0,0.003, KLEBERG, CELANEBI,138.10001,138, 07/23/2025 07:00:00,N
07/23/2025,08:00,238, NLARSW_PILONC1_1, MFOAVLO5,143,143,0,0.966, NLARSW, PILONCIL,138,138, 07/23/2025 07:00:00,N
07/23/2025,08:00,239, EQUIST_LON_HI1_1,  BASE CASE,205,205,0,0.002, LON_HILL, EQUISTAR,138.10001,138, 07/23/2025 07:00:00,N
07/23/2025,08:00,240, 6470__E, SMCDNAV8,216,216,0,0.735, PCTSW, FRSTP,138,138, 07/23/2025 07:00:00,N
07/23/2025,08:00,241, EQUIST_LON_HI1_1, SOXYEQU8,253,253,0,0.142, LON_HILL, EQUISTAR,138.10001,138, 07/23/2025 07:00:00,N
07/23/2025,08:00,214, MENPHT_YELWJC1_1,  BASE CASE,60,60,0,2.131, YELWJCKT, MENPHTAP,69,69, 07/23/2025 07:00:00,N
07/23/2025,08:00,215, DIESEL_FMR1,  BASE CASE,25,25,0,0.008, DIESEL, DIESEL,69,13, 07/23/2025 07:00:00,N
07/23/2025,08:00,216, ZAPATA_TRA1,  BASE CASE,25,25,0,0.003, ZAPATA, ZAPATA,138,12.5, 07/23/2025 07:00:00,N
07/23/2025,08:00,217, OLINGR_FMR1,  BASE CASE,100,100,0,0.001, OLINGR, OLINGR,138,69, 07/23/2025 07:00:00,N
07/23/2025,08:00,218, 6437__F, DMTSCOS5,216,216,0,0.187, SCRCV, KNAPP,138,138, 07/23/2025 07:00:00,N
07/23/2025,08:00,219, 6240__C, DMTSCOS5,203,203,0,3.83, SACRC, DPCRK,138,138, 07/23/2025 07:00:00,N
07/23/2025,08:00,222, DCTM_OKLA1_1, XFSH58,300,300,0,0.015, DCTM, OKLA,345,345, 07/23/2025 07:00:00,N
07/23/2025,09:00,242, HMLTN,  BASE CASE,59,59,0,6.917, , ,0,0, 07/23/2025 08:00:00,N
07/23/2025,09:00,275, SPUR_69_1, MPADMAT9,62,62,0,0.403, SPUR, SPUR,138,69, 07/23/2025 08:00:00,N
07/23/2025,09:00,244, DIESEL_FMR1,  BASE CASE,25,25,0,0.012, DIESEL, DIESEL,69,13, 07/23/2025 08:00:00,N
07/23/2025,09:00,245, ZAPATA_TRA1,  BASE CASE,25,25,0,0.004, ZAPATA, ZAPATA,138,12.5, 07/23/2025 08:00:00,N
07/23/2025,09:00,246, OLINGR_FMR1,  BASE CASE,100,100,0,0.006, OLINGR, OLINGR,138,69, 07/23/2025 08:00:00,N
07/23/2025,09:00,247, 6240__C, DMTSCOS5,202,202,0,0.173, SACRC, DPCRK,138,138, 07/23/2025 08:00:00,N
07/23/2025,09:00,248, HAMILT_MAXWEL1_1, DBIGKEN5,152,152,0,0.249, MAXWELL, HAMILTON,138,138, 07/23/2025 08:00:00,N
07/23/2025,09:00,249, TREADW_YELWJC1_1, DBIGKEN5,202,202,0,1.902, TREADWEL, YELWJCKT,138,138, 07/23/2025 08:00:00,N
07/23/2025,09:00,250, 6345__L, DMOSME25,216,216,0,2.554, SNDHT, WLFSW,138,138, 07/23/2025 08:00:00,N
07/23/2025,09:00,251, 6345__L, DWLFMET5,216,216,0,2.554, SNDHT, WLFSW,138,138, 07/23/2025 08:00:00,N
07/23/2025,09:00,252, 15060__B, SW_LVLT5,413,413,0,17.216, VEALMOOR, KOCHTAP,138,138, 07/23/2025 08:00:00,N
07/23/2025,09:00,253, 6056__A, DBAKCED5,1245,1245,0,1.134, LNGSW, CONSW,345,345, 07/23/2025 08:00:00,N
07/23/2025,09:00,254, HARGRO_TWINBU1_1, DBAKCED5,151,151,0,5.706, TWINBU, HARGROVE,138,138, 07/23/2025 08:00:00,N
07/23/2025,09:00,255, DEL_MA_LAREDO1_1, MFOAVLO5,270,270,0,0.272, LAREDO, DEL_MAR,138,138, 07/23/2025 08:00:00,N
07/23/2025,09:00,256, MAGRUD_VICTOR2_1,  BASE CASE,211,211,0,0.002, VICTORIA, MAGRUDER,138.10001,138, 07/23/2025 08:00:00,N
07/23/2025,09:00,257, LENSW_PUTN2_1,  BASE CASE,72,72,0,0.137, LENSW, PUTN,138,138, 07/23/2025 08:00:00,N
07/23/2025,09:00,258, HOEFSROA_T1_O,  BASE CASE,9,9,0,0.08, HOEFSROA, HOEFSROA,69,12.5, 07/23/2025 08:00:00,N
07/23/2025,09:00,259, FTST_SOLSTI1_1, DBAKSOL5,222,222,0,0.062, FTST, SOLSTICE,138,138, 07/23/2025 08:00:00,N
07/23/2025,09:00,260, BIGLAK_PHBL_T1_1, SOZNFRI9,38,38,0,3.402, BIGLAKE, PHBL_TAP,69,69, 07/23/2025 08:00:00,N
07/23/2025,09:00,261, ALPINE_BRONCO1_1, SCOCBAR9,60,60,0,0.016, BRONCO, ALPINE,69,69, 07/23/2025 08:00:00,N
07/23/2025,09:00,262, BELD_BRONCO1_1, SBROALP9,60,60,0,0.016, BRONCO, BELD,69,69, 07/23/2025 08:00:00,N
07/23/2025,09:00,263, 138_IH2_COT_1, SSTAPYO8,409,409,0,0.29, IH20, TNCOLIET,138,138, 07/23/2025 08:00:00,N
07/23/2025,09:00,264, 138_IH2_COT_1, SSTAWIC8,409,409,0,0.29, IH20, TNCOLIET,138,138, 07/23/2025 08:00:00,N
07/23/2025,09:00,265, EQUIST_LON_HI1_1, SOXYEQU8,251,251,0,0.003, LON_HILL, EQUISTAR,138.10001,138, 07/23/2025 08:00:00,N
07/23/2025,09:00,266, SNYDR_FMR1, XCGR89,63,63,0,1.181, SNYDR, SNYDR,138,69, 07/23/2025 08:00:00,N
07/23/2025,09:00,267, D5_S1_1, DCAGMED8,373,373,0,0.045, HOWARD, LEON_CRK,138,138, 07/23/2025 08:00:00,N
07/23/2025,09:00,268, HAINE__LA_PAL1_1, SRAYRI28,211,211,0,0.007, LA_PALMA, HAINE_DR,138,138, 07/23/2025 08:00:00,N
07/23/2025,09:00,269, 650__A, SMGPBRN8,200,200,0,0.235, CMNSW, PNKNY,138,138, 07/23/2025 08:00:00,N
07/23/2025,09:00,270, BLASCOFE_RC_1, SEUSWLT8,238,238,0,0.624, BLASW, COFESSRC,138,138, 07/23/2025 08:00:00,N
07/23/2025,09:00,271, EUSTWLTN_RC_1, SBLACOF8,238,238,0,0.624, EUSTSERC, WALTSSRC,138,138, 07/23/2025 08:00:00,N
07/23/2025,09:00,272, SPUR_69_1, SPA2PAD9,62,62,0,0.403, SPUR, SPUR,138,69, 07/23/2025 08:00:00,N
07/23/2025,09:00,273, MADDUX_SAPOWE2_1, SMADSAP8,202,202,0,2.184, MADDUX, SAPOWER,138,138, 07/23/2025 08:00:00,N
07/23/2025,09:00,274, TREADW_YELWJC1_1, STREMAD8,202,202,0,1.221, TREADWEL, YELWJCKT,138,138, 07/23/2025 08:00:00,N
07/23/2025,09:00,243, MENPHT_YELWJC1_1,  BASE CASE,60,60,0,8.661, YELWJCKT, MENPHTAP,69,69, 07/23/2025 08:00:00,N
07/23/2025,10:00,276, HMLTN,  BASE CASE,59,59,0,10.918, , ,0,0, 07/23/2025 09:00:00,N
07/23/2025,10:00,321, 35050__B, MDTCRTH5,1217,1217,0,10.224, FTSSW, VENSW,345,345, 07/23/2025 09:00:00,N
07/23/2025,10:00,278, DIESEL_FMR1,  BASE CASE,25,25,0,0.014, DIESEL, DIESEL,69,13, 07/23/2025 09:00:00,N
07/23/2025,10:00,279, NE_LOB,  BASE CASE,1823,1823,0,0.09, , ,0,0, 07/23/2025 09:00:00,N
07/23/2025,10:00,280, PNHNDL,  BASE CASE,3996,3996,0,0.061, , ,0,0, 07/23/2025 09:00:00,N
07/23/2025,10:00,281, ZAPATA_TRA1,  BASE CASE,25,25,0,0.009, ZAPATA, ZAPATA,138,12.5, 07/23/2025 09:00:00,N
07/23/2025,10:00,282, OLINGR_FMR1,  BASE CASE,100,100,0,0.006, OLINGR, OLINGR,138,69, 07/23/2025 09:00:00,N
07/23/2025,10:00,283, HAMILT_MAXWEL1_1, DBIGKEN5,152,152,0,2.274, MAXWELL, HAMILTON,138,138, 07/23/2025 09:00:00,N
07/23/2025,10:00,284, TREADW_YELWJC1_1, DBIGKEN5,200,200,0,40.966, TREADWEL, YELWJCKT,138,138, 07/23/2025 09:00:00,N
07/23/2025,10:00,285, MDOPHR99_A, DPHRCTR5,1314,1314,0,0.999, MDO, PHR,345,345, 07/23/2025 09:00:00,N
07/23/2025,10:00,286, HAINE__LA_PAL1_1, SRAYRI38,211,211,0,1.165, LA_PALMA, HAINE_DR,138,138, 07/23/2025 09:00:00,N
07/23/2025,10:00,287, CONCHO_VRBS1_1, SCRMSAR8,30,30,0,3.512, CONCHO, VRBS,69,69, 07/23/2025 09:00:00,N
07/23/2025,10:00,288, HARI_VRBS1_1, SCRMSAR8,30,30,0,3.512, VRBS, HARI,69,69, 07/23/2025 09:00:00,N
07/23/2025,10:00,289, GN_PZ_08_A, SMDOOAS5,387,387,0,1.532, GN, PZ,138,138, 07/23/2025 09:00:00,N
07/23/2025,10:00,290, 15060__B, SW_LVLT5,411,411,0,5.698, VEALMOOR, KOCHTAP,138,138, 07/23/2025 09:00:00,N
07/23/2025,10:00,291, HARGRO_TWINBU1_1, DBAKCED5,151,151,0,1.458, TWINBU, HARGROVE,138,138, 07/23/2025 09:00:00,N
07/23/2025,10:00,292, DEL_MA_LAREDO1_1, MFOAVLO5,267,267,0,3.056, LAREDO, DEL_MAR,138,138, 07/23/2025 09:00:00,N
07/23/2025,10:00,293, STPWAP39_1, DWPWFWP5,1325,1325,0,0.109, STP, WAP,345,345.10001, 07/23/2025 09:00:00,N
07/23/2025,10:00,294, HOEFSROA_T1_O,  BASE CASE,9,9,0,0.498, HOEFSROA, HOEFSROA,69,12.5, 07/23/2025 09:00:00,N
07/23/2025,10:00,295, GREENL_WEAVER1_1, XNCA89,39,39,0,3.315, WEAVERRD, GREENLK,69,69, 07/23/2025 09:00:00,N
07/23/2025,10:00,296, FTST_SOLSTI1_1, DBAKSOL5,220,220,0,0.013, FTST, SOLSTICE,138,138, 07/23/2025 09:00:00,N
07/23/2025,10:00,297, ALPINE_BRONCO1_1, SCOCBAR9,60,60,0,0.009, BRONCO, ALPINE,69,69, 07/23/2025 09:00:00,N
07/23/2025,10:00,298, BELD_BRONCO1_1, SBROALP9,60,60,0,0.009, BRONCO, BELD,69,69, 07/23/2025 09:00:00,N
07/23/2025,10:00,299, VERTRE_WESLAU1_1, SMVRLA_8,156,156,0,0.397, VERTREES, WESLAU,138,138, 07/23/2025 09:00:00,N
07/23/2025,10:00,300, CELANE_N_SHAR1_1, SN_SLON5,211,211,0,0.127, N_SHARPE, CELANEBI,138,138.10001, 07/23/2025 09:00:00,N
07/23/2025,10:00,301, D5_S1_1, SP5CAG8,369,369,0,0.997, HOWARD, LEON_CRK,138,138, 07/23/2025 09:00:00,N
07/23/2025,10:00,302, 138_IH2_COT_1, SSTAPYO8,409,409,0,0.258, IH20, TNCOLIET,138,138, 07/23/2025 09:00:00,N
07/23/2025,10:00,303, 138_IH2_COT_1, SSTAWIC8,409,409,0,0.258, IH20, TNCOLIET,138,138, 07/23/2025 09:00:00,N
07/23/2025,10:00,304, VAL_VERD_WSLCO_1, SMV_PHA8,143,143,0,2.812, WESLACO, MV_VALV4,138,138, 07/23/2025 09:00:00,N
07/23/2025,10:00,305, SNYDR_FMR1, XCGR89,63,63,0,2.128, SNYDR, SNYDR,138,69, 07/23/2025 09:00:00,N
07/23/2025,10:00,306, MATADO_PADUCA1_1, MMATSPU9,55,55,0,0.319, PADR, MATADOR,69,69, 07/23/2025 09:00:00,N
07/23/2025,10:00,307, MATADO_PADUCA1_1, SMATMUL9,55,55,0,0.319, PADR, MATADOR,69,69, 07/23/2025 09:00:00,N
07/23/2025,10:00,308, LIBER_MERCU_1_A,  BASE CASE,849,849,0,0.831, MERCURY, LIBERTY,345,345, 07/23/2025 09:00:00,N
07/23/2025,10:00,309, STCO_STER1_1, XBSP89,38,38,0,1.316, STER, STCO,69,69, 07/23/2025 09:00:00,N
07/23/2025,10:00,310, THWZEN71_A, SZENTH35,1314,1314,0,2.408, ZEN, THW,345,345, 07/23/2025 09:00:00,N
07/23/2025,10:00,311, BIG_FO_PLEASA1_1, DDILPE89,122,122,0,1.705, BIG_FOOT, PLEASANT,138,138, 07/23/2025 09:00:00,N
07/23/2025,10:00,312, THWZEN98_A, SZENTHW5,1314,1314,0,2.408, ZEN, THW,345,345, 07/23/2025 09:00:00,N
07/23/2025,10:00,313, ASHERT_CATARI1_1, SDELLAR8,122,122,0,1.446, ASHERTON, CATARINA,138,138, 07/23/2025 09:00:00,N
07/23/2025,10:00,314, HARGRO_TWINBU1_1, SRUSBIG8,151,151,0,0.02, TWINBU, HARGROVE,138,138, 07/23/2025 09:00:00,N
07/23/2025,10:00,315, 138_FLT_FXT_1, DSLKSOL5,409,409,0,1.047, TNFXTAIL, FLAT_TOP,138,138, 07/23/2025 09:00:00,N
07/23/2025,10:00,316, SOUTHA_VINSON1_1, DABPAB98,95,95,0,0.319, SOUTHABI, VINSON,138,138, 07/23/2025 09:00:00,N
07/23/2025,10:00,317, 138_ALV_NAL_1, SMDOPHR5,383,383,0,0.175, TNNALVIN, ALVIN,138,138, 07/23/2025 09:00:00,N
07/23/2025,10:00,318, 105T105_1, SBRESAL8,409,409,0,5.844, SALEM, HIGH36,138,138, 07/23/2025 09:00:00,N
07/23/2025,10:00,319, COCS_FTST1_1, SBROALP9,59,59,0,0.242, COCS, FTST,69,69, 07/23/2025 09:00:00,N
07/23/2025,10:00,320, 6137__B, STRBCGR8,143,143,0,0.734, FLGRV, HWPOD,138,138, 07/23/2025 09:00:00,N
07/23/2025,10:00,277, MENPHT_YELWJC1_1,  BASE CASE,60,60,0,6.891, YELWJCKT, MENPHTAP,69,69, 07/23/2025 09:00:00,N
07/23/2025,11:00,340, STPWAP39_1, DWPWFWP5,1325,1325,0,7.979, STP, WAP,345,345.10001, 07/23/2025 10:00:00,N
07/23/2025,11:00,341, HOEFSROA_T1_O,  BASE CASE,9,9,0,0.01, HOEFSROA, HOEFSROA,69,12.5, 07/23/2025 10:00:00,N
07/23/2025,11:00,342, GREENL_WEAVER1_1, XNCA89,39,39,0,3.234, WEAVERRD, GREENLK,69,69, 07/23/2025 10:00:00,N
07/23/2025,11:00,343, COLETO_VICTOR2_1, SVICCO28,320,320,0,0.956, COLETO, VICTORIA,138,138.10001, 07/23/2025 10:00:00,N
07/23/2025,11:00,344, FTST_SOLSTI1_1, DBAKSOL5,218,218,0,0.045, FTST, SOLSTICE,138,138, 07/23/2025 10:00:00,N
07/23/2025,11:00,345, ALPINE_BRONCO1_1, SCOCBAR9,60,60,0,0.015, BRONCO, ALPINE,69,69, 07/23/2025 10:00:00,N
07/23/2025,11:00,346, BELD_BRONCO1_1, SBROALP9,60,60,0,0.015, BRONCO, BELD,69,69, 07/23/2025 10:00:00,N
07/23/2025,11:00,347, CELANE_N_SHAR1_1, SN_SLON5,211,211,0,0.272, N_SHARPE, CELANEBI,138,138.10001, 07/23/2025 10:00:00,N
07/23/2025,11:00,348, 138_IH2_COT_1, SSTAWIC8,409,409,0,0.46, IH20, TNCOLIET,138,138, 07/23/2025 10:00:00,N
07/23/2025,11:00,349, VAL_VERD_WSLCO_1, SMV_PHA8,143,143,0,12.854, WESLACO, MV_VALV4,138,138, 07/23/2025 10:00:00,N
07/23/2025,11:00,350, SNYDR_FMR1, XCGR89,63,63,0,2.563, SNYDR, SNYDR,138,69, 07/23/2025 10:00:00,N
07/23/2025,11:00,351, D5_S1_1, DCAGMED8,364,364,0,2.32, HOWARD, LEON_CRK,138,138, 07/23/2025 10:00:00,N
07/23/2025,11:00,352, MATADO_PADUCA1_1, MMATSPU9,54,54,0,0.324, PADR, MATADOR,69,69, 07/23/2025 10:00:00,N
07/23/2025,11:00,353, MATADO_PADUCA1_1, SMATMUL9,54,54,0,0.324, PADR, MATADOR,69,69, 07/23/2025 10:00:00,N
07/23/2025,11:00,354, 381__A, SFMRRY25,1197,1197,0,0.738, FMRVL, RYSSW,345,345, 07/23/2025 10:00:00,N
07/23/2025,11:00,355, 400__A, SFMRRYS5,1197,1197,0,0.738, FMRVL, RYSSW,345,345, 07/23/2025 10:00:00,N
07/23/2025,11:00,356, THWZEN71_A, SZENTH35,1314,1314,0,4.829, ZEN, THW,345,345, 07/23/2025 10:00:00,N
07/23/2025,11:00,357, BIG_FO_PLEASA1_1, DDILPE89,122,122,0,18.053, BIG_FOOT, PLEASANT,138,138, 07/23/2025 10:00:00,N
07/23/2025,11:00,358, THWZEN98_A, SZENTHW5,1314,1314,0,4.829, ZEN, THW,345,345, 07/23/2025 10:00:00,N
07/23/2025,11:00,359, HAINE__LA_PAL1_1, SN_SAJO5,211,211,0,3.828, LA_PALMA, HAINE_DR,138,138, 07/23/2025 10:00:00,N
07/23/2025,11:00,360, 138_FLT_FXT_1, DSLKSOL5,409,409,0,1.102, TNFXTAIL, FLAT_TOP,138,138, 07/23/2025 10:00:00,N
07/23/2025,11:00,361, SOUTHA_VINSON1_1, DABPAB98,94,94,0,0.124, SOUTHABI, VINSON,138,138, 07/23/2025 10:00:00,N
07/23/2025,11:00,362, 6137__B, STRBCGR8,141,141,0,1.167, FLGRV, HWPOD,138,138, 07/23/2025 10:00:00,N
07/23/2025,11:00,363, 35050__B, MDTCRTH5,1197,1197,0,25.228, FTSSW, VENSW,345,345, 07/23/2025 10:00:00,N
07/23/2025,11:00,364, LARDVN_LASCRU1_1, MFOAVLO5,269,269,0,0.553, LARDVNTH, LASCRUCE,138,138, 07/23/2025 10:00:00,N
07/23/2025,11:00,365, RANDAD_ZAPATA1_1,  BASE CASE,77,77,0,2.447, ZAPATA, RANDADO,138,138, 07/23/2025 10:00:00,N
07/23/2025,11:00,366, ZAPATA_TRA2,  BASE CASE,25,25,0,2.411, ZAPATA, ZAPATA,138,12.5, 07/23/2025 10:00:00,N
07/23/2025,11:00,367, CORONA_AT4, DFERGRM8,49,49,0,1.219, CORONA, CORONA,69,138, 07/23/2025 10:00:00,N
07/23/2025,11:00,368, 105T105_1, SMILSAL8,408,408,0,9.237, SALEM, HIGH36,138,138, 07/23/2025 10:00:00,N
07/23/2025,11:00,369, ORNT_REDCRE1_1, DBWN_AM5,135,135,0,1.885, REDCREEK, ORNT,138,138, 07/23/2025 10:00:00,N
07/23/2025,11:00,370, ASHERT_CATARI1_1, SLARLAS8,122,122,0,0.851, ASHERTON, CATARINA,138,138, 07/23/2025 10:00:00,N
07/23/2025,11:00,371, CLARK__LON_HI1_1, MLONWEI8,227,227,0,0.027, LON_HILL, CLARK_WD,138.10001,138, 07/23/2025 10:00:00,N
07/23/2025,11:00,372, HAMILT_MAVERI1_1, SBRAPIN8,122,122,0,4.04, HAMILTON, MAVERICK,138,138, 07/23/2025 10:00:00,N
07/23/2025,11:00,373, HAINE__LA_PAL1_1, MHARNED5,211,211,0,1.386, LA_PALMA, HAINE_DR,138,138, 07/23/2025 10:00:00,N
07/23/2025,11:00,374, ABNTHW_SERDEV1_1, SABIABM8,173,173,0,2.723, ABNTHWST, ABNTHWST,138,138.10001, 07/23/2025 10:00:00,N
07/23/2025,11:00,375, WYL_NEVA_1, SBNDELM8,235,235,0,0.006, NEVADA, WYLIESW,138,138, 07/23/2025 10:00:00,N
07/23/2025,11:00,322, HMLTN,  BASE CASE,59,59,0,11.564, , ,0,0, 07/23/2025 10:00:00,N
07/23/2025,11:00,323, DIESEL_FMR1,  BASE CASE,25,25,0,0.009, DIESEL, DIESEL,69,13, 07/23/2025 10:00:00,N
07/23/2025,11:00,324, NE_LOB,  BASE CASE,1823,1823,0,0.364, , ,0,0, 07/23/2025 10:00:00,N
07/23/2025,11:00,325, NELRIO,  BASE CASE,848,848,0,0.171, , ,0,0, 07/23/2025 10:00:00,N
07/23/2025,11:00,326, PNHNDL,  BASE CASE,3996,3996,0,0.152, , ,0,0, 07/23/2025 10:00:00,N
07/23/2025,11:00,327, ZAPATA_TRA1,  BASE CASE,25,25,0,2.457, ZAPATA, ZAPATA,138,12.5, 07/23/2025 10:00:00,N
07/23/2025,11:00,328, THW_AT2T,  BASE CASE,25,25,0,4.331, THW, THW,1,13.3, 07/23/2025 10:00:00,N
07/23/2025,11:00,329, OLINGR_FMR1,  BASE CASE,100,100,0,0.009, OLINGR, OLINGR,138,69, 07/23/2025 10:00:00,N
07/23/2025,11:00,330, HAMILT_MAXWEL1_1, DBIGKEN5,152,152,0,0.224, MAXWELL, HAMILTON,138,138, 07/23/2025 10:00:00,N
07/23/2025,11:00,331, TREADW_YELWJC1_1, DBIGKEN5,197,197,0,58.529, TREADWEL, YELWJCKT,138,138, 07/23/2025 10:00:00,N
07/23/2025,11:00,332, MDOPHR99_A, DPHRCTR5,1314,1314,0,3.558, MDO, PHR,345,345, 07/23/2025 10:00:00,N
07/23/2025,11:00,333, CONCHO_VRBS1_1, SCRMSAR8,30,30,0,5.571, CONCHO, VRBS,69,69, 07/23/2025 10:00:00,N
07/23/2025,11:00,334, HARI_VRBS1_1, SCRMSAR8,30,30,0,5.571, VRBS, HARI,69,69, 07/23/2025 10:00:00,N
07/23/2025,11:00,335, BURNS_RIOHONDO_1, SN_SAJO5,187,187,0,6.549, RIOHONDO, MV_BURNS,138,138, 07/23/2025 10:00:00,N
07/23/2025,11:00,336, 35050__B, STHSVE65,1197,1197,0,9.341, FTSSW, VENSW,345,345, 07/23/2025 10:00:00,N
07/23/2025,11:00,337, GN_PZ_08_A, SMDOOAS5,387,387,0,6.24, GN, PZ,138,138, 07/23/2025 10:00:00,N
07/23/2025,11:00,338, 1561__A, DVLSPAC5,206,206,0,0.024, DPREA, RCSES,138,138, 07/23/2025 10:00:00,N
07/23/2025,11:00,339, HARGRO_TWINBU1_1, DBAKCED5,151,151,0,1.898, TWINBU, HARGROVE,138,138, 07/23/2025 10:00:00,N
07/23/2025,12:00,404, VAL_VERD_WSLCO_1, SMV_PHA8,143,143,0,22.895, WESLACO, MV_VALV4,138,138, 07/23/2025 11:00:00,N
07/23/2025,12:00,403, 138_IH2_COT_1, SSTAWIC8,409,409,0,0.107, IH20, TNCOLIET,138,138, 07/23/2025 11:00:00,N
07/23/2025,12:00,406, HAINE__LA_PAL1_1, SRAYRI28,211,211,0,1.942, LA_PALMA, HAINE_DR,138,138, 07/23/2025 11:00:00,N
07/23/2025,12:00,407, SPUR_69_1, SPA2PAD9,62,62,0,0.262, SPUR, SPUR,138,69, 07/23/2025 11:00:00,N
07/23/2025,12:00,408, SPUR_69_1, MPADMAT9,62,62,0,0.262, SPUR, SPUR,138,69, 07/23/2025 11:00:00,N
07/23/2025,12:00,409, 381__A, SFMRRY25,1177,1177,0,1.508, FMRVL, RYSSW,345,345, 07/23/2025 11:00:00,N
07/23/2025,12:00,410, 400__A, SFMRRYS5,1177,1177,0,1.508, FMRVL, RYSSW,345,345, 07/23/2025 11:00:00,N
07/23/2025,12:00,411, THWZEN71_A, SZENTH35,1314,1314,0,7.122, ZEN, THW,345,345, 07/23/2025 11:00:00,N
07/23/2025,12:00,412, BIG_FO_PLEASA1_1, DDILPE89,122,122,0,34.2, BIG_FOOT, PLEASANT,138,138, 07/23/2025 11:00:00,N
07/23/2025,12:00,413, THWZEN98_A, SZENTHW5,1314,1314,0,7.122, ZEN, THW,345,345, 07/23/2025 11:00:00,N
07/23/2025,12:00,414, 138_FLT_FXT_1, DSLKSOL5,409,409,0,1.074, TNFXTAIL, FLAT_TOP,138,138, 07/23/2025 11:00:00,N
07/23/2025,12:00,415, 138_ALV_NAL_1, SMDOPHR5,383,383,0,1.248, TNNALVIN, ALVIN,138,138, 07/23/2025 11:00:00,N
07/23/2025,12:00,416, COCS_FTST1_1, SBROALP9,59,59,0,0.313, COCS, FTST,69,69, 07/23/2025 11:00:00,N
07/23/2025,12:00,417, 6137__B, STRBCGR8,139,139,0,0.894, FLGRV, HWPOD,138,138, 07/23/2025 11:00:00,N
07/23/2025,12:00,418, 35050__B, MDTCRTH5,1177,1177,0,25.903, FTSSW, VENSW,345,345, 07/23/2025 11:00:00,N
07/23/2025,12:00,419, 389__A, DVLSPAC5,1166,1166,0,0.004, WDDSW, MNSES,345,345, 07/23/2025 11:00:00,N
07/23/2025,12:00,420, ZAPATA_TRA2,  BASE CASE,25,25,0,0.051, ZAPATA, ZAPATA,138,12.5, 07/23/2025 11:00:00,N
07/23/2025,12:00,421, BISON_STRS1_1, SES2FRI8,38,38,0,2.747, BISON, STRS,69,69, 07/23/2025 11:00:00,N
07/23/2025,12:00,422, CORONA_AT4, DFERGRM8,49,49,0,2.161, CORONA, CORONA,69,138, 07/23/2025 11:00:00,N
07/23/2025,12:00,423, 105T105_1, SMILSAL8,405,405,0,10.755, SALEM, HIGH36,138,138, 07/23/2025 11:00:00,N
07/23/2025,12:00,424, ABNTHW_SERDEV1_1, MXMUL58,173,173,0,9.345, ABNTHWST, ABNTHWST,138,138.10001, 07/23/2025 11:00:00,N
07/23/2025,12:00,425, ASHERT_CATARI1_1, SLARLAS8,122,122,0,0.197, ASHERTON, CATARINA,138,138, 07/23/2025 11:00:00,N
07/23/2025,12:00,426, CLARK__LON_HI1_1, MLONWEI8,223,223,0,0.531, LON_HILL, CLARK_WD,138.10001,138, 07/23/2025 11:00:00,N
07/23/2025,12:00,427, HAMILT_MAVERI1_1, SBRAPIN8,122,122,0,12.166, HAMILTON, MAVERICK,138,138, 07/23/2025 11:00:00,N
07/23/2025,12:00,428, HAINE__LA_PAL1_1, MHARNED5,211,211,0,2.975, LA_PALMA, HAINE_DR,138,138, 07/23/2025 11:00:00,N
07/23/2025,12:00,429, 1710__C, DSALHUT5,236,236,0,13.917, BELCNTY, SALSW,138,138, 07/23/2025 11:00:00,N
07/23/2025,12:00,430, MDOPHR99_A, DWAP_OB5,1314,1314,0,0.104, MDO, PHR,345,345, 07/23/2025 11:00:00,N
07/23/2025,12:00,431, 35065__A, STHSVE65,1177,1177,0,0.021, FVLSW, FTSSW,345,345, 07/23/2025 11:00:00,N
07/23/2025,12:00,432, 6840__B, SRICGRS8,45,45,0,1.717, NVKSW, ANARN,69,69, 07/23/2025 11:00:00,N
07/23/2025,12:00,433, 651__B, DBUCRGP5,204,204,0,4.329, CMNSW, CMNTP,138,138, 07/23/2025 11:00:00,N
07/23/2025,12:00,434, 35065__A, MDTCRTH5,1177,1177,0,0.021, FVLSW, FTSSW,345,345, 07/23/2025 11:00:00,N
07/23/2025,12:00,376, HMLTN,  BASE CASE,59,59,0,16.327, , ,0,0, 07/23/2025 11:00:00,N
07/23/2025,12:00,377, MENPHT_YELWJC1_1,  BASE CASE,60,60,0,10.843, YELWJCKT, MENPHTAP,69,69, 07/23/2025 11:00:00,N
07/23/2025,12:00,378, DIESEL_FMR1,  BASE CASE,25,25,0,0.009, DIESEL, DIESEL,69,13, 07/23/2025 11:00:00,N
07/23/2025,12:00,379, NE_LOB,  BASE CASE,1823,1823,0,1.035, , ,0,0, 07/23/2025 11:00:00,N
07/23/2025,12:00,380, NELRIO,  BASE CASE,848,848,0,0.619, , ,0,0, 07/23/2025 11:00:00,N
07/23/2025,12:00,381, PNHNDL,  BASE CASE,3996,3996,0,0.429, , ,0,0, 07/23/2025 11:00:00,N
07/23/2025,12:00,382, ZAPATA_TRA1,  BASE CASE,25,25,0,0.005, ZAPATA, ZAPATA,138,12.5, 07/23/2025 11:00:00,N
07/23/2025,12:00,383, THW_AT2T,  BASE CASE,25,25,0,0.092, THW, THW,1,13.3, 07/23/2025 11:00:00,N
07/23/2025,12:00,384, OLINGR_FMR1,  BASE CASE,100,100,0,0.009, OLINGR, OLINGR,138,69, 07/23/2025 11:00:00,N
07/23/2025,12:00,385, 6240__C, DMTSCOS5,195,195,0,0.234, SACRC, DPCRK,138,138, 07/23/2025 11:00:00,N
07/23/2025,12:00,386, TREADW_YELWJC1_1, DBIGKEN5,195,195,0,79.758, TREADWEL, YELWJCKT,138,138, 07/23/2025 11:00:00,N
07/23/2025,12:00,387, POT_PEAR_1, DDILPE89,45,45,0,8.267, PEARSALL, POTEETS,69,69, 07/23/2025 11:00:00,N
07/23/2025,12:00,388, MDOPHR99_A, DPHRCTR5,1314,1314,0,15.508, MDO, PHR,345,345, 07/23/2025 11:00:00,N
07/23/2025,12:00,389, HAINE__LA_PAL1_1, SRAYRI38,211,211,0,2.913, LA_PALMA, HAINE_DR,138,138, 07/23/2025 11:00:00,N
07/23/2025,12:00,390, CONCHO_VRBS1_1, SCRMSAR8,30,30,0,5.236, CONCHO, VRBS,69,69, 07/23/2025 11:00:00,N
07/23/2025,12:00,391, HARI_VRBS1_1, SCRMSAR8,30,30,0,5.236, VRBS, HARI,69,69, 07/23/2025 11:00:00,N
07/23/2025,12:00,392, BURNS_RIOHONDO_1, SN_SAJO5,185,185,0,4.322, RIOHONDO, MV_BURNS,138,138, 07/23/2025 11:00:00,N
07/23/2025,12:00,393, 35050__B, STHSVE65,1177,1177,0,25.083, FTSSW, VENSW,345,345, 07/23/2025 11:00:00,N
07/23/2025,12:00,394, GN_PZ_08_A, SMDOOAS5,387,387,0,10.039, GN, PZ,138,138, 07/23/2025 11:00:00,N
07/23/2025,12:00,395, STPWAP39_1, DWPWFWP5,1325,1325,0,23.05, STP, WAP,345,345.10001, 07/23/2025 11:00:00,N
07/23/2025,12:00,396, COLETO_VICTOR2_1, SVICCO28,320,320,0,2.917, COLETO, VICTORIA,138,138.10001, 07/23/2025 11:00:00,N
07/23/2025,12:00,397, FTST_SOLSTI1_1, DBAKSOL5,217,217,0,0.135, FTST, SOLSTICE,138,138, 07/23/2025 11:00:00,N
07/23/2025,12:00,398, ALPINE_BRONCO1_1, SCOCBAR9,60,60,0,0.029, BRONCO, ALPINE,69,69, 07/23/2025 11:00:00,N
07/23/2025,12:00,399, BELD_BRONCO1_1, SBROALP9,60,60,0,0.029, BRONCO, BELD,69,69, 07/23/2025 11:00:00,N
07/23/2025,12:00,400, MAGRUD_VICTOR2_1, XVIC89,211,211,0,0.038, VICTORIA, MAGRUDER,138.10001,138, 07/23/2025 11:00:00,N
07/23/2025,12:00,401, CELANE_N_SHAR1_1, DALASAT8,211,211,0,0.835, N_SHARPE, CELANEBI,138,138.10001, 07/23/2025 11:00:00,N
07/23/2025,12:00,402, D5_S1_1, SP5CAG8,358,358,0,7.111, HOWARD, LEON_CRK,138,138, 07/23/2025 11:00:00,N
07/23/2025,12:00,405, SNYDR_FMR1, XCGR89,63,63,0,3.641, SNYDR, SNYDR,138,69, 07/23/2025 11:00:00,N
07/23/2025,13:00,468, THWZEN98_A, SZENTHW5,1314,1314,0,5.632, ZEN, THW,345,345, 07/23/2025 12:00:00,N
07/23/2025,13:00,467, BIG_FO_PLEASA1_1, DDILPE89,122,122,0,29.913, BIG_FOOT, PLEASANT,138,138, 07/23/2025 12:00:00,N
07/23/2025,13:00,470, 35050__B, MDTCRTH5,1161,1161,0,27.15, FTSSW, VENSW,345,345, 07/23/2025 12:00:00,N
07/23/2025,13:00,471, 389__A, DVLSPAC5,1151,1151,0,0.004, WDDSW, MNSES,345,345, 07/23/2025 12:00:00,N
07/23/2025,13:00,472, LARDVN_LASCRU1_1, MFOAVLO5,265,265,0,0.801, LARDVNTH, LASCRUCE,138,138, 07/23/2025 12:00:00,N
07/23/2025,13:00,473, BISON_STRS1_1, SES2FRI8,38,38,0,3.61, BISON, STRS,69,69, 07/23/2025 12:00:00,N
07/23/2025,13:00,474, 105T105_1, SMILSAL8,404,404,0,33.634, SALEM, HIGH36,138,138, 07/23/2025 12:00:00,N
07/23/2025,13:00,475, ORNT_REDCRE1_1, DBWN_AM5,135,135,0,1.231, REDCREEK, ORNT,138,138, 07/23/2025 12:00:00,N
07/23/2025,13:00,476, ABNTHW_SERDEV1_1, MXMUL58,173,173,0,10.43, ABNTHWST, ABNTHWST,138,138.10001, 07/23/2025 12:00:00,N
07/23/2025,13:00,477, ASHERT_CATARI1_1, SLARLAS8,122,122,0,0.557, ASHERTON, CATARINA,138,138, 07/23/2025 12:00:00,N
07/23/2025,13:00,478, CLARK__LON_HI1_1, MLONWEI8,220,220,0,0.198, LON_HILL, CLARK_WD,138.10001,138, 07/23/2025 12:00:00,N
07/23/2025,13:00,479, HAMILT_MAVERI1_1, SBRAPIN8,122,122,0,14.41, HAMILTON, MAVERICK,138,138, 07/23/2025 12:00:00,N
07/23/2025,13:00,480, HAINE__LA_PAL1_1, MHARNED5,211,211,0,4.989, LA_PALMA, HAINE_DR,138,138, 07/23/2025 12:00:00,N
07/23/2025,13:00,481, ABNTHW_SERDEV1_1, SABIABM8,173,173,0,5.457, ABNTHWST, ABNTHWST,138,138.10001, 07/23/2025 12:00:00,N
07/23/2025,13:00,482, 1710__C, DSALHUT5,233,233,0,50.144, BELCNTY, SALSW,138,138, 07/23/2025 12:00:00,N
07/23/2025,13:00,483, 108__A, SRNKEXC5,1770,1770,0,1.279, EXCSW, RNKSW,345,345, 07/23/2025 12:00:00,N
07/23/2025,13:00,484, MDOPHR99_A, DWAP_OB5,1314,1314,0,2.004, MDO, PHR,345,345, 07/23/2025 12:00:00,N
07/23/2025,13:00,485, 1680__B, SRRNHU48,234,234,0,1.649, RNDRK, RRWES,138,138, 07/23/2025 12:00:00,N
07/23/2025,13:00,486, 35065__A, STHSVE65,1161,1161,0,0.243, FVLSW, FTSSW,345,345, 07/23/2025 12:00:00,N
07/23/2025,13:00,487, 651__B, DBUCRGP5,202,202,0,6.172, CMNSW, CMNTP,138,138, 07/23/2025 12:00:00,N
07/23/2025,13:00,488, HARI_VRBS1_1, XCMN58,30,30,0,11.113, VRBS, HARI,69,69, 07/23/2025 12:00:00,N
07/23/2025,13:00,489, CONCHO_VRBS1_1, XCMN58,30,30,0,11.113, CONCHO, VRBS,69,69, 07/23/2025 12:00:00,N
07/23/2025,13:00,490, 35065__A, MDTCRTH5,1161,1161,0,0.247, FVLSW, FTSSW,345,345, 07/23/2025 12:00:00,N
07/23/2025,13:00,491, ABNTHW_SERDEV1_1, SHENPAI8,173,173,0,2.768, ABNTHWST, ABNTHWST,138,138.10001, 07/23/2025 12:00:00,N
07/23/2025,13:00,492, SCARBI_TITAN_1_1, SSTILOM8,211,211,0,0.411, SCARBIDE, TITAN_SU,138,138, 07/23/2025 12:00:00,N
07/23/2025,13:00,493, CRA_BOSQ_1, SCAYBOS8,253,253,0,2.563, BOSQUE, CRAWFORD,138,138, 07/23/2025 12:00:00,N
07/23/2025,13:00,494, U4_X1_1, DCAGPIN8,177,177,0,0.654, X1, U4,138,138, 07/23/2025 12:00:00,N
07/23/2025,13:00,495, BERGHE_AT1L, DZORHAY5,370,370,0,3.436, BERGHE, BERGHE,1,138, 07/23/2025 12:00:00,N
07/23/2025,13:00,496, BERGHE_AT1H, DZORHAY5,370,370,0,3.436, BERGHE, BERGHE,345,1, 07/23/2025 12:00:00,N
07/23/2025,13:00,497, BURNS_RIOHONDO_1, SNWEWES8,183,183,0,2.043, RIOHONDO, MV_BURNS,138,138, 07/23/2025 12:00:00,N
07/23/2025,13:00,435, HMLTN,  BASE CASE,59,59,0,27.479, , ,0,0, 07/23/2025 12:00:00,N
07/23/2025,13:00,436, MENPHT_YELWJC1_1,  BASE CASE,60,60,0,45.799, YELWJCKT, MENPHTAP,69,69, 07/23/2025 12:00:00,N
07/23/2025,13:00,437, DIESEL_FMR1,  BASE CASE,25,25,0,0.009, DIESEL, DIESEL,69,13, 07/23/2025 12:00:00,N
07/23/2025,13:00,438, NE_LOB,  BASE CASE,1823,1823,0,1.947, , ,0,0, 07/23/2025 12:00:00,N
07/23/2025,13:00,439, NELRIO,  BASE CASE,848,848,0,0.873, , ,0,0, 07/23/2025 12:00:00,N
07/23/2025,13:00,440, PNHNDL,  BASE CASE,3996,3996,0,1.698, , ,0,0, 07/23/2025 12:00:00,N
07/23/2025,13:00,441, ZAPATA_TRA1,  BASE CASE,25,25,0,0.005, ZAPATA, ZAPATA,138,12.5, 07/23/2025 12:00:00,N
07/23/2025,13:00,442, OLINGR_FMR1,  BASE CASE,100,100,0,0.008, OLINGR, OLINGR,138,69, 07/23/2025 12:00:00,N
07/23/2025,13:00,443, 6437__F, DMTSCOS5,203,203,0,2.821, SCRCV, KNAPP,138,138, 07/23/2025 12:00:00,N
07/23/2025,13:00,445, TREADW_YELWJC1_1, DBIGKEN5,192,192,0,86.921, TREADWEL, YELWJCKT,138,138, 07/23/2025 12:00:00,N
07/23/2025,13:00,446, POT_PEAR_1, DDILPE89,45,45,0,32.198, PEARSALL, POTEETS,69,69, 07/23/2025 12:00:00,N
07/23/2025,13:00,447, MDOPHR99_A, DPHRCTR5,1314,1314,0,24.194, MDO, PHR,345,345, 07/23/2025 12:00:00,N
07/23/2025,13:00,448, HAINE__LA_PAL1_1, SRAYRI38,211,211,0,11.624, LA_PALMA, HAINE_DR,138,138, 07/23/2025 12:00:00,N
07/23/2025,13:00,449, 35050__B, STHSVE65,1161,1161,0,33.834, FTSSW, VENSW,345,345, 07/23/2025 12:00:00,N
07/23/2025,13:00,450, BURNS_RIOHONDO_1, MHARNED5,183,183,0,9.828, RIOHONDO, MV_BURNS,138,138, 07/23/2025 12:00:00,N
07/23/2025,13:00,451, GN_PZ_08_A, SMDOOAS5,387,387,0,34.935, GN, PZ,138,138, 07/23/2025 12:00:00,N
07/23/2025,13:00,452, STPWAP39_1, DWPWFWP5,1325,1325,0,36.767, STP, WAP,345,345.10001, 07/23/2025 12:00:00,N
07/23/2025,13:00,453, 6830__B, DGRMGRS8,45,45,0,2.789, CRDSW, OLNEY,69,69, 07/23/2025 12:00:00,N
07/23/2025,13:00,454, MAGRUD_VICTOR2_1,  BASE CASE,211,211,0,1.725, VICTORIA, MAGRUDER,138.10001,138, 07/23/2025 12:00:00,N
07/23/2025,13:00,455, COLETO_VICTOR2_1, SVICCO28,320,320,0,0.275, COLETO, VICTORIA,138,138.10001, 07/23/2025 12:00:00,N
07/23/2025,13:00,444, 6240__C, DMTSCOS5,192,192,0,0.276, SACRC, DPCRK,138,138, 07/23/2025 12:00:00,N
07/23/2025,13:00,456, FTST_SOLSTI1_1, DBAKSOL5,214,214,0,0.171, FTST, SOLSTICE,138,138, 07/23/2025 12:00:00,N
07/23/2025,13:00,457, ALPINE_BRONCO1_1, SCOCBAR9,60,60,0,0.035, BRONCO, ALPINE,69,69, 07/23/2025 12:00:00,N
07/23/2025,13:00,458, BELD_BRONCO1_1, SBROALP9,60,60,0,0.035, BRONCO, BELD,69,69, 07/23/2025 12:00:00,N
07/23/2025,13:00,459, CELANE_N_SHAR1_1, SN_SLON5,211,211,0,1.992, N_SHARPE, CELANEBI,138,138.10001, 07/23/2025 12:00:00,N
07/23/2025,13:00,460, D5_S1_1, SP5CAG8,354,354,0,7.825, HOWARD, LEON_CRK,138,138, 07/23/2025 12:00:00,N
07/23/2025,13:00,461, VAL_VERD_WSLCO_1, SMV_PHA8,143,143,0,142.519, WESLACO, MV_VALV4,138,138, 07/23/2025 12:00:00,N
07/23/2025,13:00,462, SNYDR_FMR1, XCGR89,63,63,0,3.286, SNYDR, SNYDR,138,69, 07/23/2025 12:00:00,N
07/23/2025,13:00,463, MADDUX_SAPOWE2_1, SMADSAP8,192,192,0,2.266, MADDUX, SAPOWER,138,138, 07/23/2025 12:00:00,N
07/23/2025,13:00,464, 381__A, SFMRRY25,1161,1161,0,2.95, FMRVL, RYSSW,345,345, 07/23/2025 12:00:00,N
07/23/2025,13:00,465, 400__A, SFMRRYS5,1161,1161,0,2.95, FMRVL, RYSSW,345,345, 07/23/2025 12:00:00,N
07/23/2025,13:00,466, THWZEN71_A, SZENTH35,1314,1314,0,5.632, ZEN, THW,345,345, 07/23/2025 12:00:00,N
07/23/2025,13:00,469, 138_FLT_FXT_1, DSLKSOL5,409,409,0,1.059, TNFXTAIL, FLAT_TOP,138,138, 07/23/2025 12:00:00,N
07/23/2025,14:00,498, HMLTN,  BASE CASE,59,59,0,25.057, , ,0,0, 07/23/2025 13:00:00,N
07/23/2025,14:00,499, MENPHT_YELWJC1_1,  BASE CASE,60,60,0,49.675, YELWJCKT, MENPHTAP,69,69, 07/23/2025 13:00:00,N
07/23/2025,14:00,500, DIESEL_FMR1,  BASE CASE,25,25,0,0.007, DIESEL, DIESEL,69,13, 07/23/2025 13:00:00,N
07/23/2025,14:00,501, NE_LOB,  BASE CASE,1823,1823,0,1.4, , ,0,0, 07/23/2025 13:00:00,N
07/23/2025,14:00,502, NELRIO,  BASE CASE,848,848,0,0.985, , ,0,0, 07/23/2025 13:00:00,N
07/23/2025,14:00,503, PNHNDL,  BASE CASE,3996,3996,0,3.95, , ,0,0, 07/23/2025 13:00:00,N
07/23/2025,14:00,504, ZAPATA_TRA1,  BASE CASE,25,25,0,0.005, ZAPATA, ZAPATA,138,12.5, 07/23/2025 13:00:00,N
07/23/2025,14:00,505, THW_AT2T,  BASE CASE,25,25,0,0.357, THW, THW,1,13.3, 07/23/2025 13:00:00,N
07/23/2025,14:00,506, OLINGR_FMR1,  BASE CASE,100,100,0,0.008, OLINGR, OLINGR,138,69, 07/23/2025 13:00:00,N
07/23/2025,14:00,507, 6437__F, DMTSCOS5,201,201,0,11.593, SCRCV, KNAPP,138,138, 07/23/2025 13:00:00,N
07/23/2025,14:00,508, TREADW_YELWJC1_1, DBIGKEN5,190,190,0,101.457, TREADWEL, YELWJCKT,138,138, 07/23/2025 13:00:00,N
07/23/2025,14:00,509, POT_PEAR_1, DDILPE89,45,45,0,97.218, PEARSALL, POTEETS,69,69, 07/23/2025 13:00:00,N
07/23/2025,14:00,510, MDOPHR99_A, DPHRCTR5,1314,1314,0,53.378, MDO, PHR,345,345, 07/23/2025 13:00:00,N
07/23/2025,14:00,511, HAINE__LA_PAL1_1, SRAYRI38,211,211,0,24.199, LA_PALMA, HAINE_DR,138,138, 07/23/2025 13:00:00,N
07/23/2025,14:00,512, CONCHO_VRBS1_1, SCRMSAR8,30,30,0,4.982, CONCHO, VRBS,69,69, 07/23/2025 13:00:00,N
07/23/2025,14:00,513, HARI_VRBS1_1, SCRMSAR8,30,30,0,4.982, VRBS, HARI,69,69, 07/23/2025 13:00:00,N
07/23/2025,14:00,514, BURNS_RIOHONDO_1, SN_SAJO5,181,181,0,58.386, RIOHONDO, MV_BURNS,138,138, 07/23/2025 13:00:00,N
07/23/2025,14:00,515, 35050__B, STHSVE65,1138,1138,0,30.499, FTSSW, VENSW,345,345, 07/23/2025 13:00:00,N
07/23/2025,14:00,516, GN_PZ_08_A, SMDOOAS5,387,387,0,29.077, GN, PZ,138,138, 07/23/2025 13:00:00,N
07/23/2025,14:00,517, STPWAP39_1, DWPWFWP5,1325,1325,0,59.826, STP, WAP,345,345.10001, 07/23/2025 13:00:00,N
07/23/2025,14:00,518, 6830__B, DGRMGRS8,44,44,0,9.304, CRDSW, OLNEY,69,69, 07/23/2025 13:00:00,N
07/23/2025,14:00,519, COLETO_VICTOR2_1, SVICCO28,320,320,0,0.576, COLETO, VICTORIA,138,138.10001, 07/23/2025 13:00:00,N
07/23/2025,14:00,520, FTST_SOLSTI1_1, DBAKSOL5,212,212,0,0.183, FTST, SOLSTICE,138,138, 07/23/2025 13:00:00,N
07/23/2025,14:00,521, ALPINE_BRONCO1_1, SCOCBAR9,60,60,0,0.037, BRONCO, ALPINE,69,69, 07/23/2025 13:00:00,N
07/23/2025,14:00,522, BELD_BRONCO1_1, SBROALP9,60,60,0,0.037, BRONCO, BELD,69,69, 07/23/2025 13:00:00,N
07/23/2025,14:00,523, MAGRUD_VICTOR2_1, XVIC89,211,211,0,3.282, VICTORIA, MAGRUDER,138.10001,138, 07/23/2025 13:00:00,N
07/23/2025,14:00,524, DKEC_JATN1_1, SWOLROT9,35,35,0,0.052, JATN, DKEC,69,69, 07/23/2025 13:00:00,N
07/23/2025,14:00,525, D5_S1_1, SP5CAG8,349,349,0,11.324, HOWARD, LEON_CRK,138,138, 07/23/2025 13:00:00,N
07/23/2025,14:00,526, VAL_VERD_WSLCO_1, SMV_PHA8,143,143,0,4.134, WESLACO, MV_VALV4,138,138, 07/23/2025 13:00:00,N
07/23/2025,14:00,527, SNYDR_FMR1, XCGR89,63,63,0,2.447, SNYDR, SNYDR,138,69, 07/23/2025 13:00:00,N
07/23/2025,14:00,528, MADDUX_SAPOWE2_1, SMADSAP8,190,190,0,2.344, MADDUX, SAPOWER,138,138, 07/23/2025 13:00:00,N
07/23/2025,14:00,529, 381__A, SFMRRY25,1138,1138,0,4.809, FMRVL, RYSSW,345,345, 07/23/2025 13:00:00,N
07/23/2025,14:00,530, 400__A, SFMRRYS5,1138,1138,0,4.809, FMRVL, RYSSW,345,345, 07/23/2025 13:00:00,N
07/23/2025,14:00,531, THWZEN71_A, SZENTH35,1314,1314,0,3.966, ZEN, THW,345,345, 07/23/2025 13:00:00,N
07/23/2025,14:00,532, BIG_FO_PLEASA1_1, DDILPE89,122,122,0,28.805, BIG_FOOT, PLEASANT,138,138, 07/23/2025 13:00:00,N
07/23/2025,14:00,533, THWZEN98_A, SZENTHW5,1314,1314,0,3.966, ZEN, THW,345,345, 07/23/2025 13:00:00,N
07/23/2025,14:00,534, HAINE__LA_PAL1_1, SN_SAJO5,211,211,0,1.457, LA_PALMA, HAINE_DR,138,138, 07/23/2025 13:00:00,N
07/23/2025,14:00,535, 138_FLT_FXT_1, DSLKSOL5,409,409,0,0.407, TNFXTAIL, FLAT_TOP,138,138, 07/23/2025 13:00:00,N
07/23/2025,14:00,536, 35050__B, MDTCRFB5,1138,1138,0,31.555, FTSSW, VENSW,345,345, 07/23/2025 13:00:00,N
07/23/2025,14:00,537, 389__A, DVLSPAC5,1132,1132,0,0.005, WDDSW, MNSES,345,345, 07/23/2025 13:00:00,N
07/23/2025,14:00,538, LARDVN_LASCRU1_1, MFOAVLO5,264,264,0,0.437, LARDVNTH, LASCRUCE,138,138, 07/23/2025 13:00:00,N
07/23/2025,14:00,539, BISON_STRS1_1, SES2FRI8,38,38,0,3.918, BISON, STRS,69,69, 07/23/2025 13:00:00,N
07/23/2025,14:00,540, 105T105_1, SMILSAL8,402,402,0,50.645, SALEM, HIGH36,138,138, 07/23/2025 13:00:00,N
07/23/2025,14:00,541, ABNTHW_SERDEV1_1, MXMUL58,173,173,0,34.944, ABNTHWST, ABNTHWST,138,138.10001, 07/23/2025 13:00:00,N
07/23/2025,14:00,542, ASHERT_CATARI1_1, SLARLAS8,122,122,0,1.214, ASHERTON, CATARINA,138,138, 07/23/2025 13:00:00,N
07/23/2025,14:00,543, HAMILT_MAVERI1_1, SBRAPIN8,122,122,0,13.944, HAMILTON, MAVERICK,138,138, 07/23/2025 13:00:00,N
07/23/2025,14:00,544, 1710__C, DSALHUT5,227,227,0,159.175, BELCNTY, SALSW,138,138, 07/23/2025 13:00:00,N
07/23/2025,14:00,545, 108__A, SRNKEXC5,1733,1733,0,16.344, EXCSW, RNKSW,345,345, 07/23/2025 13:00:00,N
07/23/2025,14:00,546, MDOPHR99_A, DWAP_OB5,1314,1314,0,4.562, MDO, PHR,345,345, 07/23/2025 13:00:00,N
07/23/2025,14:00,547, 1680__B, SRRNHU48,231,231,0,31.255, RNDRK, RRWES,138,138, 07/23/2025 13:00:00,N
07/23/2025,14:00,548, 651__B, DBUCRGP5,197,197,0,6.953, CMNSW, CMNTP,138,138, 07/23/2025 13:00:00,N
07/23/2025,14:00,549, CELANE_N_SHAR1_1, SAJORI25,211,211,0,2.466, N_SHARPE, CELANEBI,138,138.10001, 07/23/2025 13:00:00,N
07/23/2025,14:00,550, SCARBI_TITAN_1_1, SSTILOM8,211,211,0,0.148, SCARBIDE, TITAN_SU,138,138, 07/23/2025 13:00:00,N
07/23/2025,14:00,551, U4_X1_1, DCAGPIN8,173,173,0,6.374, X1, U4,138,138, 07/23/2025 13:00:00,N
07/23/2025,14:00,552, BERGHE_AT1L, DZORHAY5,370,370,0,2.232, BERGHE, BERGHE,1,138, 07/23/2025 13:00:00,N
07/23/2025,14:00,553, BERGHE_AT1H, DZORHAY5,370,370,0,2.232, BERGHE, BERGHE,345,1, 07/23/2025 13:00:00,N
07/23/2025,14:00,554, NEDIN_SERDEV5_1,  BASE CASE,300,300,0,0.002, NEDIN, NEDIN,138,138.10001, 07/23/2025 13:00:00,N
07/23/2025,14:00,555, 3160__A, DCDHMCS8,183,183,0,2.262, CDCSW, OKCLS,138,138, 07/23/2025 13:00:00,N
07/23/2025,14:00,556, 35065__A, MDTCRFB5,1138,1138,0,0.476, FVLSW, FTSSW,345,345, 07/23/2025 13:00:00,N
07/23/2025,14:00,557, 6375__A, MLONPK25,198,198,0,4.281, GRSES, GRMES,138,138, 07/23/2025 13:00:00,N
07/23/2025,14:00,558, 6375__A, MGRSLO25,198,198,0,4.281, GRSES, GRMES,138,138, 07/23/2025 13:00:00,N
07/23/2025,15:00,591, BIG_FO_PLEASA1_1, DDILPE89,122,122,0,70.257, BIG_FOOT, PLEASANT,138,138, 07/23/2025 14:00:00,N
07/23/2025,15:00,590, THWZEN71_A, SZENTH35,1314,1314,0,2.572, ZEN, THW,345,345, 07/23/2025 14:00:00,N
07/23/2025,15:00,593, HAINE__LA_PAL1_1, SN_SAJO5,211,211,0,1.449, LA_PALMA, HAINE_DR,138,138, 07/23/2025 14:00:00,N
07/23/2025,15:00,594, COCS_FTST1_1, SBROALP9,58,58,0,4.022, COCS, FTST,69,69, 07/23/2025 14:00:00,N
07/23/2025,15:00,595, 6137__B, STRBCGR8,133,133,0,0.439, FLGRV, HWPOD,138,138, 07/23/2025 14:00:00,N
07/23/2025,15:00,596, 35050__B, MDTCRTH5,1125,1125,0,27.676, FTSSW, VENSW,345,345, 07/23/2025 14:00:00,N
07/23/2025,15:00,597, 389__A, DVLSPAC5,1122,1122,0,0.005, WDDSW, MNSES,345,345, 07/23/2025 14:00:00,N
07/23/2025,15:00,598, LARDVN_LASCRU1_1, MFOAVLO5,264,264,0,2.271, LARDVNTH, LASCRUCE,138,138, 07/23/2025 14:00:00,N
07/23/2025,15:00,599, BISON_STRS1_1, SES2FRI8,38,38,0,3.717, BISON, STRS,69,69, 07/23/2025 14:00:00,N
07/23/2025,15:00,600, ORNT_REDCRE1_1, DBWN_AM5,135,135,0,0.671, REDCREEK, ORNT,138,138, 07/23/2025 14:00:00,N
07/23/2025,15:00,601, ABNTHW_SERDEV1_1, MXMUL58,173,173,0,54.053, ABNTHWST, ABNTHWST,138,138.10001, 07/23/2025 14:00:00,N
07/23/2025,15:00,602, ASHERT_CATARI1_1, SLARLAS8,122,122,0,7.003, ASHERTON, CATARINA,138,138, 07/23/2025 14:00:00,N
07/23/2025,15:00,603, HAMILT_MAVERI1_1, SBRAPIN8,122,122,0,5.322, HAMILTON, MAVERICK,138,138, 07/23/2025 14:00:00,N
07/23/2025,15:00,604, 1710__C, DSALHUT5,225,225,0,237.671, BELCNTY, SALSW,138,138, 07/23/2025 14:00:00,N
07/23/2025,15:00,605, 108__A, SRNKEXC5,1713,1713,0,39.398, EXCSW, RNKSW,345,345, 07/23/2025 14:00:00,N
07/23/2025,15:00,606, 1680__B, SRRNHU48,228,228,0,69.829, RNDRK, RRWES,138,138, 07/23/2025 14:00:00,N
07/23/2025,15:00,607, 651__B, DBUCRGP5,195,195,0,17.247, CMNSW, CMNTP,138,138, 07/23/2025 14:00:00,N
07/23/2025,15:00,608, 35065__A, MDTCRTH5,1125,1125,0,0.677, FVLSW, FTSSW,345,345, 07/23/2025 14:00:00,N
07/23/2025,15:00,609, ABNTHW_SERDEV1_1, SHENPAI8,173,173,0,0.201, ABNTHWST, ABNTHWST,138,138.10001, 07/23/2025 14:00:00,N
07/23/2025,15:00,610, SCARBI_TITAN_1_1, SSTILOM8,211,211,0,0.946, SCARBIDE, TITAN_SU,138,138, 07/23/2025 14:00:00,N
07/23/2025,15:00,611, 660__B, MCMNFUL8,225,225,0,2.645, MGPSW, ZEPHYR,138,138, 07/23/2025 14:00:00,N
07/23/2025,15:00,612, CRA_BOSQ_1, SCAYBOS8,247,247,0,8.114, BOSQUE, CRAWFORD,138,138, 07/23/2025 14:00:00,N
07/23/2025,15:00,613, U4_X1_1, DCAGPIN8,169,169,0,17.766, X1, U4,138,138, 07/23/2025 14:00:00,N
07/23/2025,15:00,614, BERGHE_AT1L, DZORHAY5,370,370,0,8.488, BERGHE, BERGHE,1,138, 07/23/2025 14:00:00,N
07/23/2025,15:00,615, BERGHE_AT1H, DZORHAY5,370,370,0,8.488, BERGHE, BERGHE,345,1, 07/23/2025 14:00:00,N
07/23/2025,15:00,616, NEDIN_SERDEV5_1,  BASE CASE,300,300,0,0.002, NEDIN, NEDIN,138,138.10001, 07/23/2025 14:00:00,N
07/23/2025,15:00,617, 3160__A, DCDHMCS8,181,181,0,8.766, CDCSW, OKCLS,138,138, 07/23/2025 14:00:00,N
07/23/2025,15:00,618, 6375__A, MLONPK25,195,195,0,6.069, GRSES, GRMES,138,138, 07/23/2025 14:00:00,N
07/23/2025,15:00,619, 6375__A, MGRSLO25,195,195,0,6.069, GRSES, GRMES,138,138, 07/23/2025 14:00:00,N
07/23/2025,15:00,620, STPWAP39_1, DBLBYWF5,1325,1325,0,0.896, STP, WAP,345,345.10001, 07/23/2025 14:00:00,N
07/23/2025,15:00,621, D5_J0_1, SA4LEO8,264,264,0,1.672, LEON_CRK, J0,138,138, 07/23/2025 14:00:00,N
07/23/2025,15:00,622, 6T227_1, SHAYZO25,1184,1184,0,0.114, HAYSEN, ZORN,345,345, 07/23/2025 14:00:00,N
07/23/2025,15:00,559, HMLTN,  BASE CASE,59,59,0,21.744, , ,0,0, 07/23/2025 14:00:00,N
07/23/2025,15:00,560, MENPHT_YELWJC1_1,  BASE CASE,60,60,0,52.389, YELWJCKT, MENPHTAP,69,69, 07/23/2025 14:00:00,N
07/23/2025,15:00,561, NE_LOB,  BASE CASE,1823,1823,0,2.803, , ,0,0, 07/23/2025 14:00:00,N
07/23/2025,15:00,562, NELRIO,  BASE CASE,848,848,0,1.657, , ,0,0, 07/23/2025 14:00:00,N
07/23/2025,15:00,563, PNHNDL,  BASE CASE,3996,3996,0,5.327, , ,0,0, 07/23/2025 14:00:00,N
07/23/2025,15:00,564, ZAPATA_TRA1,  BASE CASE,25,25,0,0.005, ZAPATA, ZAPATA,138,12.5, 07/23/2025 14:00:00,N
07/23/2025,15:00,565, THW_AT2T,  BASE CASE,25,25,0,0.063, THW, THW,1,13.3, 07/23/2025 14:00:00,N
07/23/2025,15:00,566, 6437__F, DMTSCOS5,198,198,0,9.25, SCRCV, KNAPP,138,138, 07/23/2025 14:00:00,N
07/23/2025,15:00,567, TREADW_YELWJC1_1, DBIGKEN5,188,188,0,110.424, TREADWEL, YELWJCKT,138,138, 07/23/2025 14:00:00,N
07/23/2025,15:00,568, MDOPHR99_A, DPHRCTR5,1314,1314,0,70.686, MDO, PHR,345,345, 07/23/2025 14:00:00,N
07/23/2025,15:00,569, HAINE__LA_PAL1_1, SRAYRI38,211,211,0,39.36, LA_PALMA, HAINE_DR,138,138, 07/23/2025 14:00:00,N
07/23/2025,15:00,570, CONCHO_VRBS1_1, SCRMSAR8,30,30,0,4.725, CONCHO, VRBS,69,69, 07/23/2025 14:00:00,N
07/23/2025,15:00,571, HARI_VRBS1_1, SCRMSAR8,30,30,0,4.725, VRBS, HARI,69,69, 07/23/2025 14:00:00,N
07/23/2025,15:00,572, BURNS_RIOHONDO_1, SN_SAJO5,181,181,0,130.457, RIOHONDO, MV_BURNS,138,138, 07/23/2025 14:00:00,N
07/23/2025,15:00,573, 35050__B, STHSVE65,1125,1125,0,39.849, FTSSW, VENSW,345,345, 07/23/2025 14:00:00,N
07/23/2025,15:00,574, POT_PEAR_1, MPEABIG8,45,45,0,54.592, PEARSALL, POTEETS,69,69, 07/23/2025 14:00:00,N
07/23/2025,15:00,575, GN_PZ_08_A, SMDOOAS5,387,387,0,34.813, GN, PZ,138,138, 07/23/2025 14:00:00,N
07/23/2025,15:00,576, STPWAP39_1, DWPWFWP5,1325,1325,0,86.112, STP, WAP,345,345.10001, 07/23/2025 14:00:00,N
07/23/2025,15:00,577, 6830__B, DGRMGRS8,44,44,0,17.274, CRDSW, OLNEY,69,69, 07/23/2025 14:00:00,N
07/23/2025,15:00,578, COLETO_VICTOR2_1, SVICCO28,320,320,0,3.845, COLETO, VICTORIA,138,138.10001, 07/23/2025 14:00:00,N
07/23/2025,15:00,579, FTST_SOLSTI1_1, DBAKSOL5,211,211,0,0.145, FTST, SOLSTICE,138,138, 07/23/2025 14:00:00,N
07/23/2025,15:00,580, ALPINE_BRONCO1_1, SCOCBAR9,60,60,0,0.031, BRONCO, ALPINE,69,69, 07/23/2025 14:00:00,N
07/23/2025,15:00,581, BELD_BRONCO1_1, SBROALP9,60,60,0,0.031, BRONCO, BELD,69,69, 07/23/2025 14:00:00,N
07/23/2025,15:00,582, MAGRUD_VICTOR2_1, XVIC89,211,211,0,5.67, VICTORIA, MAGRUDER,138.10001,138, 07/23/2025 14:00:00,N
07/23/2025,15:00,583, CELANE_N_SHAR1_1, SN_SLON5,211,211,0,3.805, N_SHARPE, CELANEBI,138,138.10001, 07/23/2025 14:00:00,N
07/23/2025,15:00,584, D5_S1_1, SP5CAG8,344,344,0,28.795, HOWARD, LEON_CRK,138,138, 07/23/2025 14:00:00,N
07/23/2025,15:00,585, VAL_VERD_WSLCO_1, SMV_PHA8,143,143,0,0.269, WESLACO, MV_VALV4,138,138, 07/23/2025 14:00:00,N
07/23/2025,15:00,586, SNYDR_FMR1, XCGR89,63,63,0,2.548, SNYDR, SNYDR,138,69, 07/23/2025 14:00:00,N
07/23/2025,15:00,587, MADDUX_SAPOWE2_1, SMADSAP8,188,188,0,2.635, MADDUX, SAPOWER,138,138, 07/23/2025 14:00:00,N
07/23/2025,15:00,588, 381__A, SFMRRY25,1125,1125,0,6.711, FMRVL, RYSSW,345,345, 07/23/2025 14:00:00,N
07/23/2025,15:00,589, 400__A, SFMRRYS5,1125,1125,0,6.711, FMRVL, RYSSW,345,345, 07/23/2025 14:00:00,N
07/23/2025,15:00,592, THWZEN98_A, SZENTHW5,1314,1314,0,2.572, ZEN, THW,345,345, 07/23/2025 14:00:00,N
07/23/2025,16:00,652, 381__A, SFMRRY25,1118,1118,0,5.878, FMRVL, RYSSW,345,345, 07/23/2025 15:00:00,N
07/23/2025,16:00,653, 400__A, SFMRRYS5,1118,1118,0,5.878, FMRVL, RYSSW,345,345, 07/23/2025 15:00:00,N
07/23/2025,16:00,654, BIG_FO_PLEASA1_1, DDILPE89,122,122,0,50.278, BIG_FOOT, PLEASANT,138,138, 07/23/2025 15:00:00,N
07/23/2025,16:00,655, COCS_FTST1_1, SBROALP9,58,58,0,3.924, COCS, FTST,69,69, 07/23/2025 15:00:00,N
07/23/2025,16:00,656, 6137__B, STRBCGR8,133,133,0,0.154, FLGRV, HWPOD,138,138, 07/23/2025 15:00:00,N
07/23/2025,16:00,657, 35050__B, MDTCRTH5,1118,1118,0,24.775, FTSSW, VENSW,345,345, 07/23/2025 15:00:00,N
07/23/2025,16:00,658, LARDVN_LASCRU1_1, MFOAVLO5,263,263,0,7.954, LARDVNTH, LASCRUCE,138,138, 07/23/2025 15:00:00,N
07/23/2025,16:00,659, ABNTHW_SERDEV1_1, MXMUL58,173,173,0,82.717, ABNTHWST, ABNTHWST,138,138.10001, 07/23/2025 15:00:00,N
07/23/2025,16:00,660, ASHERT_CATARI1_1, SLARLAS8,122,122,0,10.005, ASHERTON, CATARINA,138,138, 07/23/2025 15:00:00,N
07/23/2025,16:00,661, HAMILT_MAVERI1_1, SBRAPIN8,122,122,0,6.185, HAMILTON, MAVERICK,138,138, 07/23/2025 15:00:00,N
07/23/2025,16:00,662, HAINE__LA_PAL1_1, MHARNED5,211,211,0,8.059, LA_PALMA, HAINE_DR,138,138, 07/23/2025 15:00:00,N
07/23/2025,16:00,663, WYL_NEVA_1, SBNDELM8,235,235,0,0.028, NEVADA, WYLIESW,138,138, 07/23/2025 15:00:00,N
07/23/2025,16:00,664, 1710__C, DSALHUT5,224,224,0,345.406, BELCNTY, SALSW,138,138, 07/23/2025 15:00:00,N
07/23/2025,16:00,665, 108__A, SRNKEXC5,1703,1703,0,45.83, EXCSW, RNKSW,345,345, 07/23/2025 15:00:00,N
07/23/2025,16:00,666, 1680__B, SRRNHU48,226,226,0,73.283, RNDRK, RRWES,138,138, 07/23/2025 15:00:00,N
07/23/2025,16:00,667, 651__B, DBUCRGP5,194,194,0,11.227, CMNSW, CMNTP,138,138, 07/23/2025 15:00:00,N
07/23/2025,16:00,668, NLARSW_PILONC1_1, SLARLAS8,129,129,0,0.407, PILONCIL, NLARSW,138,138, 07/23/2025 15:00:00,N
07/23/2025,16:00,669, 35065__A, MDTCRTH5,1118,1118,0,1.281, FVLSW, FTSSW,345,345, 07/23/2025 15:00:00,N
07/23/2025,16:00,670, 651__B, DKLNRGP5,194,194,0,18.671, CMNSW, CMNTP,138,138, 07/23/2025 15:00:00,N
07/23/2025,16:00,671, SCARBI_TITAN_1_1, SSTILOM8,211,211,0,5.409, SCARBIDE, TITAN_SU,138,138, 07/23/2025 15:00:00,N
07/23/2025,16:00,672, 660__B, MCMNFUL8,224,224,0,3.473, MGPSW, ZEPHYR,138,138, 07/23/2025 15:00:00,N
07/23/2025,16:00,673, CRA_BOSQ_1, SCAYBOS8,246,246,0,0.892, BOSQUE, CRAWFORD,138,138, 07/23/2025 15:00:00,N
07/23/2025,16:00,674, U4_X1_1, DCAGPIN8,167,167,0,19.529, X1, U4,138,138, 07/23/2025 15:00:00,N
07/23/2025,16:00,675, BERGHE_AT1L, DZORHAY5,370,370,0,9.959, BERGHE, BERGHE,1,138, 07/23/2025 15:00:00,N
07/23/2025,16:00,676, BERGHE_AT1H, DZORHAY5,370,370,0,9.959, BERGHE, BERGHE,345,1, 07/23/2025 15:00:00,N
07/23/2025,16:00,677, NEDIN_SERDEV5_1,  BASE CASE,300,300,0,0.003, NEDIN, NEDIN,138,138.10001, 07/23/2025 15:00:00,N
07/23/2025,16:00,678, 3160__A, DCDHMCS8,180,180,0,9.751, CDCSW, OKCLS,138,138, 07/23/2025 15:00:00,N
07/23/2025,16:00,679, 6375__A, MLONPK25,194,194,0,1.651, GRSES, GRMES,138,138, 07/23/2025 15:00:00,N
07/23/2025,16:00,680, 6375__A, MGRSLO25,194,194,0,1.651, GRSES, GRMES,138,138, 07/23/2025 15:00:00,N
07/23/2025,16:00,681, STPWAP39_1, DBLBYWF5,1325,1325,0,11.698, STP, WAP,345,345.10001, 07/23/2025 15:00:00,N
07/23/2025,16:00,682, D5_J0_1, SV4LEO8,262,262,0,5.48, LEON_CRK, J0,138,138, 07/23/2025 15:00:00,N
07/23/2025,16:00,683, D5_J0_1, SA4LEO8,262,262,0,9.009, LEON_CRK, J0,138,138, 07/23/2025 15:00:00,N
07/23/2025,16:00,684, 2115__B, SBTPBNT8,44,44,0,8.102, TOWER, BNTSW,69,69, 07/23/2025 15:00:00,N
07/23/2025,16:00,685, HARGRO_TWINBU1_1, SBIGTWI5,151,151,0,5.426, TWINBU, HARGROVE,138,138, 07/23/2025 15:00:00,N
07/23/2025,16:00,686, MATADO_PADUCA1_1, SMATMUL9,53,53,0,0.268, MATADOR, PADR,69,69, 07/23/2025 15:00:00,N
07/23/2025,16:00,687, 1263__B, DTRSEUS8,224,224,0,0.031, SGVSW, CRAND,138,138, 07/23/2025 15:00:00,N
07/23/2025,16:00,688, MATADO_PADUCA1_1, MMATSPU9,53,53,0,0.268, MATADOR, PADR,69,69, 07/23/2025 15:00:00,N
07/23/2025,16:00,689, 1263__B, DTRSMAN8,224,224,0,0.031, SGVSW, CRAND,138,138, 07/23/2025 15:00:00,N
07/23/2025,16:00,623, HMLTN,  BASE CASE,59,59,0,21.139, , ,0,0, 07/23/2025 15:00:00,N
07/23/2025,16:00,624, MENPHT_YELWJC1_1,  BASE CASE,60,60,0,58.334, YELWJCKT, MENPHTAP,69,69, 07/23/2025 15:00:00,N
07/23/2025,16:00,625, DIESEL_FMR1,  BASE CASE,25,25,0,0.006, DIESEL, DIESEL,69,13, 07/23/2025 15:00:00,N
07/23/2025,16:00,626, NE_LOB,  BASE CASE,1823,1823,0,1.041, , ,0,0, 07/23/2025 15:00:00,N
07/23/2025,16:00,627, NELRIO,  BASE CASE,848,848,0,6.797, , ,0,0, 07/23/2025 15:00:00,N
07/23/2025,16:00,628, PNHNDL,  BASE CASE,3996,3996,0,8.464, , ,0,0, 07/23/2025 15:00:00,N
07/23/2025,16:00,629, ZAPATA_TRA1,  BASE CASE,25,25,0,0.004, ZAPATA, ZAPATA,138,12.5, 07/23/2025 15:00:00,N
07/23/2025,16:00,630, THW_AT2T,  BASE CASE,25,25,0,0.789, THW, THW,1,13.3, 07/23/2025 15:00:00,N
07/23/2025,16:00,631, OLINGR_FMR1,  BASE CASE,100,100,0,0.008, OLINGR, OLINGR,138,69, 07/23/2025 15:00:00,N
07/23/2025,16:00,632, 6437__F, DMTSCOS5,196,196,0,28.116, SCRCV, KNAPP,138,138, 07/23/2025 15:00:00,N
07/23/2025,16:00,633, TREADW_YELWJC1_1, DBIGKEN5,187,187,0,146.251, TREADWEL, YELWJCKT,138,138, 07/23/2025 15:00:00,N
07/23/2025,16:00,634, MDOPHR99_A, DPHRCTR5,1314,1314,0,46.912, MDO, PHR,345,345, 07/23/2025 15:00:00,N
07/23/2025,16:00,635, HAINE__LA_PAL1_1, SRAYRI38,211,211,0,63.447, LA_PALMA, HAINE_DR,138,138, 07/23/2025 15:00:00,N
07/23/2025,16:00,636, BURNS_RIOHONDO_1, SN_SAJO5,180,180,0,166.045, RIOHONDO, MV_BURNS,138,138, 07/23/2025 15:00:00,N
07/23/2025,16:00,637, 35050__B, STHSVE65,1118,1118,0,41.235, FTSSW, VENSW,345,345, 07/23/2025 15:00:00,N
07/23/2025,16:00,638, POT_PEAR_1, MPEABIG8,45,45,0,129.538, PEARSALL, POTEETS,69,69, 07/23/2025 15:00:00,N
07/23/2025,16:00,639, GN_PZ_08_A, SMDOOAS5,387,387,0,49.271, GN, PZ,138,138, 07/23/2025 15:00:00,N
07/23/2025,16:00,640, 1561__A, DVLSPAC5,194,194,0,0.219, DPREA, RCSES,138,138, 07/23/2025 15:00:00,N
07/23/2025,16:00,641, STPWAP39_1, DWPWFWP5,1325,1325,0,115.991, STP, WAP,345,345.10001, 07/23/2025 15:00:00,N
07/23/2025,16:00,642, 6830__B, DGRMGRS8,44,44,0,22.44, CRDSW, OLNEY,69,69, 07/23/2025 15:00:00,N
07/23/2025,16:00,643, COLETO_VICTOR2_1, SVICCO28,320,320,0,2.943, COLETO, VICTORIA,138,138.10001, 07/23/2025 15:00:00,N
07/23/2025,16:00,644, FTST_SOLSTI1_1, DBAKSOL5,210,210,0,0.098, FTST, SOLSTICE,138,138, 07/23/2025 15:00:00,N
07/23/2025,16:00,645, ALPINE_BRONCO1_1, SCOCBAR9,60,60,0,0.223, BRONCO, ALPINE,69,69, 07/23/2025 15:00:00,N
07/23/2025,16:00,646, BELD_BRONCO1_1, SBROALP9,60,60,0,0.223, BRONCO, BELD,69,69, 07/23/2025 15:00:00,N
07/23/2025,16:00,647, MAGRUD_VICTOR2_1, XVIC89,211,211,0,8.05, VICTORIA, MAGRUDER,138.10001,138, 07/23/2025 15:00:00,N
07/23/2025,16:00,648, CELANE_N_SHAR1_1, SN_SLON5,211,211,0,6.984, N_SHARPE, CELANEBI,138,138.10001, 07/23/2025 15:00:00,N
07/23/2025,16:00,649, D5_S1_1, SP5CAG8,341,341,0,34.79, HOWARD, LEON_CRK,138,138, 07/23/2025 15:00:00,N
07/23/2025,16:00,650, SNYDR_FMR1, XCGR89,63,63,0,0.096, SNYDR, SNYDR,138,69, 07/23/2025 15:00:00,N
07/23/2025,16:00,651, MADDUX_SAPOWE2_1, SMADSAP8,187,187,0,1.308, MADDUX, SAPOWER,138,138, 07/23/2025 15:00:00,N
07/23/2025,17:00,719, CELANE_N_SHAR1_1, SN_SLON5,211,211,0,13.993, N_SHARPE, CELANEBI,138,138.10001, 07/23/2025 16:00:00,N
07/23/2025,17:00,720, D5_S1_1, SP5CAG8,338,338,0,20.168, HOWARD, LEON_CRK,138,138, 07/23/2025 16:00:00,N
07/23/2025,17:00,721, MADDUX_SAPOWE2_1, SMADSAP8,186,186,0,7.611, MADDUX, SAPOWER,138,138, 07/23/2025 16:00:00,N
07/23/2025,17:00,722, 381__A, SFMRRY25,1112,1112,0,6.112, FMRVL, RYSSW,345,345, 07/23/2025 16:00:00,N
07/23/2025,17:00,723, 400__A, SFMRRYS5,1112,1112,0,6.112, FMRVL, RYSSW,345,345, 07/23/2025 16:00:00,N
07/23/2025,17:00,724, HARGRO_TWINBU1_1, SRUSBIG8,151,151,0,1.84, TWINBU, HARGROVE,138,138, 07/23/2025 16:00:00,N
07/23/2025,17:00,725, COCS_FTST1_1, SBROALP9,58,58,0,3.608, COCS, FTST,69,69, 07/23/2025 16:00:00,N
07/23/2025,17:00,726, 35050__B, MDTCRFB5,1112,1112,0,19.2, FTSSW, VENSW,345,345, 07/23/2025 16:00:00,N
07/23/2025,17:00,727, LARDVN_LASCRU1_1, MFOAVLO5,263,263,0,27.413, LARDVNTH, LASCRUCE,138,138, 07/23/2025 16:00:00,N
07/23/2025,17:00,728, ABNTHW_SERDEV1_1, MXMUL58,173,173,0,83.911, ABNTHWST, ABNTHWST,138,138.10001, 07/23/2025 16:00:00,N
07/23/2025,17:00,729, HAMILT_MAVERI1_1, SBRAPIN8,122,122,0,6.558, HAMILTON, MAVERICK,138,138, 07/23/2025 16:00:00,N
07/23/2025,17:00,730, HAINE__LA_PAL1_1, MHARNED5,211,211,0,20.118, LA_PALMA, HAINE_DR,138,138, 07/23/2025 16:00:00,N
07/23/2025,17:00,731, 1710__C, DSALHUT5,222,222,0,334.762, BELCNTY, SALSW,138,138, 07/23/2025 16:00:00,N
07/23/2025,17:00,732, 108__A, SRNKEXC5,1693,1693,0,74.525, EXCSW, RNKSW,345,345, 07/23/2025 16:00:00,N
07/23/2025,17:00,733, MDOPHR99_A, DWAP_OB5,1314,1314,0,1.084, MDO, PHR,345,345, 07/23/2025 16:00:00,N
07/23/2025,17:00,734, 1680__B, SRRNHU48,224,224,0,72.134, RNDRK, RRWES,138,138, 07/23/2025 16:00:00,N
07/23/2025,17:00,735, 35065__A, STHSVE65,1112,1112,0,0.268, FVLSW, FTSSW,345,345, 07/23/2025 16:00:00,N
07/23/2025,17:00,736, 6840__B, SRICGRS8,44,44,0,7.342, NVKSW, ANARN,69,69, 07/23/2025 16:00:00,N
07/23/2025,17:00,737, 651__B, DBUCRGP5,193,193,0,46.355, CMNSW, CMNTP,138,138, 07/23/2025 16:00:00,N
07/23/2025,17:00,738, 651__B, DKLNRGP5,193,193,0,13.595, CMNSW, CMNTP,138,138, 07/23/2025 16:00:00,N
07/23/2025,17:00,739, 660__B, MCMNFUL8,222,222,0,12.223, MGPSW, ZEPHYR,138,138, 07/23/2025 16:00:00,N
07/23/2025,17:00,740, CRA_BOSQ_1, SCAYBOS8,244,244,0,6.14, BOSQUE, CRAWFORD,138,138, 07/23/2025 16:00:00,N
07/23/2025,17:00,741, U4_X1_1, DCAGPIN8,164,164,0,23.365, X1, U4,138,138, 07/23/2025 16:00:00,N
07/23/2025,17:00,742, BERGHE_AT1L, DZORHAY5,370,370,0,5.271, BERGHE, BERGHE,1,138, 07/23/2025 16:00:00,N
07/23/2025,17:00,743, BERGHE_AT1H, DZORHAY5,370,370,0,5.271, BERGHE, BERGHE,345,1, 07/23/2025 16:00:00,N
07/23/2025,17:00,744, NEDIN_SERDEV5_1,  BASE CASE,300,300,0,0.003, NEDIN, NEDIN,138,138.10001, 07/23/2025 16:00:00,N
07/23/2025,17:00,745, 3160__A, DCDHMCS8,179,179,0,14.066, CDCSW, OKCLS,138,138, 07/23/2025 16:00:00,N
07/23/2025,17:00,746, 35065__A, MDTCRFB5,1112,1112,0,0.265, FVLSW, FTSSW,345,345, 07/23/2025 16:00:00,N
07/23/2025,17:00,747, 6375__A, MLONPK25,193,193,0,5.327, GRSES, GRMES,138,138, 07/23/2025 16:00:00,N
07/23/2025,17:00,748, 6375__A, MGRSLO25,193,193,0,5.327, GRSES, GRMES,138,138, 07/23/2025 16:00:00,N
07/23/2025,17:00,749, STPWAP39_1, DBLBYWF5,1325,1325,0,14.302, STP, WAP,345,345.10001, 07/23/2025 16:00:00,N
07/23/2025,17:00,750, D5_J0_1, SA4LEO8,260,260,0,8.605, LEON_CRK, J0,138,138, 07/23/2025 16:00:00,N
07/23/2025,17:00,690, HMLTN,  BASE CASE,59,59,0,25, , ,0,0, 07/23/2025 16:00:00,N
07/23/2025,17:00,691, MENPHT_YELWJC1_1,  BASE CASE,60,60,0,27.399, YELWJCKT, MENPHTAP,69,69, 07/23/2025 16:00:00,N
07/23/2025,17:00,692, DIESEL_FMR1,  BASE CASE,25,25,0,0.006, DIESEL, DIESEL,69,13, 07/23/2025 16:00:00,N
07/23/2025,17:00,693, NE_LOB,  BASE CASE,1823,1823,0,3.6, , ,0,0, 07/23/2025 16:00:00,N
07/23/2025,17:00,694, NELRIO,  BASE CASE,848,848,0,9.14, , ,0,0, 07/23/2025 16:00:00,N
07/23/2025,17:00,695, PNHNDL,  BASE CASE,3996,3996,0,5.522, , ,0,0, 07/23/2025 16:00:00,N
07/23/2025,17:00,696, ZAPATA_TRA1,  BASE CASE,25,25,0,0.004, ZAPATA, ZAPATA,138,12.5, 07/23/2025 16:00:00,N
07/23/2025,17:00,697, THW_AT2T,  BASE CASE,25,25,0,0.53, THW, THW,1,13.3, 07/23/2025 16:00:00,N
07/23/2025,17:00,698, OLINGR_FMR1,  BASE CASE,100,100,0,0.008, OLINGR, OLINGR,138,69, 07/23/2025 16:00:00,N
07/23/2025,17:00,699, 6437__F, DMTSCOS5,195,195,0,22.478, SCRCV, KNAPP,138,138, 07/23/2025 16:00:00,N
07/23/2025,17:00,700, 6240__C, DMTSCOS5,191,191,0,2.756, SACRC, DPCRK,138,138, 07/23/2025 16:00:00,N
07/23/2025,17:00,701, HAMILT_MAXWEL1_1, DBIGKEN5,152,152,0,3.872, MAXWELL, HAMILTON,138,138, 07/23/2025 16:00:00,N
07/23/2025,17:00,702, TREADW_YELWJC1_1, DBIGKEN5,186,186,0,157.801, TREADWEL, YELWJCKT,138,138, 07/23/2025 16:00:00,N
07/23/2025,17:00,703, MDOPHR99_A, DPHRCTR5,1314,1314,0,42.7, MDO, PHR,345,345, 07/23/2025 16:00:00,N
07/23/2025,17:00,704, HAINE__LA_PAL1_1, SRAYRI38,211,211,0,92.625, LA_PALMA, HAINE_DR,138,138, 07/23/2025 16:00:00,N
07/23/2025,17:00,705, 35050__B, STHSVE65,1112,1112,0,46.914, FTSSW, VENSW,345,345, 07/23/2025 16:00:00,N
07/23/2025,17:00,706, 122T122_1, SCOMCYP8,136,136,0,98.317, COMFOR, RAYBAR,138,138, 07/23/2025 16:00:00,N
07/23/2025,17:00,707, BURNS_RIOHONDO_1, MHARNED5,180,180,0,134.071, RIOHONDO, MV_BURNS,138,138, 07/23/2025 16:00:00,N
07/23/2025,17:00,708, 45T267_1, SSANPIT8,46,46,0,9.484, SANDMO, PITSBU,69,69, 07/23/2025 16:00:00,N
07/23/2025,17:00,709, POT_PEAR_1, MPEABIG8,45,45,0,296.121, PEARSALL, POTEETS,69,69, 07/23/2025 16:00:00,N
07/23/2025,17:00,710, GN_PZ_08_A, SMDOOAS5,387,387,0,23.412, GN, PZ,138,138, 07/23/2025 16:00:00,N
07/23/2025,17:00,711, 1025__B, MDTPCTH5,129,129,0,1.262, FROWS, MCLSW,138,138, 07/23/2025 16:00:00,N
07/23/2025,17:00,712, 1561__A, DVLSPAC5,194,194,0,0.618, DPREA, RCSES,138,138, 07/23/2025 16:00:00,N
07/23/2025,17:00,713, STPWAP39_1, DWPWFWP5,1325,1325,0,117.3, STP, WAP,345,345.10001, 07/23/2025 16:00:00,N
07/23/2025,17:00,714, 6830__B, DGRMGRS8,43,43,0,20.908, CRDSW, OLNEY,69,69, 07/23/2025 16:00:00,N
07/23/2025,17:00,715, COLETO_VICTOR2_1, SVICCO28,320,320,0,4.749, COLETO, VICTORIA,138,138.10001, 07/23/2025 16:00:00,N
07/23/2025,17:00,716, FTST_SOLSTI1_1, DBAKSOL5,209,209,0,0.112, FTST, SOLSTICE,138,138, 07/23/2025 16:00:00,N
07/23/2025,17:00,717, ALPINE_BRONCO1_1, SCOCBAR9,60,60,0,0.026, BRONCO, ALPINE,69,69, 07/23/2025 16:00:00,N
07/23/2025,17:00,718, BELD_BRONCO1_1, SBROALP9,60,60,0,0.026, BRONCO, BELD,69,69, 07/23/2025 16:00:00,N
07/23/2025,17:00,751, 6T227_1, SHAYZO25,1172,1172,0,0.05, HAYSEN, ZORN,345,345, 07/23/2025 16:00:00,N
07/23/2025,17:00,752, MAGRUD_VICTOR2_1, DELMSAN5,211,211,0,6.843, VICTORIA, MAGRUDER,138.10001,138, 07/23/2025 16:00:00,N
07/23/2025,17:00,753, 2115__B, SBTPBNT8,44,44,0,89.701, TOWER, BNTSW,69,69, 07/23/2025 16:00:00,N
07/23/2025,17:00,754, HARGRO_TWINBU1_1, SBIGTWI5,151,151,0,6.803, TWINBU, HARGROVE,138,138, 07/23/2025 16:00:00,N
07/23/2025,17:00,755, CNT_MCCR_1, SSHIMCC8,258,258,0,10.883, MCCREE, CENTRVIL,138,138, 07/23/2025 16:00:00,N
07/23/2025,17:00,756, 108T273_1, SKYLSAN8,235,235,0,20.916, SANMAR, CANYON,138,138, 07/23/2025 16:00:00,N
07/23/2025,17:00,757, ASHERT_CATARI1_1, DLOBCEN5,122,122,0,10.002, ASHERTON, CATARINA,138,138, 07/23/2025 16:00:00,N
07/23/2025,17:00,758, NLARSW_PILONC1_1, DLOBCEN5,129,129,0,9.868, PILONCIL, NLARSW,138,138, 07/23/2025 16:00:00,N
07/23/2025,17:00,759, READIN_UVALDE1_1, DRAZSA89,122,122,0,1.786, UVALDE, READING,138,138, 07/23/2025 16:00:00,N
07/23/2025,17:00,760, 6137__B, SHPPVIN8,131,131,0,4.122, FLGRV, HWPOD,138,138, 07/23/2025 16:00:00,N
07/23/2025,18:00,794, LAUREL_MARCON1_1, SMA2P_I8,211,211,0,0.046, MARCONI, LAURELES,138,138, 07/23/2025 17:00:00,N
07/23/2025,18:00,795, FTST_SOLSTI1_1, DBAKSOL5,209,209,0,0.001, FTST, SOLSTICE,138,138, 07/23/2025 17:00:00,N
07/23/2025,18:00,796, ALPINE_BRONCO1_1, SCOCBAR9,60,60,0,0.004, BRONCO, ALPINE,69,69, 07/23/2025 17:00:00,N
07/23/2025,18:00,797, BELD_BRONCO1_1, SBROALP9,60,60,0,0.004, BRONCO, BELD,69,69, 07/23/2025 17:00:00,N
07/23/2025,18:00,798, CELANE_N_SHAR1_1, SN_SLON5,211,211,0,5.771, N_SHARPE, CELANEBI,138,138.10001, 07/23/2025 17:00:00,N
07/23/2025,18:00,799, LOYOLA_69_1, SKINKLE8,40,40,0,42.211, LOYOLA, LOYOLA,138,69, 07/23/2025 17:00:00,N
07/23/2025,18:00,800, D5_S1_1, SP5CAG8,338,338,0,20.446, HOWARD, LEON_CRK,138,138, 07/23/2025 17:00:00,N
07/23/2025,18:00,801, MADDUX_SAPOWE2_1, SMADSAP8,186,186,0,0.95, MADDUX, SAPOWER,138,138, 07/23/2025 17:00:00,N
07/23/2025,18:00,802, 381__A, SFMRRY25,1113,1113,0,2.591, FMRVL, RYSSW,345,345, 07/23/2025 17:00:00,N
07/23/2025,18:00,803, 400__A, SFMRRYS5,1113,1113,0,2.591, FMRVL, RYSSW,345,345, 07/23/2025 17:00:00,N
07/23/2025,18:00,804, COCS_FTST1_1, SBROALP9,58,58,0,0.699, COCS, FTST,69,69, 07/23/2025 17:00:00,N
07/23/2025,18:00,805, 35050__B, MDTCRFB5,1113,1113,0,24.204, FTSSW, VENSW,345,345, 07/23/2025 17:00:00,N
07/23/2025,18:00,806, 6137__B, STRBCGR8,131,131,0,3.082, FLGRV, HWPOD,138,138, 07/23/2025 17:00:00,N
07/23/2025,18:00,807, LARDVN_LASCRU1_1, MFOAVLO5,264,264,0,36.378, LARDVNTH, LASCRUCE,138,138, 07/23/2025 17:00:00,N
07/23/2025,18:00,808, ABNTHW_SERDEV1_1, MXMUL58,173,173,0,56.187, ABNTHWST, ABNTHWST,138,138.10001, 07/23/2025 17:00:00,N
07/23/2025,18:00,809, HAMILT_MAVERI1_1, SBRAPIN8,122,122,0,4.828, HAMILTON, MAVERICK,138,138, 07/23/2025 17:00:00,N
07/23/2025,18:00,810, HAINE__LA_PAL1_1, MHARNED5,211,211,0,17.844, LA_PALMA, HAINE_DR,138,138, 07/23/2025 17:00:00,N
07/23/2025,18:00,812, 1710__C, DSALHUT5,223,223,0,251.002, BELCNTY, SALSW,138,138, 07/23/2025 17:00:00,N
07/23/2025,18:00,813, 108__A, SRNKEXC5,1696,1696,0,96.595, EXCSW, RNKSW,345,345, 07/23/2025 17:00:00,N
07/23/2025,18:00,814, 1680__B, SRRNHU48,224,224,0,82.571, RNDRK, RRWES,138,138, 07/23/2025 17:00:00,N
07/23/2025,18:00,815, 35065__A, STHSVE65,1113,1113,0,0.197, FVLSW, FTSSW,345,345, 07/23/2025 17:00:00,N
07/23/2025,18:00,816, 6840__B, SRICGRS8,44,44,0,2.496, NVKSW, ANARN,69,69, 07/23/2025 17:00:00,N
07/23/2025,18:00,817, 651__B, DBUCRGP5,193,193,0,59.564, CMNSW, CMNTP,138,138, 07/23/2025 17:00:00,N
07/23/2025,18:00,818, 660__B, MCMNFUL8,223,223,0,12.97, MGPSW, ZEPHYR,138,138, 07/23/2025 17:00:00,N
07/23/2025,18:00,819, CRA_BOSQ_1, SCAYBOS8,245,245,0,8.083, BOSQUE, CRAWFORD,138,138, 07/23/2025 17:00:00,N
07/23/2025,18:00,820, U4_X1_1, DCAGPIN8,164,164,0,27.101, X1, U4,138,138, 07/23/2025 17:00:00,N
07/23/2025,18:00,821, BERGHE_AT1L, DZORHAY5,370,370,0,8.279, BERGHE, BERGHE,1,138, 07/23/2025 17:00:00,N
07/23/2025,18:00,822, BERGHE_AT1H, DZORHAY5,370,370,0,8.279, BERGHE, BERGHE,345,1, 07/23/2025 17:00:00,N
07/23/2025,18:00,823, NEDIN_SERDEV5_1,  BASE CASE,300,300,0,0.003, NEDIN, NEDIN,138,138.10001, 07/23/2025 17:00:00,N
07/23/2025,18:00,824, 3160__A, DCDHMCS8,179,179,0,12.1, CDCSW, OKCLS,138,138, 07/23/2025 17:00:00,N
07/23/2025,18:00,825, 35065__A, MDTCRFB5,1113,1113,0,0.197, FVLSW, FTSSW,345,345, 07/23/2025 17:00:00,N
07/23/2025,18:00,826, 100027_D_1, DFVLFTS5,71,71,0,0.033, WHTNY, WND,69,69, 07/23/2025 17:00:00,N
07/23/2025,18:00,827, 100027_D_1, DVENFTS5,71,71,0,0.033, WHTNY, WND,69,69, 07/23/2025 17:00:00,N
07/23/2025,18:00,828, STPWAP39_1, DBLBYWF5,1325,1325,0,0.233, STP, WAP,345,345.10001, 07/23/2025 17:00:00,N
07/23/2025,18:00,829, D5_J0_1, SA4LEO8,260,260,0,9.385, LEON_CRK, J0,138,138, 07/23/2025 17:00:00,N
07/23/2025,18:00,830, 2115__B, SBTPBNT8,44,44,0,158.443, TOWER, BNTSW,69,69, 07/23/2025 17:00:00,N
07/23/2025,18:00,831, HARGRO_TWINBU1_1, SBIGTWI5,151,151,0,4.982, TWINBU, HARGROVE,138,138, 07/23/2025 17:00:00,N
07/23/2025,18:00,832, 1263__B, DTRSEUS8,223,223,0,3.424, SGVSW, CRAND,138,138, 07/23/2025 17:00:00,N
07/23/2025,18:00,833, CNT_MCCR_1, SSHIMCC8,258,258,0,50.731, MCCREE, CENTRVIL,138,138, 07/23/2025 17:00:00,N
07/23/2025,18:00,834, BI_JN_64_A, DWAP_BI5,1314,1314,0,8.363, JN, BI,345,345, 07/23/2025 17:00:00,N
07/23/2025,18:00,835, 1263__B, DTRSMAN8,223,223,0,3.424, SGVSW, CRAND,138,138, 07/23/2025 17:00:00,N
07/23/2025,18:00,836, HARGRO_TWINBU1_1, SWOLPAL8,151,151,0,4.727, TWINBU, HARGROVE,138,138, 07/23/2025 17:00:00,N
07/23/2025,18:00,837, ANASW_XF2L, XAN2A58,750,750,0,2.857, ANASW, ANASW,1,138, 07/23/2025 17:00:00,N
07/23/2025,18:00,838, ANASW_XF2H, XAN2A58,750,750,0,2.857, ANASW, ANASW,345,1, 07/23/2025 17:00:00,N
07/23/2025,18:00,839, ASHERT_CATARI1_1, DLOBCEN5,122,122,0,3.925, ASHERTON, CATARINA,138,138, 07/23/2025 17:00:00,N
07/23/2025,18:00,840, NLARSW_PILONC1_1, DLOBCEN5,130,130,0,16.422, PILONCIL, NLARSW,138,138, 07/23/2025 17:00:00,N
07/23/2025,18:00,841, READIN_UVALDE1_1, DRAZSA89,122,122,0,3.655, UVALDE, READING,138,138, 07/23/2025 17:00:00,N
07/23/2025,18:00,842, ELARA_ELARSOL_1,  BASE CASE,212,212,0,0.234, ELARA_SL, ELARA,138,138, 07/23/2025 17:00:00,N
07/23/2025,18:00,843, FRA_PAR_1, DSKYNAC8,306,306,0,2.349, PARKWA, S4,138,138, 07/23/2025 17:00:00,N
07/23/2025,18:00,844, SPUR_69_1, SSPUASP8,62,62,0,1.038, SPUR, SPUR,138,69, 07/23/2025 17:00:00,N
07/23/2025,18:00,845, 1680__B, DROUCHI8,224,224,0,0.589, RNDRK, RRWES,138,138, 07/23/2025 17:00:00,N
07/23/2025,18:00,811, WYL_NEVA_1, SBNDELM8,235,235,0,0.243, NEVADA, WYLIESW,138,138, 07/23/2025 17:00:00,N
07/23/2025,18:00,761, HMLTN,  BASE CASE,59,59,0,22.571, , ,0,0, 07/23/2025 17:00:00,N
07/23/2025,18:00,762, MENPHT_YELWJC1_1,  BASE CASE,60,60,0,11.27, YELWJCKT, MENPHTAP,69,69, 07/23/2025 17:00:00,N
07/23/2025,18:00,763, DIESEL_FMR1,  BASE CASE,25,25,0,0.008, DIESEL, DIESEL,69,13, 07/23/2025 17:00:00,N
07/23/2025,18:00,764, E_PASP,  BASE CASE,541,541,0,6.33, , ,0,0, 07/23/2025 17:00:00,N
07/23/2025,18:00,765, NE_LOB,  BASE CASE,1823,1823,0,8.429, , ,0,0, 07/23/2025 17:00:00,N
07/23/2025,18:00,766, NELRIO,  BASE CASE,848,848,0,8.409, , ,0,0, 07/23/2025 17:00:00,N
07/23/2025,18:00,767, PNHNDL,  BASE CASE,3996,3996,0,4.015, , ,0,0, 07/23/2025 17:00:00,N
07/23/2025,18:00,768, ZAPSTR,  BASE CASE,225,225,0,2.082, , ,0,0, 07/23/2025 17:00:00,N
07/23/2025,18:00,769, ZAPATA_TRA1,  BASE CASE,25,25,0,0.004, ZAPATA, ZAPATA,138,12.5, 07/23/2025 17:00:00,N
07/23/2025,18:00,770, OLINGR_FMR1,  BASE CASE,100,100,0,0.007, OLINGR, OLINGR,138,69, 07/23/2025 17:00:00,N
07/23/2025,18:00,771, 6437__F, DMTSCOS5,195,195,0,30.35, SCRCV, KNAPP,138,138, 07/23/2025 17:00:00,N
07/23/2025,18:00,772, 6240__C, DMTSCOS5,191,191,0,4.473, SACRC, DPCRK,138,138, 07/23/2025 17:00:00,N
07/23/2025,18:00,773, HAMILT_MAXWEL1_1, DBIGKEN5,152,152,0,4.675, MAXWELL, HAMILTON,138,138, 07/23/2025 17:00:00,N
07/23/2025,18:00,774, TREADW_YELWJC1_1, DBIGKEN5,186,186,0,176.486, TREADWEL, YELWJCKT,138,138, 07/23/2025 17:00:00,N
07/23/2025,18:00,775, MDOPHR99_A, DPHRCTR5,1314,1314,0,25.066, MDO, PHR,345,345, 07/23/2025 17:00:00,N
07/23/2025,18:00,776, HAINE__LA_PAL1_1, SRAYRI38,211,211,0,81.625, LA_PALMA, HAINE_DR,138,138, 07/23/2025 17:00:00,N
07/23/2025,18:00,777, CONCHO_VRBS1_1, SCRMSAR8,30,30,0,4.348, CONCHO, VRBS,69,69, 07/23/2025 17:00:00,N
07/23/2025,18:00,778, HARI_VRBS1_1, SCRMSAR8,30,30,0,4.348, VRBS, HARI,69,69, 07/23/2025 17:00:00,N
07/23/2025,18:00,779, CORONA_AT4, SSANFER8,49,49,0,17.872, CORONA, CORONA,138,69, 07/23/2025 17:00:00,N
07/23/2025,18:00,780, 35050__B, STHSVE65,1113,1113,0,38.916, FTSSW, VENSW,345,345, 07/23/2025 17:00:00,N
07/23/2025,18:00,781, POT_PEAR_1, SPLSFAS9,45,45,0,232.46, PEARSALL, POTEETS,69,69, 07/23/2025 17:00:00,N
07/23/2025,18:00,782, 122T122_1, SCOMCYP8,136,136,0,78.016, COMFOR, RAYBAR,138,138, 07/23/2025 17:00:00,N
07/23/2025,18:00,783, BURNS_RIOHONDO_1, MHARNED5,181,181,0,140.65, RIOHONDO, MV_BURNS,138,138, 07/23/2025 17:00:00,N
07/23/2025,18:00,784, 45T267_1, SSANPIT8,46,46,0,101.034, SANDMO, PITSBU,69,69, 07/23/2025 17:00:00,N
07/23/2025,18:00,785, GN_PZ_08_A, SMDOOAS5,387,387,0,21.201, GN, PZ,138,138, 07/23/2025 17:00:00,N
07/23/2025,18:00,786, 15060__B, SW_LVLT5,400,400,0,8.365, VEALMOOR, KOCHTAP,138,138, 07/23/2025 17:00:00,N
07/23/2025,18:00,787, 1561__A, DVLSPAC5,194,194,0,0.141, DPREA, RCSES,138,138, 07/23/2025 17:00:00,N
07/23/2025,18:00,788, STPWAP39_1, DWPWFWP5,1325,1325,0,108.908, STP, WAP,345,345.10001, 07/23/2025 17:00:00,N
07/23/2025,18:00,789, 6830__B, DGRMGRS8,43,43,0,23.88, CRDSW, OLNEY,69,69, 07/23/2025 17:00:00,N
07/23/2025,18:00,790, LENSW_PUTN2_1,  BASE CASE,72,72,0,1.229, LENSW, PUTN,138,138, 07/23/2025 17:00:00,N
07/23/2025,18:00,791, GREENL_WEAVER1_1, XNCA89,39,39,0,4.612, WEAVERRD, GREENLK,69,69, 07/23/2025 17:00:00,N
07/23/2025,18:00,792, COLETO_VICTOR2_1, SVICCO28,320,320,0,21.464, COLETO, VICTORIA,138,138.10001, 07/23/2025 17:00:00,N
07/23/2025,18:00,793, LAUREL_LA_PAL1_1, SMA2P_I8,211,211,0,0.278, LAURELES, LA_PALMA,138,138, 07/23/2025 17:00:00,N
07/23/2025,19:00,878, ALPINE_BRONCO1_1, SCOCBAR9,60,60,0,0.006, BRONCO, ALPINE,69,69, 07/23/2025 18:00:00,N
07/23/2025,19:00,879, BELD_BRONCO1_1, SBROALP9,60,60,0,0.006, BRONCO, BELD,69,69, 07/23/2025 18:00:00,N
07/23/2025,19:00,880, CELANE_N_SHAR1_1, SN_SLON5,211,211,0,9.373, N_SHARPE, CELANEBI,138,138.10001, 07/23/2025 18:00:00,N
07/23/2025,19:00,881, 138_FTS_LNC_1,  BASE CASE,187,187,0,0.021, FTST, LEONCRK,138,138, 07/23/2025 18:00:00,N
07/23/2025,19:00,882, D5_S1_1, SP5CAG8,338,338,0,10.934, HOWARD, LEON_CRK,138,138, 07/23/2025 18:00:00,N
07/23/2025,19:00,883, COCS_FTST1_1, SBROALP9,58,58,0,0.259, COCS, FTST,69,69, 07/23/2025 18:00:00,N
07/23/2025,19:00,884, LARDVN_LASCRU1_1, MFOAVLO5,265,265,0,94.273, LARDVNTH, LASCRUCE,138,138, 07/23/2025 18:00:00,N
07/23/2025,19:00,885, ABNTHW_SERDEV1_1, MXMUL58,173,173,0,39.969, ABNTHWST, ABNTHWST,138,138.10001, 07/23/2025 18:00:00,N
07/23/2025,19:00,886, HAINE__LA_PAL1_1, MHARNED5,211,211,0,7.813, LA_PALMA, HAINE_DR,138,138, 07/23/2025 18:00:00,N
07/23/2025,19:00,887, 1710__C, DSALHUT5,223,223,0,104.697, BELCNTY, SALSW,138,138, 07/23/2025 18:00:00,N
07/23/2025,19:00,888, 108__A, SRNKEXC5,1701,1701,0,154.859, EXCSW, RNKSW,345,345, 07/23/2025 18:00:00,N
07/23/2025,19:00,889, 1680__B, SRRNHU48,224,224,0,53.474, RNDRK, RRWES,138,138, 07/23/2025 18:00:00,N
07/23/2025,19:00,890, 651__B, DBUCRGP5,194,194,0,25.649, CMNSW, CMNTP,138,138, 07/23/2025 18:00:00,N
07/23/2025,19:00,891, 660__B, MCMNFUL8,223,223,0,13.513, MGPSW, ZEPHYR,138,138, 07/23/2025 18:00:00,N
07/23/2025,19:00,892, U4_X1_1, DCAGPIN8,164,164,0,25.942, X1, U4,138,138, 07/23/2025 18:00:00,N
07/23/2025,19:00,893, BERGHE_AT1L, DZORHAY5,370,370,0,1.756, BERGHE, BERGHE,1,138, 07/23/2025 18:00:00,N
07/23/2025,19:00,894, BERGHE_AT1H, DZORHAY5,370,370,0,1.756, BERGHE, BERGHE,345,1, 07/23/2025 18:00:00,N
07/23/2025,19:00,895, NEDIN_SERDEV4_1,  BASE CASE,300,300,0,0.002, NEDIN, NEDIN,138.10001,138, 07/23/2025 18:00:00,N
07/23/2025,19:00,896, NEDIN_SERDEV5_1,  BASE CASE,300,300,0,0.002, NEDIN, NEDIN,138,138.10001, 07/23/2025 18:00:00,N
07/23/2025,19:00,897, 3160__A, DCDHMCS8,180,180,0,12.678, CDCSW, OKCLS,138,138, 07/23/2025 18:00:00,N
07/23/2025,19:00,898, 1025__B, SELMTH25,129,129,0,69.262, FROWS, MCLSW,138,138, 07/23/2025 18:00:00,N
07/23/2025,19:00,899, 100027_D_1, DVENFTS5,71,71,0,0.09, WHTNY, WND,69,69, 07/23/2025 18:00:00,N
07/23/2025,19:00,900, D5_J0_1, SA4LEO8,260,260,0,7.64, LEON_CRK, J0,138,138, 07/23/2025 18:00:00,N
07/23/2025,19:00,901, 1263__B, DTRSEUS8,223,223,0,1.756, SGVSW, CRAND,138,138, 07/23/2025 18:00:00,N
07/23/2025,19:00,902, 1263__B, DTRSMAN8,223,223,0,1.756, SGVSW, CRAND,138,138, 07/23/2025 18:00:00,N
07/23/2025,19:00,903, TREADW_YELWJC1_1, SFORGIL8,186,186,0,30.926, TREADWEL, YELWJCKT,138,138, 07/23/2025 18:00:00,N
07/23/2025,19:00,904, ASHERT_CATARI1_1, DLOBCEN5,122,122,0,6.882, ASHERTON, CATARINA,138,138, 07/23/2025 18:00:00,N
07/23/2025,19:00,905, NLARSW_PILONC1_1, DLOBCEN5,131,131,0,33.732, PILONCIL, NLARSW,138,138, 07/23/2025 18:00:00,N
07/23/2025,19:00,906, READIN_UVALDE1_1, DRAZSA89,122,122,0,4.371, UVALDE, READING,138,138, 07/23/2025 18:00:00,N
07/23/2025,19:00,907, FRA_PAR_1, DSKYNAC8,306,306,0,4.191, PARKWA, S4,138,138, 07/23/2025 18:00:00,N
07/23/2025,19:00,908, SPUR_69_1, SSPUASP8,62,62,0,7.162, SPUR, SPUR,138,69, 07/23/2025 18:00:00,N
07/23/2025,19:00,909, 651__B, DBRNGOL8,194,194,0,31.391, CMNSW, CMNTP,138,138, 07/23/2025 18:00:00,N
07/23/2025,19:00,910, 1680__B, DROUCHI8,224,224,0,28.857, RNDRK, RRWES,138,138, 07/23/2025 18:00:00,N
07/23/2025,19:00,846, HMLTN,  BASE CASE,59,59,0,10.446, , ,0,0, 07/23/2025 18:00:00,N
07/23/2025,19:00,847, MENPHT_YELWJC1_1,  BASE CASE,60,60,0,13.758, YELWJCKT, MENPHTAP,69,69, 07/23/2025 18:00:00,N
07/23/2025,19:00,848, DIESEL_FMR1,  BASE CASE,25,25,0,0.006, DIESEL, DIESEL,69,13, 07/23/2025 18:00:00,N
07/23/2025,19:00,849, E_PASP,  BASE CASE,541,541,0,40.403, , ,0,0, 07/23/2025 18:00:00,N
07/23/2025,19:00,850, NE_LOB,  BASE CASE,1823,1823,0,7.915, , ,0,0, 07/23/2025 18:00:00,N
07/23/2025,19:00,851, NELRIO,  BASE CASE,848,848,0,10.162, , ,0,0, 07/23/2025 18:00:00,N
07/23/2025,19:00,852, PNHNDL,  BASE CASE,3996,3996,0,2.155, , ,0,0, 07/23/2025 18:00:00,N
07/23/2025,19:00,853, ZAPSTR,  BASE CASE,225,225,0,8.359, , ,0,0, 07/23/2025 18:00:00,N
07/23/2025,19:00,854, DEC_G1NX,  BASE CASE,70,70,0,0.009, DEC, DEC,13.8,1, 07/23/2025 18:00:00,N
07/23/2025,19:00,855, ZAPATA_TRA1,  BASE CASE,25,25,0,0.004, ZAPATA, ZAPATA,138,12.5, 07/23/2025 18:00:00,N
07/23/2025,19:00,856, 6437__F, DMTSCOS5,195,195,0,45.043, SCRCV, KNAPP,138,138, 07/23/2025 18:00:00,N
07/23/2025,19:00,857, 6240__C, DMTSCOS5,191,191,0,4.864, SACRC, DPCRK,138,138, 07/23/2025 18:00:00,N
07/23/2025,19:00,858, HAMILT_MAXWEL1_1, DBIGKEN5,152,152,0,12.171, MAXWELL, HAMILTON,138,138, 07/23/2025 18:00:00,N
07/23/2025,19:00,859, TREADW_YELWJC1_1, DBIGKEN5,186,186,0,138.317, TREADWEL, YELWJCKT,138,138, 07/23/2025 18:00:00,N
07/23/2025,19:00,860, MDOPHR99_A, DPHRCTR5,1314,1314,0,1.226, MDO, PHR,345,345, 07/23/2025 18:00:00,N
07/23/2025,19:00,861, HAINE__LA_PAL1_1, SRAYRI38,211,211,0,65.062, LA_PALMA, HAINE_DR,138,138, 07/23/2025 18:00:00,N
07/23/2025,19:00,862, CONCHO_VRBS1_1, SCRMSAR8,30,30,0,7.213, CONCHO, VRBS,69,69, 07/23/2025 18:00:00,N
07/23/2025,19:00,863, HARI_VRBS1_1, SCRMSAR8,30,30,0,7.213, VRBS, HARI,69,69, 07/23/2025 18:00:00,N
07/23/2025,19:00,864, 35050__B, STHSVE65,1117,1117,0,12.459, FTSSW, VENSW,345,345, 07/23/2025 18:00:00,N
07/23/2025,19:00,865, POT_PEAR_1, SPLSFAS9,45,45,0,95.214, PEARSALL, POTEETS,69,69, 07/23/2025 18:00:00,N
07/23/2025,19:00,866, 122T122_1, SCOMCYP8,136,136,0,202.744, COMFOR, RAYBAR,138,138, 07/23/2025 18:00:00,N
07/23/2025,19:00,867, BURNS_RIOHONDO_1, MHARNED5,182,182,0,138.405, RIOHONDO, MV_BURNS,138,138, 07/23/2025 18:00:00,N
07/23/2025,19:00,868, LPLMK_LPLNE_1, SBWDDBM5,218,218,0,5.864, LPLMK, LPLNE,115,115, 07/23/2025 18:00:00,N
07/23/2025,19:00,869, 45T267_1, SSANPIT8,46,46,0,24.345, SANDMO, PITSBU,69,69, 07/23/2025 18:00:00,N
07/23/2025,19:00,870, GN_PZ_08_A, SMDOOAS5,387,387,0,28.439, GN, PZ,138,138, 07/23/2025 18:00:00,N
07/23/2025,19:00,871, 1025__B, MDTPCTH5,129,129,0,12.951, FROWS, MCLSW,138,138, 07/23/2025 18:00:00,N
07/23/2025,19:00,872, 15060__B, SW_LVLT5,401,401,0,16.59, VEALMOOR, KOCHTAP,138,138, 07/23/2025 18:00:00,N
07/23/2025,19:00,873, HARGRO_TWINBU1_1, DBAKCED5,151,151,0,5.154, TWINBU, HARGROVE,138,138, 07/23/2025 18:00:00,N
07/23/2025,19:00,874, STPWAP39_1, DWPWFWP5,1325,1325,0,40.07, STP, WAP,345,345.10001, 07/23/2025 18:00:00,N
07/23/2025,19:00,875, 6830__B, DGRMGRS8,44,44,0,15.415, CRDSW, OLNEY,69,69, 07/23/2025 18:00:00,N
07/23/2025,19:00,876, GREENL_WEAVER1_1, XNCA89,39,39,0,25.315, WEAVERRD, GREENLK,69,69, 07/23/2025 18:00:00,N
07/23/2025,19:00,877, COLETO_VICTOR2_1, SVICCO28,320,320,0,28.859, COLETO, VICTORIA,138,138.10001, 07/23/2025 18:00:00,N
07/23/2025,20:00,911, MENPHT_YELWJC1_1,  BASE CASE,60,60,0,48.196, YELWJCKT, MENPHTAP,69,69, 07/23/2025 19:00:00,N
07/23/2025,20:00,963, I_DUPS_RESNIK2_2, MIDUMCL8,256,256,0,1.597, I_DUPSW, RESNIK,138,138, 07/23/2025 19:00:00,N
07/23/2025,20:00,913, NE_LOB,  BASE CASE,1823,1823,0,6.032, , ,0,0, 07/23/2025 19:00:00,N
07/23/2025,20:00,914, NELRIO,  BASE CASE,848,848,0,27.955, , ,0,0, 07/23/2025 19:00:00,N
07/23/2025,20:00,915, PNHNDL,  BASE CASE,3996,3996,0,0.746, , ,0,0, 07/23/2025 19:00:00,N
07/23/2025,20:00,916, ZAPSTR,  BASE CASE,225,225,0,10.411, , ,0,0, 07/23/2025 19:00:00,N
07/23/2025,20:00,917, DEC_G1NX,  BASE CASE,70,70,0,0.096, DEC, DEC,13.8,1, 07/23/2025 19:00:00,N
07/23/2025,20:00,918, ZAPATA_TRA1,  BASE CASE,25,25,0,0.005, ZAPATA, ZAPATA,138,12.5, 07/23/2025 19:00:00,N
07/23/2025,20:00,919, 6437__F, DMTSCOS5,196,196,0,53.962, SCRCV, KNAPP,138,138, 07/23/2025 19:00:00,N
07/23/2025,20:00,920, 6240__C, DMTSCOS5,191,191,0,5.461, SACRC, DPCRK,138,138, 07/23/2025 19:00:00,N
07/23/2025,20:00,921, HAMILT_MAXWEL1_1, DBIGKEN5,152,152,0,16.119, MAXWELL, HAMILTON,138,138, 07/23/2025 19:00:00,N
07/23/2025,20:00,922, TREADW_YELWJC1_1, DBIGKEN5,187,187,0,86.589, TREADWEL, YELWJCKT,138,138, 07/23/2025 19:00:00,N
07/23/2025,20:00,923, HAINE__LA_PAL1_1, SRAYRI38,211,211,0,30.528, LA_PALMA, HAINE_DR,138,138, 07/23/2025 19:00:00,N
07/23/2025,20:00,924, 122T122_1, SCOMCYP8,137,137,0,242.473, COMFOR, RAYBAR,138,138, 07/23/2025 19:00:00,N
07/23/2025,20:00,925, BURNS_RIOHONDO_1, MHARNED5,184,184,0,77.78, RIOHONDO, MV_BURNS,138,138, 07/23/2025 19:00:00,N
07/23/2025,20:00,926, LPLMK_LPLNE_1, SBWDDBM5,218,218,0,9.905, LPLMK, LPLNE,115,115, 07/23/2025 19:00:00,N
07/23/2025,20:00,927, OLS_JNES_1, XHA2S89,60,60,0,0.154, OLSEN, JNESBORO,69,69, 07/23/2025 19:00:00,N
07/23/2025,20:00,928, 6345__L, DMOSME25,200,200,0,1.455, SNDHT, WLFSW,138,138, 07/23/2025 19:00:00,N
07/23/2025,20:00,929, 6345__L, DWLFMET5,200,200,0,1.455, SNDHT, WLFSW,138,138, 07/23/2025 19:00:00,N
07/23/2025,20:00,930, 15060__B, SW_LVLT5,402,402,0,47.912, VEALMOOR, KOCHTAP,138,138, 07/23/2025 19:00:00,N
07/23/2025,20:00,931, HARGRO_TWINBU1_1, DBAKCED5,151,151,0,3.995, TWINBU, HARGROVE,138,138, 07/23/2025 19:00:00,N
07/23/2025,20:00,932, 6830__B, DGRMGRS8,44,44,0,10.711, CRDSW, OLNEY,69,69, 07/23/2025 19:00:00,N
07/23/2025,20:00,933, 6217__A, SBUZLME8,200,200,0,18.308, WLVSW, GAILS,138,138, 07/23/2025 19:00:00,N
07/23/2025,20:00,934, 6217__A, SBUZHMP8,200,200,0,18.308, WLVSW, GAILS,138,138, 07/23/2025 19:00:00,N
07/23/2025,20:00,935, ALPINE_BRONCO1_1, SCOCBAR9,60,60,0,0.006, BRONCO, ALPINE,69,69, 07/23/2025 19:00:00,N
07/23/2025,20:00,936, BELD_BRONCO1_1, SBROALP9,60,60,0,0.006, BRONCO, BELD,69,69, 07/23/2025 19:00:00,N
07/23/2025,20:00,937, CELANE_N_SHAR1_1, SN_SLON5,211,211,0,3.389, N_SHARPE, CELANEBI,138,138.10001, 07/23/2025 19:00:00,N
07/23/2025,20:00,938, 138_FTS_LNC_1,  BASE CASE,190,190,0,0.07, FTST, LEONCRK,138,138, 07/23/2025 19:00:00,N
07/23/2025,20:00,939, SNYDR_FMR1, XCGR89,63,63,0,0.579, SNYDR, SNYDR,138,69, 07/23/2025 19:00:00,N
07/23/2025,20:00,940, SOUTHA_VINSON1_1,  BASE CASE,82,82,0,2.942, SOUTHABI, VINSON,138,138, 07/23/2025 19:00:00,N
07/23/2025,20:00,941, LARDVN_LASCRU1_1, MFOAVLO5,266,266,0,191.622, LARDVNTH, LASCRUCE,138,138, 07/23/2025 19:00:00,N
07/23/2025,20:00,942, ABNTHW_SERDEV1_1, MXMUL58,173,173,0,8.045, ABNTHWST, ABNTHWST,138,138.10001, 07/23/2025 19:00:00,N
07/23/2025,20:00,943, HAINE__LA_PAL1_1, MHARNED5,211,211,0,5.476, LA_PALMA, HAINE_DR,138,138, 07/23/2025 19:00:00,N
07/23/2025,20:00,944, 108__A, SRNKEXC5,1716,1716,0,199.502, EXCSW, RNKSW,345,345, 07/23/2025 19:00:00,N
07/23/2025,20:00,945, 660__B, MCMNFUL8,225,225,0,4.653, MGPSW, ZEPHYR,138,138, 07/23/2025 19:00:00,N
07/23/2025,20:00,946, U4_X1_1, DCAGPIN8,166,166,0,0.711, X1, U4,138,138, 07/23/2025 19:00:00,N
07/23/2025,20:00,947, BERGHE_AT1L, DZORHAY5,370,370,0,5.227, BERGHE, BERGHE,1,138, 07/23/2025 19:00:00,N
07/23/2025,20:00,948, BERGHE_AT1H, DZORHAY5,370,370,0,5.227, BERGHE, BERGHE,345,1, 07/23/2025 19:00:00,N
07/23/2025,20:00,949, NEDIN_SERDEV5_1,  BASE CASE,300,300,0,0.003, NEDIN, NEDIN,138,138.10001, 07/23/2025 19:00:00,N
07/23/2025,20:00,950, GRB_GRBY_1, SWNDWHT9,71,71,0,0.693, BNK, GRBY,69,69, 07/23/2025 19:00:00,N
07/23/2025,20:00,951, 1025__B, SELMTH25,130,130,0,38.256, FROWS, MCLSW,138,138, 07/23/2025 19:00:00,N
07/23/2025,20:00,952, MAGRUD_VICTOR2_1, DELMSAN5,211,211,0,15.569, VICTORIA, MAGRUDER,138.10001,138, 07/23/2025 19:00:00,N
07/23/2025,20:00,953, FRA_PAR_1, DSKYNAC8,308,308,0,81.862, PARKWA, S4,138,138, 07/23/2025 19:00:00,N
07/23/2025,20:00,954, 651__B, DBRNGOL8,195,195,0,34.755, CMNSW, CMNTP,138,138, 07/23/2025 19:00:00,N
07/23/2025,20:00,955, 1680__B, DROUCHI8,225,225,0,46.596, RNDRK, RRWES,138,138, 07/23/2025 19:00:00,N
07/23/2025,20:00,956, 6513__A, DODEMOS5,415,415,0,1.515, ODESA, ODNTH,138,138, 07/23/2025 19:00:00,N
07/23/2025,20:00,957, T-101_1,  BASE CASE,386,386,0,3.49, LGDRAW_S, W_LD_138,138,138, 07/23/2025 19:00:00,N
07/23/2025,20:00,958, READIN_UVALDE1_1, SPEAX28,122,122,0,2.594, UVALDE, READING,138,138, 07/23/2025 19:00:00,N
07/23/2025,20:00,959, CARVER_TINSLE1_1, DBIGKEN5,153,153,0,5.368, CARVER, TINSLEY,138,138, 07/23/2025 19:00:00,N
07/23/2025,20:00,960, CKT_1027_1, DGARHIC8,710,710,0,4.025, DUNLAP, DECKER,138,138, 07/23/2025 19:00:00,N
07/23/2025,20:00,961, NLARSW_PALAFO1_1, MFOAVLO5,245,245,0,9.464, NLARSW, PALAFOX,138,138, 07/23/2025 19:00:00,N
07/23/2025,20:00,962, HOLCOM_PALAFO1_1, MFOAVLO5,245,245,0,9.464, PALAFOX, HOLCOMB,138,138, 07/23/2025 19:00:00,N
07/23/2025,20:00,912, E_PASP,  BASE CASE,541,541,0,69.552, , ,0,0, 07/23/2025 19:00:00,N
07/23/2025,21:00,964, MENPHT_YELWJC1_1,  BASE CASE,60,60,0,23.64, YELWJCKT, MENPHTAP,69,69, 07/23/2025 20:00:00,N
07/23/2025,21:00,965, E_PASP,  BASE CASE,541,541,0,57.731, , ,0,0, 07/23/2025 20:00:00,N
07/23/2025,21:00,966, NE_LOB,  BASE CASE,1823,1823,0,1.969, , ,0,0, 07/23/2025 20:00:00,N
07/23/2025,21:00,967, NELRIO,  BASE CASE,848,848,0,19.008, , ,0,0, 07/23/2025 20:00:00,N
07/23/2025,21:00,968, ZAPSTR,  BASE CASE,225,225,0,27.969, , ,0,0, 07/23/2025 20:00:00,N
07/23/2025,21:00,969, DEC_G1NX,  BASE CASE,70,70,0,0.006, DEC, DEC,13.8,1, 07/23/2025 20:00:00,N
07/23/2025,21:00,970, 6437__F, DMTSCOS5,200,200,0,63.224, SCRCV, KNAPP,138,138, 07/23/2025 20:00:00,N
07/23/2025,21:00,971, 6240__C, DMTSCOS5,191,191,0,2.352, SACRC, DPCRK,138,138, 07/23/2025 20:00:00,N
07/23/2025,21:00,972, TREADW_YELWJC1_1, DBIGKEN5,190,190,0,3.501, TREADWEL, YELWJCKT,138,138, 07/23/2025 20:00:00,N
07/23/2025,21:00,973, HAINE__LA_PAL1_1, SRAYRI38,211,211,0,13.109, LA_PALMA, HAINE_DR,138,138, 07/23/2025 20:00:00,N
07/23/2025,21:00,974, BURNS_RIOHONDO_1, MHARNED5,186,186,0,27.331, RIOHONDO, MV_BURNS,138,138, 07/23/2025 20:00:00,N
07/23/2025,21:00,975, LPLMK_LPLNE_1, SBWDDBM5,218,218,0,10.853, LPLMK, LPLNE,115,115, 07/23/2025 20:00:00,N
07/23/2025,21:00,976, OLS_JNES_1, XHA2S89,60,60,0,94.407, OLSEN, JNESBORO,69,69, 07/23/2025 20:00:00,N
07/23/2025,21:00,977, 15060__B, SW_LVLT5,403,403,0,153.509, VEALMOOR, KOCHTAP,138,138, 07/23/2025 20:00:00,N
07/23/2025,21:00,978, HARGRO_TWINBU1_1, DBAKCED5,151,151,0,8.365, TWINBU, HARGROVE,138,138, 07/23/2025 20:00:00,N
07/23/2025,21:00,979, LENSW_PUTN2_1,  BASE CASE,72,72,0,0.484, LENSW, PUTN,138,138, 07/23/2025 20:00:00,N
07/23/2025,21:00,980, COLETO_VICTOR2_1, SVICCO28,320,320,0,0.08, COLETO, VICTORIA,138,138.10001, 07/23/2025 20:00:00,N
07/23/2025,21:00,981, 6217__A, SBUZLME8,201,201,0,18.76, WLVSW, GAILS,138,138, 07/23/2025 20:00:00,N
07/23/2025,21:00,982, FTST_SOLSTI1_1, DBAKSOL5,211,211,0,0.036, FTST, SOLSTICE,138,138, 07/23/2025 20:00:00,N
07/23/2025,21:00,983, 6217__A, SBUZHMP8,201,201,0,18.76, WLVSW, GAILS,138,138, 07/23/2025 20:00:00,N
07/23/2025,21:00,984, ALPINE_BRONCO1_1, SCOCBAR9,60,60,0,0.012, BRONCO, ALPINE,69,69, 07/23/2025 20:00:00,N
07/23/2025,21:00,985, BELD_BRONCO1_1, SBROALP9,60,60,0,0.012, BRONCO, BELD,69,69, 07/23/2025 20:00:00,N
07/23/2025,21:00,986, 650__A, SMGPBRN8,191,191,0,2.559, CMNSW, PNKNY,138,138, 07/23/2025 20:00:00,N
07/23/2025,21:00,987, LARDVN_LASCRU1_1, MFOAVLO5,268,268,0,253.688, LARDVNTH, LASCRUCE,138,138, 07/23/2025 20:00:00,N
07/23/2025,21:00,988, HAINE__LA_PAL1_1, MHARNED5,211,211,0,3.629, LA_PALMA, HAINE_DR,138,138, 07/23/2025 20:00:00,N
07/23/2025,21:00,989, 108__A, SRNKEXC5,1743,1743,0,98.047, EXCSW, RNKSW,345,345, 07/23/2025 20:00:00,N
07/23/2025,21:00,990, NEDIN_SERDEV4_1,  BASE CASE,300,300,0,0.003, NEDIN, NEDIN,138.10001,138, 07/23/2025 20:00:00,N
07/23/2025,21:00,991, 6T227_1, SHAYZO25,1190,1190,0,0.454, HAYSEN, ZORN,345,345, 07/23/2025 20:00:00,N
07/23/2025,21:00,992, MAGRUD_VICTOR2_1, DELMSAN5,211,211,0,15.674, VICTORIA, MAGRUDER,138.10001,138, 07/23/2025 20:00:00,N
07/23/2025,21:00,993, 1263__B, DTRSEUS8,229,229,0,8.209, SGVSW, CRAND,138,138, 07/23/2025 20:00:00,N
07/23/2025,21:00,994, FRA_PAR_1, DSKYNAC8,312,312,0,71.563, PARKWA, S4,138,138, 07/23/2025 20:00:00,N
07/23/2025,21:00,995, 1680__B, DROUCHI8,228,228,0,3.795, RNDRK, RRWES,138,138, 07/23/2025 20:00:00,N
07/23/2025,21:00,996, 6513__A, DODEMOS5,415,415,0,6.183, ODESA, ODNTH,138,138, 07/23/2025 20:00:00,N
07/23/2025,21:00,997, CARVER_TINSLE1_1, DBIGKEN5,153,153,0,16.198, CARVER, TINSLEY,138,138, 07/23/2025 20:00:00,N
07/23/2025,21:00,998, I_DUPS_RESNIK2_2, MIDUMCL8,258,258,0,35.728, I_DUPSW, RESNIK,138,138, 07/23/2025 20:00:00,N
07/23/2025,21:00,999, 286T608_1, DGIDTAH8,251,251,0,0.397, BASTCI, SWIFTE,138,138, 07/23/2025 20:00:00,N
07/23/2025,21:00,1000, 608T608_1, DGIDTAH8,251,251,0,0.397, GIDEON, BASTCI,138,138, 07/23/2025 20:00:00,N
07/23/2025,21:00,1001, S2_U3_1, DSKYCAL5,1288,1288,0,0.115, BRAUNIG, HOWARD,345,345, 07/23/2025 20:00:00,N
07/23/2025,21:00,1002, 196T171_1, DAUSLOS5,238,238,0,0.934, GIDEON, SETTLE,138,138, 07/23/2025 20:00:00,N
07/23/2025,21:00,1003, LOBO_A3, XLOB58,717,717,0,4.607, LOBO, LOBO,345,138, 07/23/2025 20:00:00,N
07/23/2025,21:00,1004, 6635__G, SCLCGTN8,30,30,0,11.519, MRVLY, ESTLD,69,69, 07/23/2025 20:00:00,N
07/23/2025,21:00,1005, LARDVN_LASCRU1_1, MLOFOAV5,268,268,0,13.614, LARDVNTH, LASCRUCE,138,138, 07/23/2025 20:00:00,N
07/23/2025,22:00,1006, MENPHT_YELWJC1_1,  BASE CASE,60,60,0,1.866, YELWJCKT, MENPHTAP,69,69, 07/23/2025 21:00:00,N
07/23/2025,22:00,1053, CARVER_TINSLE1_1, SODLBRA8,153,153,0,0.423, CARVER, TINSLEY,138,138, 07/23/2025 21:00:00,N
07/23/2025,22:00,1008, NE_LOB,  BASE CASE,1823,1823,0,0.95, , ,0,0, 07/23/2025 21:00:00,N
07/23/2025,22:00,1009, NELRIO,  BASE CASE,848,848,0,7.964, , ,0,0, 07/23/2025 21:00:00,N
07/23/2025,22:00,1010, ZAPSTR,  BASE CASE,225,225,0,23.758, , ,0,0, 07/23/2025 21:00:00,N
07/23/2025,22:00,1011, 6437__F, DMTSCOS5,204,204,0,72.541, SCRCV, KNAPP,138,138, 07/23/2025 21:00:00,N
07/23/2025,22:00,1012, 6240__C, DMTSCOS5,192,192,0,4.996, SACRC, DPCRK,138,138, 07/23/2025 21:00:00,N
07/23/2025,22:00,1013, TREADW_YELWJC1_1, DBIGKEN5,192,192,0,0.234, TREADWEL, YELWJCKT,138,138, 07/23/2025 21:00:00,N
07/23/2025,22:00,1014, HAINE__LA_PAL1_1, SRAYRI38,211,211,0,5.335, LA_PALMA, HAINE_DR,138,138, 07/23/2025 21:00:00,N
07/23/2025,22:00,1015, LPLMK_LPLNE_1, SBWDDBM5,218,218,0,19.201, LPLMK, LPLNE,115,115, 07/23/2025 21:00:00,N
07/23/2025,22:00,1016, OLS_JNES_1, XHA2S89,60,60,0,145.871, OLSEN, JNESBORO,69,69, 07/23/2025 21:00:00,N
07/23/2025,22:00,1017, 6345__L, DMOSME25,205,205,0,3.677, SNDHT, WLFSW,138,138, 07/23/2025 21:00:00,N
07/23/2025,22:00,1018, 6345__L, DWLFMET5,205,205,0,3.677, SNDHT, WLFSW,138,138, 07/23/2025 21:00:00,N
07/23/2025,22:00,1019, 15060__B, SW_LVLT5,406,406,0,188.803, VEALMOOR, KOCHTAP,138,138, 07/23/2025 21:00:00,N
07/23/2025,22:00,1020, 6056__A, DBAKCED5,1179,1179,0,2.353, LNGSW, CONSW,345,345, 07/23/2025 21:00:00,N
07/23/2025,22:00,1021, HARGRO_TWINBU1_1, DBAKCED5,151,151,0,10.355, TWINBU, HARGROVE,138,138, 07/23/2025 21:00:00,N
07/23/2025,22:00,1022, LENSW_PUTN2_1,  BASE CASE,72,72,0,2.336, LENSW, PUTN,138,138, 07/23/2025 21:00:00,N
07/23/2025,22:00,1023, RANDAD_ZAPATA1_1,  BASE CASE,77,77,0,0.003, RANDADO, ZAPATA,138,138, 07/23/2025 21:00:00,N
07/23/2025,22:00,1024, SILASRAY_T1, XSI2L89,67,67,0,0.448, SILASRAY, SILASRAY,69,138, 07/23/2025 21:00:00,N
07/23/2025,22:00,1025, SILASRAY_T2, XSIL89,67,67,0,0.448, SILASRAY, SILASRAY,69,138, 07/23/2025 21:00:00,N
07/23/2025,22:00,1026, SANA_FMR1, SCOLBAL8,50,50,0,5.549, SANA, SANA,138,69, 07/23/2025 21:00:00,N
07/23/2025,22:00,1027, 6217__A, SBUZLME8,205,205,0,17.62, WLVSW, GAILS,138,138, 07/23/2025 21:00:00,N
07/23/2025,22:00,1028, FTST_SOLSTI1_1, DBAKSOL5,214,214,0,0.225, FTST, SOLSTICE,138,138, 07/23/2025 21:00:00,N
07/23/2025,22:00,1029, 6217__A, SBUZHMP8,205,205,0,17.62, WLVSW, GAILS,138,138, 07/23/2025 21:00:00,N
07/23/2025,22:00,1030, ALPINE_BRONCO1_1, SCOCBAR9,60,60,0,0.043, BRONCO, ALPINE,69,69, 07/23/2025 21:00:00,N
07/23/2025,22:00,1031, BELD_BRONCO1_1, SBROALP9,60,60,0,0.043, BRONCO, BELD,69,69, 07/23/2025 21:00:00,N
07/23/2025,22:00,1032, D5_S1_1, SP5CAG8,352,352,0,0.206, HOWARD, LEON_CRK,138,138, 07/23/2025 21:00:00,N
07/23/2025,22:00,1033, 138_IH2_COT_1, SSTAPYO8,409,409,0,0.047, IH20, TNCOLIET,138,138, 07/23/2025 21:00:00,N
07/23/2025,22:00,1034, 138_IH2_COT_1, SSTAWIC8,409,409,0,0.047, IH20, TNCOLIET,138,138, 07/23/2025 21:00:00,N
07/23/2025,22:00,1035, LARDVN_LASCRU1_1, MFOAVLO5,270,270,0,167.375, LARDVNTH, LASCRUCE,138,138, 07/23/2025 21:00:00,N
07/23/2025,22:00,1036, 108__A, SRNKEXC5,1779,1779,0,40.99, EXCSW, RNKSW,345,345, 07/23/2025 21:00:00,N
07/23/2025,22:00,1037, D5_J0_1, SA4LEO8,270,270,0,2.725, LEON_CRK, J0,138,138, 07/23/2025 21:00:00,N
07/23/2025,22:00,1038, MAGRUD_VICTOR2_1, DELMSAN5,211,211,0,8.861, VICTORIA, MAGRUDER,138.10001,138, 07/23/2025 21:00:00,N
07/23/2025,22:00,1039, 2115__B, SBTPBNT8,46,46,0,3.168, TOWER, BNTSW,69,69, 07/23/2025 21:00:00,N
07/23/2025,22:00,1040, HARGRO_TWINBU1_1, SWOLPAL8,151,151,0,11.485, TWINBU, HARGROVE,138,138, 07/23/2025 21:00:00,N
07/23/2025,22:00,1041, ASHERT_CATARI1_1, DLOBCEN5,122,122,0,0.62, ASHERTON, CATARINA,138,138, 07/23/2025 21:00:00,N
07/23/2025,22:00,1042, FRA_PAR_1, DSKYNAC8,321,321,0,13.533, PARKWA, S4,138,138, 07/23/2025 21:00:00,N
07/23/2025,22:00,1043, 6513__A, DODEMOS5,418,418,0,11.007, ODESA, ODNTH,138,138, 07/23/2025 21:00:00,N
07/23/2025,22:00,1044, CARVER_TINSLE1_1, DBIGKEN5,153,153,0,5.881, CARVER, TINSLEY,138,138, 07/23/2025 21:00:00,N
07/23/2025,22:00,1045, I_DUPS_RESNIK2_2, MIDUMCL8,261,261,0,16.161, I_DUPSW, RESNIK,138,138, 07/23/2025 21:00:00,N
07/23/2025,22:00,1046, HOLLY4_SOUTH_1_1, SHOLWES8,209,209,0,6.136, HOLLY4, SOUTH_SI,138,138, 07/23/2025 21:00:00,N
07/23/2025,22:00,1047, 286T608_1, DGIDTAH8,255,255,0,0.711, BASTCI, SWIFTE,138,138, 07/23/2025 21:00:00,N
07/23/2025,22:00,1048, 608T608_1, DGIDTAH8,255,255,0,0.711, GIDEON, BASTCI,138,138, 07/23/2025 21:00:00,N
07/23/2025,22:00,1049, S2_U3_1, DSKYCAL5,1314,1314,0,0.565, BRAUNIG, HOWARD,345,345, 07/23/2025 21:00:00,N
07/23/2025,22:00,1050, 196T171_1, DAUSLOS5,243,243,0,0.916, GIDEON, SETTLE,138,138, 07/23/2025 21:00:00,N
07/23/2025,22:00,1051, LARDVN_LASCRU1_1, MLOFOAV5,270,270,0,6.904, LARDVNTH, LASCRUCE,138,138, 07/23/2025 21:00:00,N
07/23/2025,22:00,1052, N5_S2_1, DSKYCAL5,1297,1297,0,1.944, CALAVERS, HOWARD,345,345, 07/23/2025 21:00:00,N
07/23/2025,22:00,1007, E_PASP,  BASE CASE,541,541,0,29.253, , ,0,0, 07/23/2025 21:00:00,N
07/23/2025,23:00,1055, DIESEL_FMR1,  BASE CASE,25,25,0,0.011, DIESEL, DIESEL,69,13, 07/23/2025 22:00:00,N
07/23/2025,23:00,1054, MENPHT_YELWJC1_1,  BASE CASE,60,60,0,2.683, YELWJCKT, MENPHTAP,69,69, 07/23/2025 22:00:00,N
07/23/2025,23:00,1057, NE_LOB,  BASE CASE,1823,1823,0,1.446, , ,0,0, 07/23/2025 22:00:00,N
07/23/2025,23:00,1058, NELRIO,  BASE CASE,848,848,0,2.54, , ,0,0, 07/23/2025 22:00:00,N
07/23/2025,23:00,1059, ZAPSTR,  BASE CASE,225,225,0,28.477, , ,0,0, 07/23/2025 22:00:00,N
07/23/2025,23:00,1060, ZAPATA_TRA1,  BASE CASE,25,25,0,0.006, ZAPATA, ZAPATA,138,12.5, 07/23/2025 22:00:00,N
07/23/2025,23:00,1061, OLINGR_FMR1,  BASE CASE,100,100,0,0.006, OLINGR, OLINGR,138,69, 07/23/2025 22:00:00,N
07/23/2025,23:00,1062, 6437__F, DMTSCOS5,207,207,0,71.13, SCRCV, KNAPP,138,138, 07/23/2025 22:00:00,N
07/23/2025,23:00,1063, 6240__C, DMTSCOS5,195,195,0,15.817, SACRC, DPCRK,138,138, 07/23/2025 22:00:00,N
07/23/2025,23:00,1064, LPLMK_LPLNE_1, SBWDDBM5,218,218,0,17.695, LPLMK, LPLNE,115,115, 07/23/2025 22:00:00,N
07/23/2025,23:00,1065, OLS_JNES_1, XHA2S89,60,60,0,22.024, OLSEN, JNESBORO,69,69, 07/23/2025 22:00:00,N
07/23/2025,23:00,1066, 6345__L, DMOSME25,208,208,0,22.977, SNDHT, WLFSW,138,138, 07/23/2025 22:00:00,N
07/23/2025,23:00,1067, 6345__L, DWLFMET5,208,208,0,22.977, SNDHT, WLFSW,138,138, 07/23/2025 22:00:00,N
07/23/2025,23:00,1068, 15060__B, SW_LVLT5,407,407,0,227.337, VEALMOOR, KOCHTAP,138,138, 07/23/2025 22:00:00,N
07/23/2025,23:00,1069, 6056__A, DBAKCED5,1197,1197,0,13.271, LNGSW, CONSW,345,345, 07/23/2025 22:00:00,N
07/23/2025,23:00,1070, HARGRO_TWINBU1_1, DBAKCED5,151,151,0,31.302, TWINBU, HARGROVE,138,138, 07/23/2025 22:00:00,N
07/23/2025,23:00,1071, DEL_MA_LAREDO1_1, MFOAVLO5,254,254,0,126.852, LAREDO, DEL_MAR,138,138, 07/23/2025 22:00:00,N
07/23/2025,23:00,1072, LENSW_PUTN2_1,  BASE CASE,72,72,0,2.507, LENSW, PUTN,138,138, 07/23/2025 22:00:00,N
07/23/2025,23:00,1073, HOEFSROA_T1_O,  BASE CASE,9,9,0,0.004, HOEFSROA, HOEFSROA,69,12.5, 07/23/2025 22:00:00,N
07/23/2025,23:00,1074, SILASRAY_T1, XSI2L89,67,67,0,0.003, SILASRAY, SILASRAY,69,138, 07/23/2025 22:00:00,N
07/23/2025,23:00,1075, SILASRAY_T2, XSIL89,67,67,0,0.003, SILASRAY, SILASRAY,69,138, 07/23/2025 22:00:00,N
07/23/2025,23:00,1076, ASHERT_CATARI1_1, DWORNLA8,122,122,0,6.164, ASHERTON, CATARINA,138,138, 07/23/2025 22:00:00,N
07/23/2025,23:00,1077, COLETO_VICTOR2_1, SVICCO28,320,320,0,0.295, COLETO, VICTORIA,138,138.10001, 07/23/2025 22:00:00,N
07/23/2025,23:00,1078, SANA_FMR1, SCOLBAL8,50,50,0,6.464, SANA, SANA,138,69, 07/23/2025 22:00:00,N
07/23/2025,23:00,1079, 6217__A, SBUZLME8,208,208,0,22.855, WLVSW, GAILS,138,138, 07/23/2025 22:00:00,N
07/23/2025,23:00,1080, FTST_SOLSTI1_1, DBAKSOL5,216,216,0,0.639, FTST, SOLSTICE,138,138, 07/23/2025 22:00:00,N
07/23/2025,23:00,1081, 6217__A, SBUZHMP8,208,208,0,22.854, WLVSW, GAILS,138,138, 07/23/2025 22:00:00,N
07/23/2025,23:00,1082, BIGLAK_PHBL_T1_1, SOZNFRI9,38,38,0,2.946, BIGLAKE, PHBL_TAP,69,69, 07/23/2025 22:00:00,N
07/23/2025,23:00,1083, BIGLAK_PHBL_T1_1, SES2FRI8,38,38,0,7.706, BIGLAKE, PHBL_TAP,69,69, 07/23/2025 22:00:00,N
07/23/2025,23:00,1084, ALPINE_BRONCO1_1, SCOCBAR9,60,60,0,0.109, BRONCO, ALPINE,69,69, 07/23/2025 22:00:00,N
07/23/2025,23:00,1085, BELD_BRONCO1_1, SBROALP9,60,60,0,0.109, BRONCO, BELD,69,69, 07/23/2025 22:00:00,N
07/23/2025,23:00,1086, DEL_MA_LAREDO1_1, MLOFOAV5,254,254,0,4.643, LAREDO, DEL_MAR,138,138, 07/23/2025 22:00:00,N
07/23/2025,23:00,1087, CELANE_KLEBER1_1, SN_SAJO5,211,211,0,0.704, KLEBERG, CELANEBI,138.10001,138, 07/23/2025 22:00:00,N
07/23/2025,23:00,1088, 108__A, SRNKEXC5,1801,1801,0,13.835, EXCSW, RNKSW,345,345, 07/23/2025 22:00:00,N
07/23/2025,23:00,1089, MAGRUD_VICTOR2_1, DELMSAN5,211,211,0,2.447, VICTORIA, MAGRUDER,138.10001,138, 07/23/2025 22:00:00,N
07/23/2025,23:00,1090, 6513__A, DODEMOS5,420,420,0,0.427, ODESA, ODNTH,138,138, 07/23/2025 22:00:00,N
07/23/2025,23:00,1091, I_DUPS_RESNIK2_2, MIDUMCL8,264,264,0,10.332, I_DUPSW, RESNIK,138,138, 07/23/2025 22:00:00,N
07/23/2025,23:00,1092, HOLLY4_SOUTH_1_1, SHOLWES8,209,209,0,2.054, HOLLY4, SOUTH_SI,138,138, 07/23/2025 22:00:00,N
07/23/2025,23:00,1056, E_PASP,  BASE CASE,541,541,0,3.601, , ,0,0, 07/23/2025 22:00:00,N
07/23/2025,24:00,1119, BIGLAK_PHBL_T1_1, SOZNFRI9,38,38,0,0.008, BIGLAKE, PHBL_TAP,69,69, 07/23/2025 23:00:00,N
07/23/2025,24:00,1118, 6217__A, SBUZHMP8,209,209,0,22.221, WLVSW, GAILS,138,138, 07/23/2025 23:00:00,N
07/23/2025,24:00,1121, ALPINE_BRONCO1_1, SCOCBAR9,60,60,0,0.074, BRONCO, ALPINE,69,69, 07/23/2025 23:00:00,N
07/23/2025,24:00,1122, BELD_BRONCO1_1, SBROALP9,60,60,0,0.074, BRONCO, BELD,69,69, 07/23/2025 23:00:00,N
07/23/2025,24:00,1123, MAGRUD_VICTOR2_1, XVIC89,211,211,0,0.618, VICTORIA, MAGRUDER,138.10001,138, 07/23/2025 23:00:00,N
07/23/2025,24:00,1124, VERTRE_WESLAU1_1, SMVRLA_8,156,156,0,0.148, VERTREES, WESLAU,138,138, 07/23/2025 23:00:00,N
07/23/2025,24:00,1125, CELANE_KLEBER1_1, SN_SAJO5,211,211,0,0.546, KLEBERG, CELANEBI,138.10001,138, 07/23/2025 23:00:00,N
07/23/2025,24:00,1126, 108__A, SRNKEXC5,1820,1820,0,2.077, EXCSW, RNKSW,345,345, 07/23/2025 23:00:00,N
07/23/2025,24:00,1127, 2115__B, SBTPBNT8,47,47,0,0.644, TOWER, BNTSW,69,69, 07/23/2025 23:00:00,N
07/23/2025,24:00,1128, I_DUPS_RESNIK2_2, MIDUMCL8,266,266,0,2.011, I_DUPSW, RESNIK,138,138, 07/23/2025 23:00:00,N
07/23/2025,24:00,1129, LIPTON_W_BATE1_1, SBIGASH8,122,122,0,2.017, W_BATESV, LIPTON,138,138, 07/23/2025 23:00:00,N
07/23/2025,24:00,1093, MENPHT_YELWJC1_1,  BASE CASE,60,60,0,3.362, YELWJCKT, MENPHTAP,69,69, 07/23/2025 23:00:00,N
07/23/2025,24:00,1094, DIESEL_FMR1,  BASE CASE,25,25,0,0.006, DIESEL, DIESEL,69,13, 07/23/2025 23:00:00,N
07/23/2025,24:00,1095, NELRIO,  BASE CASE,848,848,0,0.365, , ,0,0, 07/23/2025 23:00:00,N
07/23/2025,24:00,1096, ZAPSTR,  BASE CASE,225,225,0,21.193, , ,0,0, 07/23/2025 23:00:00,N
07/23/2025,24:00,1097, 6437__F, DMTSCOS5,209,209,0,77.675, SCRCV, KNAPP,138,138, 07/23/2025 23:00:00,N
07/23/2025,24:00,1098, 6240__C, DMTSCOS5,197,197,0,19.968, SACRC, DPCRK,138,138, 07/23/2025 23:00:00,N
07/23/2025,24:00,1099, LPLMK_LPLNE_1, SBWDDBM5,218,218,0,6.417, LPLMK, LPLNE,115,115, 07/23/2025 23:00:00,N
07/23/2025,24:00,1100, OLS_JNES_1, XHA2S89,60,60,0,5.127, OLSEN, JNESBORO,69,69, 07/23/2025 23:00:00,N
07/23/2025,24:00,1101, 6345__L, DMOSME25,209,209,0,33.002, SNDHT, WLFSW,138,138, 07/23/2025 23:00:00,N
07/23/2025,24:00,1102, 6345__L, DWLFMET5,209,209,0,33.002, SNDHT, WLFSW,138,138, 07/23/2025 23:00:00,N
07/23/2025,24:00,1103, 15060__B, SW_LVLT5,408,408,0,220.567, VEALMOOR, KOCHTAP,138,138, 07/23/2025 23:00:00,N
07/23/2025,24:00,1104, 6056__A, DBAKCED5,1206,1206,0,12.737, LNGSW, CONSW,345,345, 07/23/2025 23:00:00,N
07/23/2025,24:00,1105, HARGRO_TWINBU1_1, DBAKCED5,151,151,0,37.159, TWINBU, HARGROVE,138,138, 07/23/2025 23:00:00,N
07/23/2025,24:00,1106, FREER_LOBO1_1, MLOFOAV5,39,39,0,6.431, LOBO, FREER,69,69, 07/23/2025 23:00:00,N
07/23/2025,24:00,1107, DEL_MA_LAREDO1_1, MFOAVLO5,258,258,0,92.637, LAREDO, DEL_MAR,138,138, 07/23/2025 23:00:00,N
07/23/2025,24:00,1108, LENSW_PUTN2_1,  BASE CASE,72,72,0,2.512, LENSW, PUTN,138,138, 07/23/2025 23:00:00,N
07/23/2025,24:00,1109, RANDAD_ZAPATA1_1,  BASE CASE,77,77,0,0.007, RANDADO, ZAPATA,138,138, 07/23/2025 23:00:00,N
07/23/2025,24:00,1110, HOEFSROA_T1_O,  BASE CASE,9,9,0,0.006, HOEFSROA, HOEFSROA,69,12.5, 07/23/2025 23:00:00,N
07/23/2025,24:00,1111, BELD_BRONCO1_1, XFTS89,60,60,0,0.139, BRONCO, BELD,69,69, 07/23/2025 23:00:00,N
07/23/2025,24:00,1112, 941__C, SENWSHK8,239,239,0,0.1, ENWSW, ENSSO,138,138, 07/23/2025 23:00:00,N
07/23/2025,24:00,1113, ASHERT_CATARI1_1, DWORNLA8,122,122,0,2.659, ASHERTON, CATARINA,138,138, 07/23/2025 23:00:00,N
07/23/2025,24:00,1114, COLETO_VICTOR2_1, SVICCO28,320,320,0,1.154, COLETO, VICTORIA,138,138.10001, 07/23/2025 23:00:00,N
07/23/2025,24:00,1115, SANA_FMR1, SCOLBAL8,50,50,0,6.476, SANA, SANA,138,69, 07/23/2025 23:00:00,N
07/23/2025,24:00,1116, 6217__A, SBUZLME8,209,209,0,22.221, WLVSW, GAILS,138,138, 07/23/2025 23:00:00,N
07/23/2025,24:00,1117, FTST_SOLSTI1_1, DBAKSOL5,217,217,0,0.859, FTST, SOLSTICE,138,138, 07/23/2025 23:00:00,N
07/23/2025,24:00,1120, BIGLAK_PHBL_T1_1, SES2FRI8,38,38,0,15.114, BIGLAKE, PHBL_TAP,69,69, 07/23/2025 23:00:00,N
