scenario,ts,regime,zone,model_lmp,ercot_lmp
shed_only,2025-01-02 01,sample,houston,29.5,84.4
shed_only,2025-01-02 01,sample,north,26.4,86.4
shed_only,2025-01-02 01,sample,south,36.4,82.7
shed_only,2025-01-02 01,sample,west,1138.0,88.9
shed_only,2025-01-04 20,sample,houston,27.0,-16.2
shed_only,2025-01-04 20,sample,north,14.0,-16.1
shed_only,2025-01-04 20,sample,south,30.1,-16.8
shed_only,2025-01-04 20,sample,west,1954.4,-12.6
shed_only,2025-01-05 00,sample,houston,27.4,2.8
shed_only,2025-01-05 00,sample,north,17.1,3.0
shed_only,2025-01-05 00,sample,south,31.3,1.9
shed_only,2025-01-05 00,sample,west,1871.7,5.4
shed_only,2025-01-08 15,sample,houston,41.9,31.5
shed_only,2025-01-08 15,sample,north,32.7,32.5
shed_only,2025-01-08 15,sample,south,35.3,28.5
shed_only,2025-01-08 15,sample,west,1853.2,33.3
shed_only,2025-01-18 13,sample,houston,30.7,25.4
shed_only,2025-01-18 13,sample,north,20.0,24.5
shed_only,2025-01-18 13,sample,south,31.8,26.3
shed_only,2025-01-18 13,sample,west,1845.3,26.3
shed_only,2025-01-21 06,sample,houston,67.7,32.6
shed_only,2025-01-21 06,sample,north,37.1,33.5
shed_only,2025-01-21 06,sample,south,43.0,30.1
shed_only,2025-01-21 06,sample,west,1815.8,33.7
shed_only,2025-01-22 20,sample,houston,30.3,-0.7
shed_only,2025-01-22 20,sample,north,21.4,-0.7
shed_only,2025-01-22 20,sample,south,31.7,-0.7
shed_only,2025-01-22 20,sample,west,905.1,-0.7
shed_only,2025-01-26 13,sample,houston,29.7,26.5
shed_only,2025-01-26 13,sample,north,25.1,25.7
shed_only,2025-01-26 13,sample,south,30.0,27.4
shed_only,2025-01-26 13,sample,west,1803.5,26.3
shed_only,2025-01-30 13,sample,houston,30.1,24.5
shed_only,2025-01-30 13,sample,north,13.1,23.7
shed_only,2025-01-30 13,sample,south,31.3,25.3
shed_only,2025-01-30 13,sample,west,2020.4,22.4
shed_only,2025-02-01 07,sample,houston,30.5,28.2
shed_only,2025-02-01 07,sample,north,20.5,23.8
shed_only,2025-02-01 07,sample,south,35.0,32.6
shed_only,2025-02-01 07,sample,west,1125.8,45.8
shed_only,2025-02-05 00,sample,houston,30.4,83.9
shed_only,2025-02-05 00,sample,north,18.8,83.9
shed_only,2025-02-05 00,sample,south,32.7,83.9
shed_only,2025-02-05 00,sample,west,1245.5,83.9
shed_only,2025-02-06 20,sample,houston,28.6,18.5
shed_only,2025-02-06 20,sample,north,21.1,18.6
shed_only,2025-02-06 20,sample,south,31.5,18.4
shed_only,2025-02-06 20,sample,west,1131.4,19.1
shed_only,2025-02-09 06,sample,houston,28.0,20.5
shed_only,2025-02-09 06,sample,north,17.6,20.5
shed_only,2025-02-09 06,sample,south,31.7,20.5
shed_only,2025-02-09 06,sample,west,1889.0,20.5
shed_only,2025-02-14 19,sample,houston,27.9,20.3
shed_only,2025-02-14 19,sample,north,19.1,19.6
shed_only,2025-02-14 19,sample,south,31.3,20.8
shed_only,2025-02-14 19,sample,west,1177.5,-0.2
shed_only,2025-02-15 13,sample,houston,30.2,29.2
shed_only,2025-02-15 13,sample,north,20.3,29.1
shed_only,2025-02-15 13,sample,south,31.6,26.7
shed_only,2025-02-15 13,sample,west,1805.2,29.1
shed_only,2025-02-23 06,sample,houston,35.7,37.3
shed_only,2025-02-23 06,sample,north,27.3,38.6
shed_only,2025-02-23 06,sample,south,42.2,37.6
shed_only,2025-02-23 06,sample,west,1794.4,43.6
shed_only,2025-02-26 15,sample,houston,26.0,0.2
shed_only,2025-02-26 15,sample,north,13.0,-0.8
shed_only,2025-02-26 15,sample,south,31.2,-1.3
shed_only,2025-02-26 15,sample,west,1164.2,-1.1
shed_only,2025-03-03 06,sample,houston,27.9,29.9
shed_only,2025-03-03 06,sample,north,17.1,26.6
shed_only,2025-03-03 06,sample,south,32.2,31.3
shed_only,2025-03-03 06,sample,west,1270.2,36.0
shed_only,2025-03-04 13,sample,houston,27.8,27.4
shed_only,2025-03-04 13,sample,north,16.5,19.1
shed_only,2025-03-04 13,sample,south,32.0,31.1
shed_only,2025-03-04 13,sample,west,1884.2,-2.8
shed_only,2025-03-10 09,sample,houston,38.1,35.3
shed_only,2025-03-10 09,sample,north,26.8,28.0
shed_only,2025-03-10 09,sample,south,45.3,40.9
shed_only,2025-03-10 09,sample,west,1063.0,50.5
shed_only,2025-03-12 21,sample,houston,27.9,35.4
shed_only,2025-03-12 21,sample,north,17.8,26.6
shed_only,2025-03-12 21,sample,south,31.9,17.4
shed_only,2025-03-12 21,sample,west,1257.4,-8.4
shed_only,2025-03-13 15,sample,houston,28.3,28.0
shed_only,2025-03-13 15,sample,north,14.3,27.1
shed_only,2025-03-13 15,sample,south,33.3,26.4
shed_only,2025-03-13 15,sample,west,1159.8,26.9
shed_only,2025-03-15 06,sample,houston,28.1,67.6
shed_only,2025-03-15 06,sample,north,19.0,69.6
shed_only,2025-03-15 06,sample,south,31.1,62.6
shed_only,2025-03-15 06,sample,west,1837.1,64.8
shed_only,2025-03-18 00,sample,houston,28.5,45.7
shed_only,2025-03-18 00,sample,north,23.2,38.1
shed_only,2025-03-18 00,sample,south,30.2,30.9
shed_only,2025-03-18 00,sample,west,1777.0,-20.6
shed_only,2025-03-20 15,sample,houston,28.5,15.6
shed_only,2025-03-20 15,sample,north,21.3,15.4
shed_only,2025-03-20 15,sample,south,30.6,13.3
shed_only,2025-03-20 15,sample,west,1042.6,15.3
shed_only,2025-03-21 20,sample,houston,27.8,3.6
shed_only,2025-03-21 20,sample,north,23.5,1.4
shed_only,2025-03-21 20,sample,south,29.4,-2.4
shed_only,2025-03-21 20,sample,west,705.8,0.8
shed_only,2025-03-24 14,sample,houston,28.8,4.6
shed_only,2025-03-24 14,sample,north,17.6,5.2
shed_only,2025-03-24 14,sample,south,29.6,6.3
shed_only,2025-03-24 14,sample,west,2001.2,5.7
shed_only,2025-03-29 13,sample,houston,27.8,24.9
shed_only,2025-03-29 13,sample,north,16.5,23.9
shed_only,2025-03-29 13,sample,south,32.3,24.3
shed_only,2025-03-29 13,sample,west,1212.5,13.6
shed_only,2025-04-03 05,sample,houston,36.6,27.9
shed_only,2025-04-03 05,sample,north,23.3,25.9
shed_only,2025-04-03 05,sample,south,41.3,26.8
shed_only,2025-04-03 05,sample,west,1858.3,40.2
shed_only,2025-04-06 21,sample,houston,28.2,0.6
shed_only,2025-04-06 21,sample,north,24.8,1.7
shed_only,2025-04-06 21,sample,south,29.0,-3.1
shed_only,2025-04-06 21,sample,west,601.6,0.6
shed_only,2025-04-07 13,sample,houston,35.5,24.3
shed_only,2025-04-07 13,sample,north,22.7,25.4
shed_only,2025-04-07 13,sample,south,40.9,23.5
shed_only,2025-04-07 13,sample,west,1120.8,25.4
shed_only,2025-04-09 00,sample,houston,32.6,49.8
shed_only,2025-04-09 00,sample,north,22.9,45.9
shed_only,2025-04-09 00,sample,south,35.8,50.4
shed_only,2025-04-09 00,sample,west,1264.5,55.4
shed_only,2025-04-12 08,sample,houston,27.5,17.3
shed_only,2025-04-12 08,sample,north,13.2,18.2
shed_only,2025-04-12 08,sample,south,32.8,16.6
shed_only,2025-04-12 08,sample,west,2005.4,17.2
shed_only,2025-04-21 08,sample,houston,28.2,20.6
shed_only,2025-04-21 08,sample,north,16.6,17.3
shed_only,2025-04-21 08,sample,south,32.4,23.5
shed_only,2025-04-21 08,sample,west,1861.4,31.4
shed_only,2025-04-22 19,sample,houston,28.9,54.0
shed_only,2025-04-22 19,sample,north,23.5,22.9
shed_only,2025-04-22 19,sample,south,29.7,10.0
shed_only,2025-04-22 19,sample,west,987.4,0.9
shed_only,2025-04-26 15,sample,houston,27.7,15.3
shed_only,2025-04-26 15,sample,north,10.0,10.8
shed_only,2025-04-26 15,sample,south,32.2,10.4
shed_only,2025-04-26 15,sample,west,2014.4,7.5
shed_only,2025-04-27 13,sample,houston,28.0,20.9
shed_only,2025-04-27 13,sample,north,19.4,20.6
shed_only,2025-04-27 13,sample,south,31.4,20.7
shed_only,2025-04-27 13,sample,west,1302.7,20.4
shed_only,2025-04-28 20,sample,houston,29.8,56.0
shed_only,2025-04-28 20,sample,north,22.0,22.2
shed_only,2025-04-28 20,sample,south,31.5,7.4
shed_only,2025-04-28 20,sample,west,1230.9,8.2
shed_only,2025-04-30 13,sample,houston,28.8,25.0
shed_only,2025-04-30 13,sample,north,23.0,25.2
shed_only,2025-04-30 13,sample,south,29.1,21.8
shed_only,2025-04-30 13,sample,west,1800.9,25.4
shed_only,2025-05-03 15,sample,houston,27.9,14.4
shed_only,2025-05-03 15,sample,north,21.1,10.7
shed_only,2025-05-03 15,sample,south,29.5,3.1
shed_only,2025-05-03 15,sample,west,1111.9,8.7
shed_only,2025-05-07 13,sample,houston,28.1,18.8
shed_only,2025-05-07 13,sample,north,18.3,18.6
shed_only,2025-05-07 13,sample,south,32.2,19.0
shed_only,2025-05-07 13,sample,west,1080.6,18.7
shed_only,2025-05-09 12,sample,houston,29.2,22.4
shed_only,2025-05-09 12,sample,north,14.3,22.6
shed_only,2025-05-09 12,sample,south,31.5,19.9
shed_only,2025-05-09 12,sample,west,1941.3,23.6
shed_only,2025-05-11 20,sample,houston,28.5,18.1
shed_only,2025-05-11 20,sample,north,26.3,21.3
shed_only,2025-05-11 20,sample,south,28.8,12.9
shed_only,2025-05-11 20,sample,west,679.5,17.5
shed_only,2025-05-13 21,sample,houston,29.7,45.8
shed_only,2025-05-13 21,sample,north,25.9,14.0
shed_only,2025-05-13 21,sample,south,32.1,26.3
shed_only,2025-05-13 21,sample,west,929.0,7.6
shed_only,2025-05-19 13,sample,houston,28.4,21.9
shed_only,2025-05-19 13,sample,north,24.4,21.2
shed_only,2025-05-19 13,sample,south,29.6,15.7
shed_only,2025-05-19 13,sample,west,559.8,21.2
shed_only,2025-05-21 19,sample,houston,29.0,27.0
shed_only,2025-05-21 19,sample,north,26.4,11.6
shed_only,2025-05-21 19,sample,south,29.3,27.0
shed_only,2025-05-21 19,sample,west,559.4,9.5
shed_only,2025-05-23 15,sample,houston,29.1,32.0
shed_only,2025-05-23 15,sample,north,20.1,18.9
shed_only,2025-05-23 15,sample,south,31.9,24.0
shed_only,2025-05-23 15,sample,west,1136.4,4.9
shed_only,2025-05-26 21,sample,houston,28.9,22.1
shed_only,2025-05-26 21,sample,north,28.1,22.3
shed_only,2025-05-26 21,sample,south,28.9,19.0
shed_only,2025-05-26 21,sample,west,651.3,22.3
shed_only,2025-05-30 20,sample,houston,37.2,27.6
shed_only,2025-05-30 20,sample,north,25.3,27.6
shed_only,2025-05-30 20,sample,south,43.3,27.6
shed_only,2025-05-30 20,sample,west,1100.9,27.6
shed_only,2025-05-31 20,sample,houston,29.9,30.0
shed_only,2025-05-31 20,sample,north,26.9,26.7
shed_only,2025-05-31 20,sample,south,99.3,34.2
shed_only,2025-05-31 20,sample,west,1089.5,27.8
shed_only,2025-06-02 00,sample,houston,40.7,58.5
shed_only,2025-06-02 00,sample,north,27.8,60.0
shed_only,2025-06-02 00,sample,south,55.4,55.1
shed_only,2025-06-02 00,sample,west,1061.3,60.6
shed_only,2025-06-03 21,sample,houston,29.1,28.5
shed_only,2025-06-03 21,sample,north,27.0,19.8
shed_only,2025-06-03 21,sample,south,29.3,19.5
shed_only,2025-06-03 21,sample,west,555.0,17.0
shed_only,2025-06-04 06,sample,houston,35.5,21.3
shed_only,2025-06-04 06,sample,north,20.3,19.4
shed_only,2025-06-04 06,sample,south,40.1,23.1
shed_only,2025-06-04 06,sample,west,1861.3,30.9
shed_only,2025-06-05 06,sample,houston,40.7,24.6
shed_only,2025-06-05 06,sample,north,26.5,24.9
shed_only,2025-06-05 06,sample,south,49.5,23.6
shed_only,2025-06-05 06,sample,west,1901.6,25.1
shed_only,2025-06-06 06,sample,houston,33.4,24.2
shed_only,2025-06-06 06,sample,north,23.0,23.3
shed_only,2025-06-06 06,sample,south,36.3,25.2
shed_only,2025-06-06 06,sample,west,1749.3,30.4
shed_only,2025-06-08 20,sample,houston,29.5,38.0
shed_only,2025-06-08 20,sample,north,31.1,19.6
shed_only,2025-06-08 20,sample,south,30.3,16.8
shed_only,2025-06-08 20,sample,west,505.1,5.8
shed_only,2025-06-16 20,sample,houston,30.8,25.8
shed_only,2025-06-16 20,sample,north,36.3,22.8
shed_only,2025-06-16 20,sample,south,30.4,29.0
shed_only,2025-06-16 20,sample,west,971.6,24.5
shed_only,2025-06-17 20,sample,houston,30.0,55.9
shed_only,2025-06-17 20,sample,north,30.4,18.8
shed_only,2025-06-17 20,sample,south,29.9,13.1
shed_only,2025-06-17 20,sample,west,795.2,-3.7
shed_only,2025-06-21 19,sample,houston,30.4,24.8
shed_only,2025-06-21 19,sample,north,22.5,21.5
shed_only,2025-06-21 19,sample,south,30.2,12.0
shed_only,2025-06-21 19,sample,west,1115.1,-4.5
shed_only,2025-06-25 15,sample,houston,28.9,19.5
shed_only,2025-06-25 15,sample,north,24.9,17.8
shed_only,2025-06-25 15,sample,south,29.3,20.6
shed_only,2025-06-25 15,sample,west,1039.2,17.4
shed_only,2025-06-29 15,sample,houston,28.9,19.0
shed_only,2025-06-29 15,sample,north,24.9,18.6
shed_only,2025-06-29 15,sample,south,29.4,18.3
shed_only,2025-06-29 15,sample,west,1138.0,18.6
shed_only,2025-07-01 19,sample,houston,38.0,87.5
shed_only,2025-07-01 19,sample,north,53.0,64.8
shed_only,2025-07-01 19,sample,south,48.2,38.2
shed_only,2025-07-01 19,sample,west,1085.0,59.6
shed_only,2025-07-06 13,sample,houston,29.4,22.5
shed_only,2025-07-06 13,sample,north,16.8,22.6
shed_only,2025-07-06 13,sample,south,33.3,22.5
shed_only,2025-07-06 13,sample,west,1961.4,22.8
shed_only,2025-07-09 19,sample,houston,31.4,39.9
shed_only,2025-07-09 19,sample,north,29.6,41.2
shed_only,2025-07-09 19,sample,south,31.6,38.0
shed_only,2025-07-09 19,sample,west,1064.4,42.4
shed_only,2025-07-10 06,sample,houston,30.6,23.7
shed_only,2025-07-10 06,sample,north,12.8,23.3
shed_only,2025-07-10 06,sample,south,32.6,23.1
shed_only,2025-07-10 06,sample,west,1967.8,29.0
shed_only,2025-07-14 15,sample,houston,29.2,21.4
shed_only,2025-07-14 15,sample,north,24.2,21.5
shed_only,2025-07-14 15,sample,south,30.5,21.0
shed_only,2025-07-14 15,sample,west,1192.2,21.6
shed_only,2025-07-15 10,sample,houston,33.6,23.2
shed_only,2025-07-15 10,sample,north,15.8,22.2
shed_only,2025-07-15 10,sample,south,36.6,24.2
shed_only,2025-07-15 10,sample,west,1966.5,27.8
shed_only,2025-07-17 21,sample,houston,31.6,22.9
shed_only,2025-07-17 21,sample,north,92.7,22.2
shed_only,2025-07-17 21,sample,south,29.1,26.1
shed_only,2025-07-17 21,sample,west,476.0,9.0
shed_only,2025-07-23 06,sample,houston,34.1,22.8
shed_only,2025-07-23 06,sample,north,25.2,22.6
shed_only,2025-07-23 06,sample,south,32.6,23.0
shed_only,2025-07-23 06,sample,west,1763.4,23.6
shed_only,2025-07-24 08,sample,houston,30.1,21.4
shed_only,2025-07-24 08,sample,north,20.2,20.0
shed_only,2025-07-24 08,sample,south,31.9,22.7
shed_only,2025-07-24 08,sample,west,1802.5,19.4
shed_only,2025-07-26 00,sample,houston,141.6,43.8
shed_only,2025-07-26 00,sample,north,414.7,44.5
shed_only,2025-07-26 00,sample,south,129.6,43.0
shed_only,2025-07-26 00,sample,west,1928.4,44.7
shed_only,2025-07-29 00,sample,houston,132.7,55.4
shed_only,2025-07-29 00,sample,north,357.0,58.4
shed_only,2025-07-29 00,sample,south,125.5,52.0
shed_only,2025-07-29 00,sample,west,1012.7,50.3
shed_only,2025-08-02 15,sample,houston,30.3,27.3
shed_only,2025-08-02 15,sample,north,21.6,27.3
shed_only,2025-08-02 15,sample,south,35.3,27.3
shed_only,2025-08-02 15,sample,west,1884.6,27.3
shed_only,2025-08-03 13,sample,houston,29.6,15.0
shed_only,2025-08-03 13,sample,north,21.4,15.0
shed_only,2025-08-03 13,sample,south,31.5,15.0
shed_only,2025-08-03 13,sample,west,1266.2,15.0
shed_only,2025-08-08 08,sample,houston,30.6,19.5
shed_only,2025-08-08 08,sample,north,18.0,17.9
shed_only,2025-08-08 08,sample,south,32.6,21.0
shed_only,2025-08-08 08,sample,west,1811.6,26.1
shed_only,2025-08-10 21,sample,houston,68.2,53.1
shed_only,2025-08-10 21,sample,north,286.8,35.6
shed_only,2025-08-10 21,sample,south,66.0,81.1
shed_only,2025-08-10 21,sample,west,1048.9,46.5
shed_only,2025-08-12 21,sample,houston,156.7,45.9
shed_only,2025-08-12 21,sample,north,289.6,39.0
shed_only,2025-08-12 21,sample,south,101.6,70.7
shed_only,2025-08-12 21,sample,west,1050.9,50.4
shed_only,2025-08-19 14,sample,houston,34.8,35.6
shed_only,2025-08-19 14,sample,north,22.2,35.6
shed_only,2025-08-19 14,sample,south,38.9,35.6
shed_only,2025-08-19 14,sample,west,1892.3,35.6
shed_only,2025-08-25 20,sample,houston,112.9,31.5
shed_only,2025-08-25 20,sample,north,293.8,29.4
shed_only,2025-08-25 20,sample,south,80.1,26.9
shed_only,2025-08-25 20,sample,west,1068.6,29.2
shed_only,2025-08-27 13,sample,houston,35.2,27.3
shed_only,2025-08-27 13,sample,north,20.3,27.5
shed_only,2025-08-27 13,sample,south,43.2,27.1
shed_only,2025-08-27 13,sample,west,1937.6,27.7
shed_only,2025-08-29 06,sample,houston,35.5,28.9
shed_only,2025-08-29 06,sample,north,21.1,29.3
shed_only,2025-08-29 06,sample,south,40.2,26.3
shed_only,2025-08-29 06,sample,west,1898.8,37.6
shed_only,2025-09-04 13,sample,houston,29.2,11.2
shed_only,2025-09-04 13,sample,north,13.3,11.2
shed_only,2025-09-04 13,sample,south,31.4,11.2
shed_only,2025-09-04 13,sample,west,1955.2,11.3
shed_only,2025-09-08 06,sample,houston,29.1,20.9
shed_only,2025-09-08 06,sample,north,9.5,18.2
shed_only,2025-09-08 06,sample,south,32.5,23.6
shed_only,2025-09-08 06,sample,west,1946.1,32.7
shed_only,2025-09-10 06,sample,houston,27.8,18.0
shed_only,2025-09-10 06,sample,north,14.1,17.8
shed_only,2025-09-10 06,sample,south,32.7,18.2
shed_only,2025-09-10 06,sample,west,1818.2,17.6
shed_only,2025-09-12 13,sample,houston,29.1,17.9
shed_only,2025-09-12 13,sample,north,20.5,17.9
shed_only,2025-09-12 13,sample,south,32.3,17.9
shed_only,2025-09-12 13,sample,west,1271.6,17.9
shed_only,2025-09-13 19,sample,houston,30.3,37.5
shed_only,2025-09-13 19,sample,north,19.5,40.4
shed_only,2025-09-13 19,sample,south,31.3,20.2
shed_only,2025-09-13 19,sample,west,1814.7,34.2
shed_only,2025-09-15 00,sample,houston,70.1,40.5
shed_only,2025-09-15 00,sample,north,58.5,41.1
shed_only,2025-09-15 00,sample,south,66.6,38.5
shed_only,2025-09-15 00,sample,west,1855.8,41.5
shed_only,2025-09-17 06,sample,houston,30.7,21.5
shed_only,2025-09-17 06,sample,north,20.1,21.2
shed_only,2025-09-17 06,sample,south,31.9,24.1
shed_only,2025-09-17 06,sample,west,1818.7,29.5
shed_only,2025-09-21 13,sample,houston,28.0,13.5
shed_only,2025-09-21 13,sample,north,13.3,13.4
shed_only,2025-09-21 13,sample,south,31.3,13.5
shed_only,2025-09-21 13,sample,west,1938.6,15.0
shed_only,2025-09-22 01,sample,houston,63.3,40.0
shed_only,2025-09-22 01,sample,north,43.9,40.1
shed_only,2025-09-22 01,sample,south,66.8,39.5
shed_only,2025-09-22 01,sample,west,1918.0,47.9
shed_only,2025-09-23 13,sample,houston,30.7,20.6
shed_only,2025-09-23 13,sample,north,14.6,20.6
shed_only,2025-09-23 13,sample,south,31.8,-44.1
shed_only,2025-09-23 13,sample,west,1947.7,21.0
shed_only,2025-09-24 02,sample,houston,131.8,63.2
shed_only,2025-09-24 02,sample,north,96.6,66.1
shed_only,2025-09-24 02,sample,south,126.7,53.6
shed_only,2025-09-24 02,sample,west,1536.6,85.1
shed_only,2025-10-04 20,sample,houston,29.9,42.9
shed_only,2025-10-04 20,sample,north,24.0,14.9
shed_only,2025-10-04 20,sample,south,29.5,28.4
shed_only,2025-10-04 20,sample,west,1014.2,10.5
shed_only,2025-10-08 20,sample,houston,35.8,56.8
shed_only,2025-10-08 20,sample,north,28.2,38.5
shed_only,2025-10-08 20,sample,south,41.9,66.2
shed_only,2025-10-08 20,sample,west,1181.6,49.1
shed_only,2025-10-10 06,sample,houston,40.3,25.1
shed_only,2025-10-10 06,sample,north,22.6,23.0
shed_only,2025-10-10 06,sample,south,49.1,27.7
shed_only,2025-10-10 06,sample,west,1955.3,32.2
shed_only,2025-10-12 21,sample,houston,31.5,35.1
shed_only,2025-10-12 21,sample,north,18.9,35.5
shed_only,2025-10-12 21,sample,south,35.8,43.7
shed_only,2025-10-12 21,sample,west,1875.4,43.3
shed_only,2025-10-17 19,sample,houston,30.4,32.3
shed_only,2025-10-17 19,sample,north,26.6,30.3
shed_only,2025-10-17 19,sample,south,32.6,32.3
shed_only,2025-10-17 19,sample,west,1162.4,32.0
shed_only,2025-10-18 13,sample,houston,29.5,24.4
shed_only,2025-10-18 13,sample,north,23.6,20.9
shed_only,2025-10-18 13,sample,south,30.4,26.8
shed_only,2025-10-18 13,sample,west,1731.8,33.2
shed_only,2025-10-23 20,sample,houston,35.5,50.9
shed_only,2025-10-23 20,sample,north,27.0,49.2
shed_only,2025-10-23 20,sample,south,39.6,47.6
shed_only,2025-10-23 20,sample,west,1112.7,50.0
shed_only,2025-10-29 13,sample,houston,28.2,5.5
shed_only,2025-10-29 13,sample,north,22.4,1.9
shed_only,2025-10-29 13,sample,south,30.1,8.1
shed_only,2025-10-29 13,sample,west,1653.2,11.6
shed_only,2025-10-30 14,sample,houston,28.6,15.3
shed_only,2025-10-30 14,sample,north,20.4,15.5
shed_only,2025-10-30 14,sample,south,31.2,15.2
shed_only,2025-10-30 14,sample,west,1281.9,15.6
shed_only,2025-11-02 13,sample,houston,27.6,19.3
shed_only,2025-11-02 13,sample,north,6.5,18.8
shed_only,2025-11-02 13,sample,south,32.8,19.8
shed_only,2025-11-02 13,sample,west,1990.2,19.2
shed_only,2025-11-13 21,sample,houston,28.6,19.9
shed_only,2025-11-13 21,sample,north,21.2,21.5
shed_only,2025-11-13 21,sample,south,31.2,16.4
shed_only,2025-11-13 21,sample,west,1164.4,6.3
shed_only,2025-11-14 19,sample,houston,28.7,20.9
shed_only,2025-11-14 19,sample,north,21.4,20.9
shed_only,2025-11-14 19,sample,south,31.4,20.9
shed_only,2025-11-14 19,sample,west,1194.7,20.9
shed_only,2025-11-15 06,sample,houston,27.9,20.7
shed_only,2025-11-15 06,sample,north,17.1,24.3
shed_only,2025-11-15 06,sample,south,32.0,18.1
shed_only,2025-11-15 06,sample,west,1868.6,0.9
shed_only,2025-11-21 08,sample,houston,36.0,23.1
shed_only,2025-11-21 08,sample,north,11.4,21.8
shed_only,2025-11-21 08,sample,south,41.1,24.3
shed_only,2025-11-21 08,sample,west,2256.2,26.6
shed_only,2025-11-22 21,sample,houston,29.7,43.6
shed_only,2025-11-22 21,sample,north,22.5,24.4
shed_only,2025-11-22 21,sample,south,33.5,76.3
shed_only,2025-11-22 21,sample,west,1195.8,31.0
shed_only,2025-11-24 13,sample,houston,38.1,60.0
shed_only,2025-11-24 13,sample,north,23.8,61.2
shed_only,2025-11-24 13,sample,south,45.8,53.9
shed_only,2025-11-24 13,sample,west,1958.6,61.9
shed_only,2025-11-26 15,sample,houston,28.2,12.7
shed_only,2025-11-26 15,sample,north,9.1,25.4
shed_only,2025-11-26 15,sample,south,32.1,8.4
shed_only,2025-11-26 15,sample,west,2064.3,22.6
shed_only,2025-11-27 20,sample,houston,28.7,22.1
shed_only,2025-11-27 20,sample,north,16.9,21.7
shed_only,2025-11-27 20,sample,south,30.5,29.9
shed_only,2025-11-27 20,sample,west,1935.6,23.1
shed_only,2025-11-28 13,sample,houston,27.7,19.4
shed_only,2025-11-28 13,sample,north,17.0,22.3
shed_only,2025-11-28 13,sample,south,31.8,17.7
shed_only,2025-11-28 13,sample,west,1881.1,10.2
shed_only,2025-12-01 20,sample,houston,33.6,42.7
shed_only,2025-12-01 20,sample,north,28.7,50.3
shed_only,2025-12-01 20,sample,south,33.3,61.0
shed_only,2025-12-01 20,sample,west,672.7,52.7
shed_only,2025-12-02 20,sample,houston,28.5,-1.7
shed_only,2025-12-02 20,sample,north,23.4,-10.2
shed_only,2025-12-02 20,sample,south,28.7,12.1
shed_only,2025-12-02 20,sample,west,1649.5,-8.3
shed_only,2025-12-03 08,sample,houston,30.7,30.6
shed_only,2025-12-03 08,sample,north,20.2,21.9
shed_only,2025-12-03 08,sample,south,31.8,43.0
shed_only,2025-12-03 08,sample,west,1822.0,21.4
shed_only,2025-12-05 13,sample,houston,56.5,46.0
shed_only,2025-12-05 13,sample,north,35.0,39.6
shed_only,2025-12-05 13,sample,south,57.6,56.3
shed_only,2025-12-05 13,sample,west,2004.2,53.2
shed_only,2025-12-09 06,sample,houston,30.6,27.9
shed_only,2025-12-09 06,sample,north,20.3,27.5
shed_only,2025-12-09 06,sample,south,31.7,28.4
shed_only,2025-12-09 06,sample,west,1834.3,30.5
shed_only,2025-12-16 20,sample,houston,28.1,17.0
shed_only,2025-12-16 20,sample,north,21.6,15.4
shed_only,2025-12-16 20,sample,south,30.2,17.4
shed_only,2025-12-16 20,sample,west,1135.0,2.5
shed_only,2025-12-19 21,sample,houston,28.4,0.2
shed_only,2025-12-19 21,sample,north,20.4,2.6
shed_only,2025-12-19 21,sample,south,28.8,2.3
shed_only,2025-12-19 21,sample,west,2002.8,-16.5
shed_only,2025-12-22 04,sample,houston,30.0,22.8
shed_only,2025-12-22 04,sample,north,17.7,22.7
shed_only,2025-12-22 04,sample,south,38.0,23.0
shed_only,2025-12-22 04,sample,west,2257.2,23.1
shed_only,2025-12-26 08,sample,houston,27.5,11.9
shed_only,2025-12-26 08,sample,north,8.9,11.3
shed_only,2025-12-26 08,sample,south,33.1,12.4
shed_only,2025-12-26 08,sample,west,2144.3,19.7
shed_only,2025-12-27 21,sample,houston,27.1,1.2
shed_only,2025-12-27 21,sample,north,18.3,0.6
shed_only,2025-12-27 21,sample,south,30.7,-2.5
shed_only,2025-12-27 21,sample,west,1283.1,-1.8
shed_only,2025-12-29 13,sample,houston,40.3,33.3
shed_only,2025-12-29 13,sample,north,22.6,36.6
shed_only,2025-12-29 13,sample,south,32.3,25.8
shed_only,2025-12-29 13,sample,west,2116.1,41.6
shed_only,2026-02-19 21,sample,houston,28.4,
shed_only,2026-02-19 21,sample,north,25.8,
shed_only,2026-02-19 21,sample,south,29.2,
shed_only,2026-02-19 21,sample,west,680.8,
shed_only,2026-02-23 20,sample,houston,27.0,-2.0
shed_only,2026-02-23 20,sample,north,12.1,-2.0
shed_only,2026-02-23 20,sample,south,31.3,-2.0
shed_only,2026-02-23 20,sample,west,1165.4,-2.0
shed_only,2026-02-25 15,sample,houston,27.4,11.5
shed_only,2026-02-25 15,sample,north,22.7,10.6
shed_only,2026-02-25 15,sample,south,29.1,3.4
shed_only,2026-02-25 15,sample,west,668.6,9.5
shed_only,2026-02-27 21,sample,houston,29.3,21.9
shed_only,2026-02-27 21,sample,north,24.5,-1.1
shed_only,2026-02-27 21,sample,south,28.9,13.3
shed_only,2026-02-27 21,sample,west,668.7,0.9
shed_only,2026-03-02 06,sample,houston,27.8,25.7
shed_only,2026-03-02 06,sample,north,17.1,25.9
shed_only,2026-03-02 06,sample,south,31.8,25.6
shed_only,2026-03-02 06,sample,west,1814.8,26.0
shed_only,2026-03-05 06,sample,houston,30.5,20.6
shed_only,2026-03-05 06,sample,north,17.1,21.0
shed_only,2026-03-05 06,sample,south,32.7,18.2
shed_only,2026-03-05 06,sample,west,1841.0,21.4
shed_only,2026-03-07 21,sample,houston,28.5,42.5
shed_only,2026-03-07 21,sample,north,28.1,34.8
shed_only,2026-03-07 21,sample,south,28.6,23.1
shed_only,2026-03-07 21,sample,west,493.9,32.5
shed_only,2026-03-10 08,sample,houston,27.9,24.5
shed_only,2026-03-10 08,sample,north,17.2,23.7
shed_only,2026-03-10 08,sample,south,31.8,23.7
shed_only,2026-03-10 08,sample,west,1811.3,24.6
shed_only,2026-03-11 20,sample,houston,27.6,23.1
shed_only,2026-03-11 20,sample,north,17.3,20.1
shed_only,2026-03-11 20,sample,south,31.8,13.0
shed_only,2026-03-11 20,sample,west,1228.8,-25.9
shed_only,2026-03-18 06,sample,houston,28.2,27.1
shed_only,2026-03-18 06,sample,north,22.0,12.2
shed_only,2026-03-18 06,sample,south,30.1,30.6
shed_only,2026-03-18 06,sample,west,1722.2,-4.2
shed_only,2026-03-19 08,sample,houston,27.5,16.5
shed_only,2026-03-19 08,sample,north,14.0,8.4
shed_only,2026-03-19 08,sample,south,32.5,18.2
shed_only,2026-03-19 08,sample,west,1843.0,1.0
shed_only,2026-03-23 06,sample,houston,28.3,23.9
shed_only,2026-03-23 06,sample,north,22.2,23.7
shed_only,2026-03-23 06,sample,south,30.2,23.9
shed_only,2026-03-23 06,sample,west,1734.8,23.5
shed_only,2026-03-24 06,sample,houston,38.2,51.9
shed_only,2026-03-24 06,sample,north,23.8,51.9
shed_only,2026-03-24 06,sample,south,45.4,51.9
shed_only,2026-03-24 06,sample,west,1131.6,52.2
shed_only,2026-03-27 13,sample,houston,28.3,16.4
shed_only,2026-03-27 13,sample,north,23.1,17.9
shed_only,2026-03-27 13,sample,south,29.9,13.5
shed_only,2026-03-27 13,sample,west,1705.6,-3.7
shed_only,2026-03-30 00,sample,houston,31.1,30.9
shed_only,2026-03-30 00,sample,north,25.3,20.5
shed_only,2026-03-30 00,sample,south,32.4,29.6
shed_only,2026-03-30 00,sample,west,1696.8,2.0
shed_only,2026-04-02 13,sample,houston,33.4,23.9
shed_only,2026-04-02 13,sample,north,18.7,24.1
shed_only,2026-04-02 13,sample,south,37.2,20.7
shed_only,2026-04-02 13,sample,west,1137.4,28.2
shed_only,2026-04-03 15,sample,houston,27.9,16.0
shed_only,2026-04-03 15,sample,north,19.3,16.3
shed_only,2026-04-03 15,sample,south,31.5,14.5
shed_only,2026-04-03 15,sample,west,1226.4,-1.7
shed_only,2026-04-08 15,sample,houston,27.4,16.0
shed_only,2026-04-08 15,sample,north,19.6,-1.8
shed_only,2026-04-08 15,sample,south,30.3,19.1
shed_only,2026-04-08 15,sample,west,955.1,-1.8
shed_only,2026-04-14 20,sample,houston,29.1,17.3
shed_only,2026-04-14 20,sample,north,19.7,14.3
shed_only,2026-04-14 20,sample,south,29.8,14.4
shed_only,2026-04-14 20,sample,west,1822.1,-18.9
shed_only,2026-04-17 08,sample,houston,28.0,21.4
shed_only,2026-04-17 08,sample,north,17.6,10.4
shed_only,2026-04-17 08,sample,south,31.9,12.9
shed_only,2026-04-17 08,sample,west,1728.0,2.2
shed_only,2026-04-19 19,sample,houston,27.6,7.8
shed_only,2026-04-19 19,sample,north,19.5,-6.8
shed_only,2026-04-19 19,sample,south,31.3,36.0
shed_only,2026-04-19 19,sample,west,892.5,-3.1
shed_only,2026-04-20 19,sample,houston,33.1,50.7
shed_only,2026-04-20 19,sample,north,16.8,27.8
shed_only,2026-04-20 19,sample,south,39.3,87.9
shed_only,2026-04-20 19,sample,west,1126.6,42.9
shed_only,2026-04-24 13,sample,houston,35.9,26.9
shed_only,2026-04-24 13,sample,north,23.4,18.1
shed_only,2026-04-24 13,sample,south,40.9,29.9
shed_only,2026-04-24 13,sample,west,1167.2,19.8
backbone_only,2025-01-02 01,sample,houston,28.0,84.4
backbone_only,2025-01-02 01,sample,north,29.7,86.4
backbone_only,2025-01-02 01,sample,south,38.4,82.7
backbone_only,2025-01-02 01,sample,west,996.3,88.9
backbone_only,2025-01-04 20,sample,houston,28.1,-16.2
backbone_only,2025-01-04 20,sample,north,20.9,-16.1
backbone_only,2025-01-04 20,sample,south,29.8,-16.8
backbone_only,2025-01-04 20,sample,west,972.7,-12.6
backbone_only,2025-01-05 00,sample,houston,28.1,2.8
backbone_only,2025-01-05 00,sample,north,20.4,3.0
backbone_only,2025-01-05 00,sample,south,31.5,1.9
backbone_only,2025-01-05 00,sample,west,777.3,5.4
backbone_only,2025-01-08 15,sample,houston,78.4,31.5
backbone_only,2025-01-08 15,sample,north,80.9,32.5
backbone_only,2025-01-08 15,sample,south,59.6,28.5
backbone_only,2025-01-08 15,sample,west,1027.5,33.3
backbone_only,2025-01-18 13,sample,houston,29.5,25.4
backbone_only,2025-01-18 13,sample,north,23.2,24.5
backbone_only,2025-01-18 13,sample,south,42.6,26.3
backbone_only,2025-01-18 13,sample,west,1121.1,26.3
backbone_only,2025-01-21 06,sample,houston,74.8,32.6
backbone_only,2025-01-21 06,sample,north,35.7,33.5
backbone_only,2025-01-21 06,sample,south,52.5,30.1
backbone_only,2025-01-21 06,sample,west,1041.0,33.7
backbone_only,2025-01-22 20,sample,houston,29.1,-0.7
backbone_only,2025-01-22 20,sample,north,25.7,-0.7
backbone_only,2025-01-22 20,sample,south,28.5,-0.7
backbone_only,2025-01-22 20,sample,west,541.1,-0.7
backbone_only,2025-01-26 13,sample,houston,28.1,26.5
backbone_only,2025-01-26 13,sample,north,26.1,25.7
backbone_only,2025-01-26 13,sample,south,33.8,27.4
backbone_only,2025-01-26 13,sample,west,1089.5,26.3
backbone_only,2025-01-30 13,sample,houston,28.3,24.5
backbone_only,2025-01-30 13,sample,north,25.5,23.7
backbone_only,2025-01-30 13,sample,south,33.0,25.3
backbone_only,2025-01-30 13,sample,west,1135.8,22.4
backbone_only,2025-02-01 07,sample,houston,28.1,28.2
backbone_only,2025-02-01 07,sample,north,29.8,23.8
backbone_only,2025-02-01 07,sample,south,36.1,32.6
backbone_only,2025-02-01 07,sample,west,1024.1,45.8
backbone_only,2025-02-05 00,sample,houston,28.5,83.9
backbone_only,2025-02-05 00,sample,north,26.4,83.9
backbone_only,2025-02-05 00,sample,south,35.6,83.9
backbone_only,2025-02-05 00,sample,west,783.6,83.9
backbone_only,2025-02-06 20,sample,houston,28.7,18.5
backbone_only,2025-02-06 20,sample,north,21.0,18.6
backbone_only,2025-02-06 20,sample,south,29.2,18.4
backbone_only,2025-02-06 20,sample,west,675.7,19.1
backbone_only,2025-02-09 06,sample,houston,27.7,20.5
backbone_only,2025-02-09 06,sample,north,19.3,20.5
backbone_only,2025-02-09 06,sample,south,44.2,20.5
backbone_only,2025-02-09 06,sample,west,1160.4,20.5
backbone_only,2025-02-14 19,sample,houston,28.7,20.3
backbone_only,2025-02-14 19,sample,north,24.0,19.6
backbone_only,2025-02-14 19,sample,south,28.5,20.8
backbone_only,2025-02-14 19,sample,west,560.7,-0.2
backbone_only,2025-02-15 13,sample,houston,27.8,29.2
backbone_only,2025-02-15 13,sample,north,22.3,29.1
backbone_only,2025-02-15 13,sample,south,44.3,26.7
backbone_only,2025-02-15 13,sample,west,1114.2,29.1
backbone_only,2025-02-23 06,sample,houston,29.2,37.3
backbone_only,2025-02-23 06,sample,north,23.7,38.6
backbone_only,2025-02-23 06,sample,south,49.2,37.6
backbone_only,2025-02-23 06,sample,west,1083.9,43.6
backbone_only,2025-02-26 15,sample,houston,27.5,0.2
backbone_only,2025-02-26 15,sample,north,17.8,-0.8
backbone_only,2025-02-26 15,sample,south,29.3,-1.3
backbone_only,2025-02-26 15,sample,west,696.1,-1.1
backbone_only,2025-03-03 06,sample,houston,28.3,29.9
backbone_only,2025-03-03 06,sample,north,25.7,26.6
backbone_only,2025-03-03 06,sample,south,34.9,31.3
backbone_only,2025-03-03 06,sample,west,789.1,36.0
backbone_only,2025-03-04 13,sample,houston,28.0,27.4
backbone_only,2025-03-04 13,sample,north,17.1,19.1
backbone_only,2025-03-04 13,sample,south,38.7,31.1
backbone_only,2025-03-04 13,sample,west,1059.5,-2.8
backbone_only,2025-03-10 09,sample,houston,28.1,35.3
backbone_only,2025-03-10 09,sample,north,25.1,28.0
backbone_only,2025-03-10 09,sample,south,48.0,40.9
backbone_only,2025-03-10 09,sample,west,909.6,50.5
backbone_only,2025-03-12 21,sample,houston,28.3,35.4
backbone_only,2025-03-12 21,sample,north,22.3,26.6
backbone_only,2025-03-12 21,sample,south,31.1,17.4
backbone_only,2025-03-12 21,sample,west,712.5,-8.4
backbone_only,2025-03-13 15,sample,houston,28.8,28.0
backbone_only,2025-03-13 15,sample,north,23.8,27.1
backbone_only,2025-03-13 15,sample,south,30.9,26.4
backbone_only,2025-03-13 15,sample,west,722.7,26.9
backbone_only,2025-03-15 06,sample,houston,28.5,67.6
backbone_only,2025-03-15 06,sample,north,24.9,69.6
backbone_only,2025-03-15 06,sample,south,35.4,62.6
backbone_only,2025-03-15 06,sample,west,754.1,64.8
backbone_only,2025-03-18 00,sample,houston,28.4,45.7
backbone_only,2025-03-18 00,sample,north,22.9,38.1
backbone_only,2025-03-18 00,sample,south,41.5,30.9
backbone_only,2025-03-18 00,sample,west,1109.9,-20.6
backbone_only,2025-03-20 15,sample,houston,28.8,15.6
backbone_only,2025-03-20 15,sample,north,23.4,15.4
backbone_only,2025-03-20 15,sample,south,28.2,13.3
backbone_only,2025-03-20 15,sample,west,712.0,15.3
backbone_only,2025-03-21 20,sample,houston,28.2,3.6
backbone_only,2025-03-21 20,sample,north,21.9,1.4
backbone_only,2025-03-21 20,sample,south,28.4,-2.4
backbone_only,2025-03-21 20,sample,west,712.9,0.8
backbone_only,2025-03-24 14,sample,houston,28.0,4.6
backbone_only,2025-03-24 14,sample,north,12.7,5.2
backbone_only,2025-03-24 14,sample,south,32.2,6.3
backbone_only,2025-03-24 14,sample,west,1121.7,5.7
backbone_only,2025-03-29 13,sample,houston,28.4,24.9
backbone_only,2025-03-29 13,sample,north,24.9,23.9
backbone_only,2025-03-29 13,sample,south,28.8,24.3
backbone_only,2025-03-29 13,sample,west,533.9,13.6
backbone_only,2025-04-03 05,sample,houston,28.2,27.9
backbone_only,2025-04-03 05,sample,north,21.9,25.9
backbone_only,2025-04-03 05,sample,south,48.4,26.8
backbone_only,2025-04-03 05,sample,west,1208.1,40.2
backbone_only,2025-04-06 21,sample,houston,28.6,0.6
backbone_only,2025-04-06 21,sample,north,27.6,1.7
backbone_only,2025-04-06 21,sample,south,28.3,-3.1
backbone_only,2025-04-06 21,sample,west,474.0,0.6
backbone_only,2025-04-07 13,sample,houston,28.8,24.3
backbone_only,2025-04-07 13,sample,north,26.7,25.4
backbone_only,2025-04-07 13,sample,south,35.5,23.5
backbone_only,2025-04-07 13,sample,west,758.9,25.4
backbone_only,2025-04-09 00,sample,houston,28.7,49.8
backbone_only,2025-04-09 00,sample,north,26.2,45.9
backbone_only,2025-04-09 00,sample,south,34.8,50.4
backbone_only,2025-04-09 00,sample,west,772.0,55.4
backbone_only,2025-04-12 08,sample,houston,27.7,17.3
backbone_only,2025-04-12 08,sample,north,16.5,18.2
backbone_only,2025-04-12 08,sample,south,39.5,16.6
backbone_only,2025-04-12 08,sample,west,1197.8,17.2
backbone_only,2025-04-21 08,sample,houston,28.5,20.6
backbone_only,2025-04-21 08,sample,north,25.0,17.3
backbone_only,2025-04-21 08,sample,south,36.8,23.5
backbone_only,2025-04-21 08,sample,west,867.7,31.4
backbone_only,2025-04-22 19,sample,houston,28.9,54.0
backbone_only,2025-04-22 19,sample,north,27.1,22.9
backbone_only,2025-04-22 19,sample,south,28.6,10.0
backbone_only,2025-04-22 19,sample,west,594.3,0.9
backbone_only,2025-04-26 15,sample,houston,28.4,15.3
backbone_only,2025-04-26 15,sample,north,18.3,10.8
backbone_only,2025-04-26 15,sample,south,36.9,10.4
backbone_only,2025-04-26 15,sample,west,1179.5,7.5
backbone_only,2025-04-27 13,sample,houston,28.2,20.9
backbone_only,2025-04-27 13,sample,north,21.9,20.6
backbone_only,2025-04-27 13,sample,south,31.3,20.7
backbone_only,2025-04-27 13,sample,west,692.0,20.4
backbone_only,2025-04-28 20,sample,houston,30.4,56.0
backbone_only,2025-04-28 20,sample,north,25.9,22.2
backbone_only,2025-04-28 20,sample,south,28.7,7.4
backbone_only,2025-04-28 20,sample,west,811.0,8.2
backbone_only,2025-04-30 13,sample,houston,29.3,25.0
backbone_only,2025-04-30 13,sample,north,27.3,25.2
backbone_only,2025-04-30 13,sample,south,30.8,21.8
backbone_only,2025-04-30 13,sample,west,741.6,25.4
backbone_only,2025-05-03 15,sample,houston,28.4,14.4
backbone_only,2025-05-03 15,sample,north,23.1,10.7
backbone_only,2025-05-03 15,sample,south,28.0,3.1
backbone_only,2025-05-03 15,sample,west,718.2,8.7
backbone_only,2025-05-07 13,sample,houston,28.8,18.8
backbone_only,2025-05-07 13,sample,north,27.1,18.6
backbone_only,2025-05-07 13,sample,south,29.8,19.0
backbone_only,2025-05-07 13,sample,west,740.6,18.7
backbone_only,2025-05-09 12,sample,houston,28.2,22.4
backbone_only,2025-05-09 12,sample,north,23.3,22.6
backbone_only,2025-05-09 12,sample,south,45.5,19.9
backbone_only,2025-05-09 12,sample,west,1104.8,23.6
backbone_only,2025-05-11 20,sample,houston,28.7,18.1
backbone_only,2025-05-11 20,sample,north,21.6,21.3
backbone_only,2025-05-11 20,sample,south,28.8,12.9
backbone_only,2025-05-11 20,sample,west,664.5,17.5
backbone_only,2025-05-13 21,sample,houston,29.3,45.8
backbone_only,2025-05-13 21,sample,north,27.2,14.0
backbone_only,2025-05-13 21,sample,south,28.6,26.3
backbone_only,2025-05-13 21,sample,west,493.4,7.6
backbone_only,2025-05-19 13,sample,houston,28.6,21.9
backbone_only,2025-05-19 13,sample,north,27.4,21.2
backbone_only,2025-05-19 13,sample,south,28.8,15.7
backbone_only,2025-05-19 13,sample,west,458.0,21.2
backbone_only,2025-05-21 19,sample,houston,29.1,27.0
backbone_only,2025-05-21 19,sample,north,25.6,11.6
backbone_only,2025-05-21 19,sample,south,30.2,27.0
backbone_only,2025-05-21 19,sample,west,462.4,9.5
backbone_only,2025-05-23 15,sample,houston,28.8,32.0
backbone_only,2025-05-23 15,sample,north,26.4,18.9
backbone_only,2025-05-23 15,sample,south,28.9,24.0
backbone_only,2025-05-23 15,sample,west,502.8,4.9
backbone_only,2025-05-26 21,sample,houston,29.0,22.1
backbone_only,2025-05-26 21,sample,north,28.2,22.3
backbone_only,2025-05-26 21,sample,south,28.9,19.0
backbone_only,2025-05-26 21,sample,west,511.8,22.3
backbone_only,2025-05-30 20,sample,houston,30.9,27.6
backbone_only,2025-05-30 20,sample,north,27.4,27.6
backbone_only,2025-05-30 20,sample,south,33.5,27.6
backbone_only,2025-05-30 20,sample,west,685.0,27.6
backbone_only,2025-05-31 20,sample,houston,29.6,30.0
backbone_only,2025-05-31 20,sample,north,26.9,26.7
backbone_only,2025-05-31 20,sample,south,66.6,34.2
backbone_only,2025-05-31 20,sample,west,679.3,27.8
backbone_only,2025-06-02 00,sample,houston,35.8,58.5
backbone_only,2025-06-02 00,sample,north,28.5,60.0
backbone_only,2025-06-02 00,sample,south,47.2,55.1
backbone_only,2025-06-02 00,sample,west,729.5,60.6
backbone_only,2025-06-03 21,sample,houston,29.0,28.5
backbone_only,2025-06-03 21,sample,north,27.4,19.8
backbone_only,2025-06-03 21,sample,south,29.8,19.5
backbone_only,2025-06-03 21,sample,west,458.1,17.0
backbone_only,2025-06-04 06,sample,houston,28.7,21.3
backbone_only,2025-06-04 06,sample,north,22.7,19.4
backbone_only,2025-06-04 06,sample,south,43.0,23.1
backbone_only,2025-06-04 06,sample,west,1104.3,30.9
backbone_only,2025-06-05 06,sample,houston,27.9,24.6
backbone_only,2025-06-05 06,sample,north,17.8,24.9
backbone_only,2025-06-05 06,sample,south,67.5,23.6
backbone_only,2025-06-05 06,sample,west,1420.5,25.1
backbone_only,2025-06-06 06,sample,houston,30.0,24.2
backbone_only,2025-06-06 06,sample,north,23.5,23.3
backbone_only,2025-06-06 06,sample,south,43.1,25.2
backbone_only,2025-06-06 06,sample,west,1070.1,30.4
backbone_only,2025-06-08 20,sample,houston,28.9,38.0
backbone_only,2025-06-08 20,sample,north,27.7,19.6
backbone_only,2025-06-08 20,sample,south,29.3,16.8
backbone_only,2025-06-08 20,sample,west,404.2,5.8
backbone_only,2025-06-16 20,sample,houston,32.5,25.8
backbone_only,2025-06-16 20,sample,north,54.8,22.8
backbone_only,2025-06-16 20,sample,south,31.6,29.0
backbone_only,2025-06-16 20,sample,west,663.9,24.5
backbone_only,2025-06-17 20,sample,houston,29.8,55.9
backbone_only,2025-06-17 20,sample,north,30.8,18.8
backbone_only,2025-06-17 20,sample,south,28.6,13.1
backbone_only,2025-06-17 20,sample,west,414.6,-3.7
backbone_only,2025-06-21 19,sample,houston,30.2,24.8
backbone_only,2025-06-21 19,sample,north,25.4,21.5
backbone_only,2025-06-21 19,sample,south,28.7,12.0
backbone_only,2025-06-21 19,sample,west,472.1,-4.5
backbone_only,2025-06-25 15,sample,houston,29.5,19.5
backbone_only,2025-06-25 15,sample,north,25.7,17.8
backbone_only,2025-06-25 15,sample,south,28.0,20.6
backbone_only,2025-06-25 15,sample,west,828.4,17.4
backbone_only,2025-06-29 15,sample,houston,29.4,19.0
backbone_only,2025-06-29 15,sample,north,25.1,18.6
backbone_only,2025-06-29 15,sample,south,28.1,18.3
backbone_only,2025-06-29 15,sample,west,817.3,18.6
backbone_only,2025-07-01 19,sample,houston,35.8,87.5
backbone_only,2025-07-01 19,sample,north,42.3,64.8
backbone_only,2025-07-01 19,sample,south,45.4,38.2
backbone_only,2025-07-01 19,sample,west,736.6,59.6
backbone_only,2025-07-06 13,sample,houston,28.5,22.5
backbone_only,2025-07-06 13,sample,north,26.1,22.6
backbone_only,2025-07-06 13,sample,south,34.0,22.5
backbone_only,2025-07-06 13,sample,west,1096.3,22.8
backbone_only,2025-07-09 19,sample,houston,31.1,39.9
backbone_only,2025-07-09 19,sample,north,39.7,41.2
backbone_only,2025-07-09 19,sample,south,29.3,38.0
backbone_only,2025-07-09 19,sample,west,779.4,42.4
backbone_only,2025-07-10 06,sample,houston,28.1,23.7
backbone_only,2025-07-10 06,sample,north,22.6,23.3
backbone_only,2025-07-10 06,sample,south,44.4,23.1
backbone_only,2025-07-10 06,sample,west,1166.8,29.0
backbone_only,2025-07-14 15,sample,houston,29.0,21.4
backbone_only,2025-07-14 15,sample,north,27.3,21.5
backbone_only,2025-07-14 15,sample,south,30.5,21.0
backbone_only,2025-07-14 15,sample,west,871.5,21.6
backbone_only,2025-07-15 10,sample,houston,27.2,23.2
backbone_only,2025-07-15 10,sample,north,4.9,22.2
backbone_only,2025-07-15 10,sample,south,109.4,24.2
backbone_only,2025-07-15 10,sample,west,2077.4,27.8
backbone_only,2025-07-17 21,sample,houston,33.2,22.9
backbone_only,2025-07-17 21,sample,north,113.6,22.2
backbone_only,2025-07-17 21,sample,south,28.8,26.1
backbone_only,2025-07-17 21,sample,west,410.6,9.0
backbone_only,2025-07-23 06,sample,houston,29.6,22.8
backbone_only,2025-07-23 06,sample,north,23.2,22.6
backbone_only,2025-07-23 06,sample,south,43.8,23.0
backbone_only,2025-07-23 06,sample,west,1082.2,23.6
backbone_only,2025-07-24 08,sample,houston,28.4,21.4
backbone_only,2025-07-24 08,sample,north,22.4,20.0
backbone_only,2025-07-24 08,sample,south,44.1,22.7
backbone_only,2025-07-24 08,sample,west,1103.9,19.4
backbone_only,2025-07-26 00,sample,houston,153.3,43.8
backbone_only,2025-07-26 00,sample,north,507.9,44.5
backbone_only,2025-07-26 00,sample,south,157.8,43.0
backbone_only,2025-07-26 00,sample,west,1080.7,44.7
backbone_only,2025-07-29 00,sample,houston,133.2,55.4
backbone_only,2025-07-29 00,sample,north,356.8,58.4
backbone_only,2025-07-29 00,sample,south,113.7,52.0
backbone_only,2025-07-29 00,sample,west,799.3,50.3
backbone_only,2025-08-02 15,sample,houston,29.3,27.3
backbone_only,2025-08-02 15,sample,north,25.4,27.3
backbone_only,2025-08-02 15,sample,south,32.5,27.3
backbone_only,2025-08-02 15,sample,west,1221.6,27.3
backbone_only,2025-08-03 13,sample,houston,28.6,15.0
backbone_only,2025-08-03 13,sample,north,26.5,15.0
backbone_only,2025-08-03 13,sample,south,30.4,15.0
backbone_only,2025-08-03 13,sample,west,883.3,15.0
backbone_only,2025-08-08 08,sample,houston,29.4,19.5
backbone_only,2025-08-08 08,sample,north,22.9,17.9
backbone_only,2025-08-08 08,sample,south,42.3,21.0
backbone_only,2025-08-08 08,sample,west,1090.4,26.1
backbone_only,2025-08-10 21,sample,houston,73.6,53.1
backbone_only,2025-08-10 21,sample,north,291.1,35.6
backbone_only,2025-08-10 21,sample,south,63.6,81.1
backbone_only,2025-08-10 21,sample,west,907.3,46.5
backbone_only,2025-08-12 21,sample,houston,155.6,45.9
backbone_only,2025-08-12 21,sample,north,292.7,39.0
backbone_only,2025-08-12 21,sample,south,100.2,70.7
backbone_only,2025-08-12 21,sample,west,765.8,50.4
backbone_only,2025-08-19 14,sample,houston,32.2,35.6
backbone_only,2025-08-19 14,sample,north,26.4,35.6
backbone_only,2025-08-19 14,sample,south,45.0,35.6
backbone_only,2025-08-19 14,sample,west,1182.0,35.6
backbone_only,2025-08-25 20,sample,houston,133.7,31.5
backbone_only,2025-08-25 20,sample,north,313.7,29.4
backbone_only,2025-08-25 20,sample,south,94.9,26.9
backbone_only,2025-08-25 20,sample,west,950.1,29.2
backbone_only,2025-08-27 13,sample,houston,30.0,27.3
backbone_only,2025-08-27 13,sample,north,25.3,27.5
backbone_only,2025-08-27 13,sample,south,49.7,27.1
backbone_only,2025-08-27 13,sample,west,1072.0,27.7
backbone_only,2025-08-29 06,sample,houston,27.9,28.9
backbone_only,2025-08-29 06,sample,north,19.7,29.3
backbone_only,2025-08-29 06,sample,south,69.4,26.3
backbone_only,2025-08-29 06,sample,west,1416.9,37.6
backbone_only,2025-09-04 13,sample,houston,29.3,11.2
backbone_only,2025-09-04 13,sample,north,21.2,11.2
backbone_only,2025-09-04 13,sample,south,37.4,11.2
backbone_only,2025-09-04 13,sample,west,1192.0,11.3
backbone_only,2025-09-08 06,sample,houston,27.4,20.9
backbone_only,2025-09-08 06,sample,north,11.0,18.2
backbone_only,2025-09-08 06,sample,south,67.8,23.6
backbone_only,2025-09-08 06,sample,west,1541.8,32.7
backbone_only,2025-09-10 06,sample,houston,28.1,18.0
backbone_only,2025-09-10 06,sample,north,17.4,17.8
backbone_only,2025-09-10 06,sample,south,42.1,18.2
backbone_only,2025-09-10 06,sample,west,1097.6,17.6
backbone_only,2025-09-12 13,sample,houston,29.3,17.9
backbone_only,2025-09-12 13,sample,north,24.0,17.9
backbone_only,2025-09-12 13,sample,south,31.7,17.9
backbone_only,2025-09-12 13,sample,west,716.2,17.9
backbone_only,2025-09-13 19,sample,houston,30.3,37.5
backbone_only,2025-09-13 19,sample,north,23.4,40.4
backbone_only,2025-09-13 19,sample,south,32.2,20.2
backbone_only,2025-09-13 19,sample,west,914.1,34.2
backbone_only,2025-09-15 00,sample,houston,99.0,40.5
backbone_only,2025-09-15 00,sample,north,71.4,41.1
backbone_only,2025-09-15 00,sample,south,131.2,38.5
backbone_only,2025-09-15 00,sample,west,1341.3,41.5
backbone_only,2025-09-17 06,sample,houston,28.3,21.5
backbone_only,2025-09-17 06,sample,north,22.4,21.2
backbone_only,2025-09-17 06,sample,south,44.6,24.1
backbone_only,2025-09-17 06,sample,west,1111.3,29.5
backbone_only,2025-09-21 13,sample,houston,28.2,13.5
backbone_only,2025-09-21 13,sample,north,20.9,13.4
backbone_only,2025-09-21 13,sample,south,35.6,13.5
backbone_only,2025-09-21 13,sample,west,1118.5,15.0
backbone_only,2025-09-22 01,sample,houston,82.6,40.0
backbone_only,2025-09-22 01,sample,north,43.2,40.1
backbone_only,2025-09-22 01,sample,south,220.5,39.5
backbone_only,2025-09-22 01,sample,west,2089.6,47.9
backbone_only,2025-09-23 13,sample,houston,29.6,20.6
backbone_only,2025-09-23 13,sample,north,23.2,20.6
backbone_only,2025-09-23 13,sample,south,37.6,-44.1
backbone_only,2025-09-23 13,sample,west,1184.8,21.0
backbone_only,2025-09-24 02,sample,houston,120.0,63.2
backbone_only,2025-09-24 02,sample,north,103.7,66.1
backbone_only,2025-09-24 02,sample,south,112.6,53.6
backbone_only,2025-09-24 02,sample,west,1155.1,85.1
backbone_only,2025-10-04 20,sample,houston,29.8,42.9
backbone_only,2025-10-04 20,sample,north,24.2,14.9
backbone_only,2025-10-04 20,sample,south,29.5,28.4
backbone_only,2025-10-04 20,sample,west,510.4,10.5
backbone_only,2025-10-08 20,sample,houston,36.7,56.8
backbone_only,2025-10-08 20,sample,north,30.0,38.5
backbone_only,2025-10-08 20,sample,south,44.3,66.2
backbone_only,2025-10-08 20,sample,west,755.6,49.1
backbone_only,2025-10-10 06,sample,houston,27.5,25.1
backbone_only,2025-10-10 06,sample,north,5.6,23.0
backbone_only,2025-10-10 06,sample,south,92.2,27.7
backbone_only,2025-10-10 06,sample,west,1890.7,32.2
backbone_only,2025-10-12 21,sample,houston,31.9,35.1
backbone_only,2025-10-12 21,sample,north,23.6,35.5
backbone_only,2025-10-12 21,sample,south,51.5,43.7
backbone_only,2025-10-12 21,sample,west,1104.7,43.3
backbone_only,2025-10-17 19,sample,houston,30.2,32.3
backbone_only,2025-10-17 19,sample,north,28.7,30.3
backbone_only,2025-10-17 19,sample,south,29.4,32.3
backbone_only,2025-10-17 19,sample,west,857.9,32.0
backbone_only,2025-10-18 13,sample,houston,28.2,24.4
backbone_only,2025-10-18 13,sample,north,22.3,20.9
backbone_only,2025-10-18 13,sample,south,44.9,26.8
backbone_only,2025-10-18 13,sample,west,1102.7,33.2
backbone_only,2025-10-23 20,sample,houston,33.3,50.9
backbone_only,2025-10-23 20,sample,north,26.4,49.2
backbone_only,2025-10-23 20,sample,south,35.7,47.6
backbone_only,2025-10-23 20,sample,west,697.0,50.0
backbone_only,2025-10-29 13,sample,houston,28.3,5.5
backbone_only,2025-10-29 13,sample,north,23.1,1.9
backbone_only,2025-10-29 13,sample,south,30.9,8.1
backbone_only,2025-10-29 13,sample,west,676.7,11.6
backbone_only,2025-10-30 14,sample,houston,29.1,15.3
backbone_only,2025-10-30 14,sample,north,24.4,15.5
backbone_only,2025-10-30 14,sample,south,31.1,15.2
backbone_only,2025-10-30 14,sample,west,808.7,15.6
backbone_only,2025-11-02 13,sample,houston,25.9,19.3
backbone_only,2025-11-02 13,sample,north,-4.8,18.8
backbone_only,2025-11-02 13,sample,south,93.0,19.8
backbone_only,2025-11-02 13,sample,west,1910.7,19.2
backbone_only,2025-11-13 21,sample,houston,29.5,19.9
backbone_only,2025-11-13 21,sample,north,26.4,21.5
backbone_only,2025-11-13 21,sample,south,27.6,16.4
backbone_only,2025-11-13 21,sample,west,874.6,6.3
backbone_only,2025-11-14 19,sample,houston,29.7,20.9
backbone_only,2025-11-14 19,sample,north,24.9,20.9
backbone_only,2025-11-14 19,sample,south,28.0,20.9
backbone_only,2025-11-14 19,sample,west,888.0,20.9
backbone_only,2025-11-15 06,sample,houston,28.3,20.7
backbone_only,2025-11-15 06,sample,north,22.3,24.3
backbone_only,2025-11-15 06,sample,south,41.3,18.1
backbone_only,2025-11-15 06,sample,west,1140.2,0.9
backbone_only,2025-11-21 08,sample,houston,27.2,23.1
backbone_only,2025-11-21 08,sample,north,3.7,21.8
backbone_only,2025-11-21 08,sample,south,87.7,24.3
backbone_only,2025-11-21 08,sample,west,2036.3,26.6
backbone_only,2025-11-22 21,sample,houston,29.2,43.6
backbone_only,2025-11-22 21,sample,north,23.2,24.4
backbone_only,2025-11-22 21,sample,south,31.0,76.3
backbone_only,2025-11-22 21,sample,west,735.9,31.0
backbone_only,2025-11-24 13,sample,houston,28.3,60.0
backbone_only,2025-11-24 13,sample,north,23.0,61.2
backbone_only,2025-11-24 13,sample,south,45.4,53.9
backbone_only,2025-11-24 13,sample,west,1142.6,61.9
backbone_only,2025-11-26 15,sample,houston,28.1,12.7
backbone_only,2025-11-26 15,sample,north,15.0,25.4
backbone_only,2025-11-26 15,sample,south,38.0,8.4
backbone_only,2025-11-26 15,sample,west,1453.6,22.6
backbone_only,2025-11-27 20,sample,houston,28.3,22.1
backbone_only,2025-11-27 20,sample,north,16.4,21.7
backbone_only,2025-11-27 20,sample,south,29.6,29.9
backbone_only,2025-11-27 20,sample,west,1046.7,23.1
backbone_only,2025-11-28 13,sample,houston,27.7,19.4
backbone_only,2025-11-28 13,sample,north,17.6,22.3
backbone_only,2025-11-28 13,sample,south,41.8,17.7
backbone_only,2025-11-28 13,sample,west,1150.2,10.2
backbone_only,2025-12-01 20,sample,houston,32.7,42.7
backbone_only,2025-12-01 20,sample,north,30.5,50.3
backbone_only,2025-12-01 20,sample,south,29.5,61.0
backbone_only,2025-12-01 20,sample,west,514.0,52.7
backbone_only,2025-12-02 20,sample,houston,29.1,-1.7
backbone_only,2025-12-02 20,sample,north,24.7,-10.2
backbone_only,2025-12-02 20,sample,south,27.3,12.1
backbone_only,2025-12-02 20,sample,west,883.0,-8.3
backbone_only,2025-12-03 08,sample,houston,30.0,30.6
backbone_only,2025-12-03 08,sample,north,22.8,21.9
backbone_only,2025-12-03 08,sample,south,41.8,43.0
backbone_only,2025-12-03 08,sample,west,1091.8,21.4
backbone_only,2025-12-05 13,sample,houston,65.5,46.0
backbone_only,2025-12-05 13,sample,north,23.8,39.6
backbone_only,2025-12-05 13,sample,south,106.4,56.3
backbone_only,2025-12-05 13,sample,west,1536.4,53.2
backbone_only,2025-12-09 06,sample,houston,29.7,27.9
backbone_only,2025-12-09 06,sample,north,22.9,27.5
backbone_only,2025-12-09 06,sample,south,42.6,28.4
backbone_only,2025-12-09 06,sample,west,1121.4,30.5
backbone_only,2025-12-16 20,sample,houston,29.1,17.0
backbone_only,2025-12-16 20,sample,north,25.3,15.4
backbone_only,2025-12-16 20,sample,south,28.1,17.4
backbone_only,2025-12-16 20,sample,west,807.0,2.5
backbone_only,2025-12-19 21,sample,houston,27.9,0.2
backbone_only,2025-12-19 21,sample,north,16.2,2.6
backbone_only,2025-12-19 21,sample,south,28.0,2.3
backbone_only,2025-12-19 21,sample,west,1078.7,-16.5
backbone_only,2025-12-22 04,sample,houston,26.2,22.8
backbone_only,2025-12-22 04,sample,north,3.1,22.7
backbone_only,2025-12-22 04,sample,south,111.9,23.0
backbone_only,2025-12-22 04,sample,west,2328.7,23.1
backbone_only,2025-12-26 08,sample,houston,26.6,11.9
backbone_only,2025-12-26 08,sample,north,9.5,11.3
backbone_only,2025-12-26 08,sample,south,40.7,12.4
backbone_only,2025-12-26 08,sample,west,1188.9,19.7
backbone_only,2025-12-27 21,sample,houston,28.7,1.2
backbone_only,2025-12-27 21,sample,north,23.1,0.6
backbone_only,2025-12-27 21,sample,south,30.8,-2.5
backbone_only,2025-12-27 21,sample,west,740.5,-1.8
backbone_only,2025-12-29 13,sample,houston,27.1,33.3
backbone_only,2025-12-29 13,sample,north,24.9,36.6
backbone_only,2025-12-29 13,sample,south,44.2,25.8
backbone_only,2025-12-29 13,sample,west,1982.5,41.6
backbone_only,2026-02-19 21,sample,houston,28.2,
backbone_only,2026-02-19 21,sample,north,20.0,
backbone_only,2026-02-19 21,sample,south,29.7,
backbone_only,2026-02-19 21,sample,west,677.1,
backbone_only,2026-02-23 20,sample,houston,28.7,-2.0
backbone_only,2026-02-23 20,sample,north,18.2,-2.0
backbone_only,2026-02-23 20,sample,south,29.4,-2.0
backbone_only,2026-02-23 20,sample,west,671.5,-2.0
backbone_only,2026-02-25 15,sample,houston,28.2,11.5
backbone_only,2026-02-25 15,sample,north,25.6,10.6
backbone_only,2026-02-25 15,sample,south,28.8,3.4
backbone_only,2026-02-25 15,sample,west,487.8,9.5
backbone_only,2026-02-27 21,sample,houston,29.0,21.9
backbone_only,2026-02-27 21,sample,north,17.4,-1.1
backbone_only,2026-02-27 21,sample,south,30.3,13.3
backbone_only,2026-02-27 21,sample,west,569.6,0.9
backbone_only,2026-03-02 06,sample,houston,27.8,25.7
backbone_only,2026-03-02 06,sample,north,20.5,25.9
backbone_only,2026-03-02 06,sample,south,43.5,25.6
backbone_only,2026-03-02 06,sample,west,1116.0,26.0
backbone_only,2026-03-05 06,sample,houston,27.5,20.6
backbone_only,2026-03-05 06,sample,north,19.0,21.0
backbone_only,2026-03-05 06,sample,south,49.5,18.2
backbone_only,2026-03-05 06,sample,west,1191.6,21.4
backbone_only,2026-03-07 21,sample,houston,29.0,42.5
backbone_only,2026-03-07 21,sample,north,26.2,34.8
backbone_only,2026-03-07 21,sample,south,28.3,23.1
backbone_only,2026-03-07 21,sample,west,459.9,32.5
backbone_only,2026-03-10 08,sample,houston,27.8,24.5
backbone_only,2026-03-10 08,sample,north,17.8,23.7
backbone_only,2026-03-10 08,sample,south,41.8,23.7
backbone_only,2026-03-10 08,sample,west,1115.1,24.6
backbone_only,2026-03-11 20,sample,houston,28.3,23.1
backbone_only,2026-03-11 20,sample,north,22.9,20.1
backbone_only,2026-03-11 20,sample,south,30.9,13.0
backbone_only,2026-03-11 20,sample,west,678.8,-25.9
backbone_only,2026-03-18 06,sample,houston,28.2,27.1
backbone_only,2026-03-18 06,sample,north,21.1,12.2
backbone_only,2026-03-18 06,sample,south,36.7,30.6
backbone_only,2026-03-18 06,sample,west,936.2,-4.2
backbone_only,2026-03-19 08,sample,houston,27.3,16.5
backbone_only,2026-03-19 08,sample,north,12.9,8.4
backbone_only,2026-03-19 08,sample,south,40.2,18.2
backbone_only,2026-03-19 08,sample,west,1077.7,1.0
backbone_only,2026-03-23 06,sample,houston,28.2,23.9
backbone_only,2026-03-23 06,sample,north,20.3,23.7
backbone_only,2026-03-23 06,sample,south,42.3,23.9
backbone_only,2026-03-23 06,sample,west,1106.1,23.5
backbone_only,2026-03-24 06,sample,houston,28.3,51.9
backbone_only,2026-03-24 06,sample,north,28.0,51.9
backbone_only,2026-03-24 06,sample,south,42.5,51.9
backbone_only,2026-03-24 06,sample,west,697.0,52.2
backbone_only,2026-03-27 13,sample,houston,28.5,16.4
backbone_only,2026-03-27 13,sample,north,26.4,17.9
backbone_only,2026-03-27 13,sample,south,29.4,13.5
backbone_only,2026-03-27 13,sample,west,548.1,-3.7
backbone_only,2026-03-30 00,sample,houston,35.6,30.9
backbone_only,2026-03-30 00,sample,north,24.3,20.5
backbone_only,2026-03-30 00,sample,south,48.6,29.6
backbone_only,2026-03-30 00,sample,west,1074.7,2.0
backbone_only,2026-04-02 13,sample,houston,28.9,23.9
backbone_only,2026-04-02 13,sample,north,27.0,24.1
backbone_only,2026-04-02 13,sample,south,29.9,20.7
backbone_only,2026-04-02 13,sample,west,574.4,28.2
backbone_only,2026-04-03 15,sample,houston,28.3,16.0
backbone_only,2026-04-03 15,sample,north,23.9,16.3
backbone_only,2026-04-03 15,sample,south,29.5,14.5
backbone_only,2026-04-03 15,sample,west,664.9,-1.7
backbone_only,2026-04-08 15,sample,houston,28.2,16.0
backbone_only,2026-04-08 15,sample,north,24.0,-1.8
backbone_only,2026-04-08 15,sample,south,29.5,19.1
backbone_only,2026-04-08 15,sample,west,490.6,-1.8
backbone_only,2026-04-14 20,sample,houston,34.7,17.3
backbone_only,2026-04-14 20,sample,north,22.0,14.3
backbone_only,2026-04-14 20,sample,south,42.5,14.4
backbone_only,2026-04-14 20,sample,west,1129.3,-18.9
backbone_only,2026-04-17 08,sample,houston,28.3,21.4
backbone_only,2026-04-17 08,sample,north,22.3,10.4
backbone_only,2026-04-17 08,sample,south,33.8,12.9
backbone_only,2026-04-17 08,sample,west,763.8,2.2
backbone_only,2026-04-19 19,sample,houston,27.9,7.8
backbone_only,2026-04-19 19,sample,north,19.0,-6.8
backbone_only,2026-04-19 19,sample,south,30.1,36.0
backbone_only,2026-04-19 19,sample,west,660.3,-3.1
backbone_only,2026-04-20 19,sample,houston,28.2,50.7
backbone_only,2026-04-20 19,sample,north,19.7,27.8
backbone_only,2026-04-20 19,sample,south,30.4,87.9
backbone_only,2026-04-20 19,sample,west,640.8,42.9
backbone_only,2026-04-24 13,sample,houston,33.0,26.9
backbone_only,2026-04-24 13,sample,north,25.9,18.1
backbone_only,2026-04-24 13,sample,south,35.7,29.9
backbone_only,2026-04-24 13,sample,west,721.2,19.8
twopass_only,2025-01-02 01,sample,houston,29.7,84.4
twopass_only,2025-01-02 01,sample,north,25.7,86.4
twopass_only,2025-01-02 01,sample,south,37.6,82.7
twopass_only,2025-01-02 01,sample,west,924.8,88.9
twopass_only,2025-01-04 20,sample,houston,27.1,-16.2
twopass_only,2025-01-04 20,sample,north,11.6,-16.1
twopass_only,2025-01-04 20,sample,south,29.9,-16.8
twopass_only,2025-01-04 20,sample,west,2046.5,-12.6
twopass_only,2025-01-05 00,sample,houston,27.2,2.8
twopass_only,2025-01-05 00,sample,north,16.8,3.0
twopass_only,2025-01-05 00,sample,south,31.9,1.9
twopass_only,2025-01-05 00,sample,west,1168.6,5.4
twopass_only,2025-01-08 15,sample,houston,43.3,31.5
twopass_only,2025-01-08 15,sample,north,30.5,32.5
twopass_only,2025-01-08 15,sample,south,36.2,28.5
twopass_only,2025-01-08 15,sample,west,6939.9,33.3
twopass_only,2025-01-18 13,sample,houston,30.8,25.4
twopass_only,2025-01-18 13,sample,north,18.9,24.5
twopass_only,2025-01-18 13,sample,south,32.0,26.3
twopass_only,2025-01-18 13,sample,west,1462.1,26.3
twopass_only,2025-01-21 06,sample,houston,73.8,32.6
twopass_only,2025-01-21 06,sample,north,39.1,33.5
twopass_only,2025-01-21 06,sample,south,46.6,30.1
twopass_only,2025-01-21 06,sample,west,929.9,33.7
twopass_only,2025-01-22 20,sample,houston,30.4,-0.7
twopass_only,2025-01-22 20,sample,north,20.9,-0.7
twopass_only,2025-01-22 20,sample,south,32.2,-0.7
twopass_only,2025-01-22 20,sample,west,1164.1,-0.7
twopass_only,2025-01-26 13,sample,houston,29.7,26.5
twopass_only,2025-01-26 13,sample,north,25.3,25.7
twopass_only,2025-01-26 13,sample,south,30.2,27.4
twopass_only,2025-01-26 13,sample,west,982.4,26.3
twopass_only,2025-01-30 13,sample,houston,30.2,24.5
twopass_only,2025-01-30 13,sample,north,17.7,23.7
twopass_only,2025-01-30 13,sample,south,31.8,25.3
twopass_only,2025-01-30 13,sample,west,812.5,22.4
twopass_only,2025-02-01 07,sample,houston,30.8,28.2
twopass_only,2025-02-01 07,sample,north,19.8,23.8
twopass_only,2025-02-01 07,sample,south,35.3,32.6
twopass_only,2025-02-01 07,sample,west,617.3,45.8
twopass_only,2025-02-05 00,sample,houston,30.4,83.9
twopass_only,2025-02-05 00,sample,north,17.3,83.9
twopass_only,2025-02-05 00,sample,south,32.4,83.9
twopass_only,2025-02-05 00,sample,west,1304.8,83.9
twopass_only,2025-02-06 20,sample,houston,28.6,18.5
twopass_only,2025-02-06 20,sample,north,21.3,18.6
twopass_only,2025-02-06 20,sample,south,31.4,18.4
twopass_only,2025-02-06 20,sample,west,462.7,19.1
twopass_only,2025-02-09 06,sample,houston,28.0,20.5
twopass_only,2025-02-09 06,sample,north,18.3,20.5
twopass_only,2025-02-09 06,sample,south,31.7,20.5
twopass_only,2025-02-09 06,sample,west,951.3,20.5
twopass_only,2025-02-14 19,sample,houston,27.9,20.3
twopass_only,2025-02-14 19,sample,north,19.4,19.6
twopass_only,2025-02-14 19,sample,south,31.5,20.8
twopass_only,2025-02-14 19,sample,west,1008.1,-0.2
twopass_only,2025-02-15 13,sample,houston,30.1,29.2
twopass_only,2025-02-15 13,sample,north,20.3,29.1
twopass_only,2025-02-15 13,sample,south,31.2,26.7
twopass_only,2025-02-15 13,sample,west,2252.6,29.1
twopass_only,2025-02-23 06,sample,houston,35.5,37.3
twopass_only,2025-02-23 06,sample,north,27.7,38.6
twopass_only,2025-02-23 06,sample,south,42.0,37.6
twopass_only,2025-02-23 06,sample,west,1043.4,43.6
twopass_only,2025-02-26 15,sample,houston,26.0,0.2
twopass_only,2025-02-26 15,sample,north,13.3,-0.8
twopass_only,2025-02-26 15,sample,south,31.2,-1.3
twopass_only,2025-02-26 15,sample,west,632.1,-1.1
twopass_only,2025-03-03 06,sample,houston,27.9,29.9
twopass_only,2025-03-03 06,sample,north,17.3,26.6
twopass_only,2025-03-03 06,sample,south,32.2,31.3
twopass_only,2025-03-03 06,sample,west,796.6,36.0
twopass_only,2025-03-04 13,sample,houston,27.7,27.4
twopass_only,2025-03-04 13,sample,north,16.5,19.1
twopass_only,2025-03-04 13,sample,south,31.9,31.1
twopass_only,2025-03-04 13,sample,west,1244.0,-2.8
twopass_only,2025-03-10 09,sample,houston,38.7,35.3
twopass_only,2025-03-10 09,sample,north,26.9,28.0
twopass_only,2025-03-10 09,sample,south,46.4,40.9
twopass_only,2025-03-10 09,sample,west,817.3,50.5
twopass_only,2025-03-12 21,sample,houston,27.9,35.4
twopass_only,2025-03-12 21,sample,north,18.6,26.6
twopass_only,2025-03-12 21,sample,south,32.0,17.4
twopass_only,2025-03-12 21,sample,west,567.7,-8.4
twopass_only,2025-03-13 15,sample,houston,28.3,28.0
twopass_only,2025-03-13 15,sample,north,13.5,27.1
twopass_only,2025-03-13 15,sample,south,32.8,26.4
twopass_only,2025-03-13 15,sample,west,1299.1,26.9
twopass_only,2025-03-15 06,sample,houston,28.2,67.6
twopass_only,2025-03-15 06,sample,north,19.6,69.6
twopass_only,2025-03-15 06,sample,south,30.3,62.6
twopass_only,2025-03-15 06,sample,west,2686.0,64.8
twopass_only,2025-03-18 00,sample,houston,28.7,45.7
twopass_only,2025-03-18 00,sample,north,25.1,38.1
twopass_only,2025-03-18 00,sample,south,30.0,30.9
twopass_only,2025-03-18 00,sample,west,827.2,-20.6
twopass_only,2025-03-20 15,sample,houston,28.5,15.6
twopass_only,2025-03-20 15,sample,north,21.2,15.4
twopass_only,2025-03-20 15,sample,south,30.7,13.3
twopass_only,2025-03-20 15,sample,west,574.3,15.3
twopass_only,2025-03-21 20,sample,houston,27.7,3.6
twopass_only,2025-03-21 20,sample,north,23.3,1.4
twopass_only,2025-03-21 20,sample,south,29.4,-2.4
twopass_only,2025-03-21 20,sample,west,234.1,0.8
twopass_only,2025-03-24 14,sample,houston,28.8,4.6
twopass_only,2025-03-24 14,sample,north,18.9,5.2
twopass_only,2025-03-24 14,sample,south,29.3,6.3
twopass_only,2025-03-24 14,sample,west,1213.4,5.7
twopass_only,2025-03-29 13,sample,houston,27.9,24.9
twopass_only,2025-03-29 13,sample,north,16.3,23.9
twopass_only,2025-03-29 13,sample,south,32.3,24.3
twopass_only,2025-03-29 13,sample,west,934.9,13.6
twopass_only,2025-04-03 05,sample,houston,40.0,27.9
twopass_only,2025-04-03 05,sample,north,18.2,25.9
twopass_only,2025-04-03 05,sample,south,47.4,26.8
twopass_only,2025-04-03 05,sample,west,1751.2,40.2
twopass_only,2025-04-06 21,sample,houston,28.2,0.6
twopass_only,2025-04-06 21,sample,north,25.0,1.7
twopass_only,2025-04-06 21,sample,south,28.9,-3.1
twopass_only,2025-04-06 21,sample,west,303.8,0.6
twopass_only,2025-04-07 13,sample,houston,35.4,24.3
twopass_only,2025-04-07 13,sample,north,22.2,25.4
twopass_only,2025-04-07 13,sample,south,40.7,23.5
twopass_only,2025-04-07 13,sample,west,763.1,25.4
twopass_only,2025-04-09 00,sample,houston,32.7,49.8
twopass_only,2025-04-09 00,sample,north,22.5,45.9
twopass_only,2025-04-09 00,sample,south,35.9,50.4
twopass_only,2025-04-09 00,sample,west,952.1,55.4
twopass_only,2025-04-12 08,sample,houston,27.5,17.3
twopass_only,2025-04-12 08,sample,north,14.0,18.2
twopass_only,2025-04-12 08,sample,south,32.5,16.6
twopass_only,2025-04-12 08,sample,west,1644.8,17.2
twopass_only,2025-04-21 08,sample,houston,28.2,20.6
twopass_only,2025-04-21 08,sample,north,16.6,17.3
twopass_only,2025-04-21 08,sample,south,32.4,23.5
twopass_only,2025-04-21 08,sample,west,1347.2,31.4
twopass_only,2025-04-22 19,sample,houston,28.9,54.0
twopass_only,2025-04-22 19,sample,north,23.3,22.9
twopass_only,2025-04-22 19,sample,south,29.7,10.0
twopass_only,2025-04-22 19,sample,west,705.1,0.9
twopass_only,2025-04-26 15,sample,houston,27.6,15.3
twopass_only,2025-04-26 15,sample,north,11.4,10.8
twopass_only,2025-04-26 15,sample,south,32.6,10.4
twopass_only,2025-04-26 15,sample,west,1114.8,7.5
twopass_only,2025-04-27 13,sample,houston,28.0,20.9
twopass_only,2025-04-27 13,sample,north,18.5,20.6
twopass_only,2025-04-27 13,sample,south,31.7,20.7
twopass_only,2025-04-27 13,sample,west,976.4,20.4
twopass_only,2025-04-28 20,sample,houston,29.9,56.0
twopass_only,2025-04-28 20,sample,north,20.0,22.2
twopass_only,2025-04-28 20,sample,south,31.3,7.4
twopass_only,2025-04-28 20,sample,west,1808.3,8.2
twopass_only,2025-04-30 13,sample,houston,28.8,25.0
twopass_only,2025-04-30 13,sample,north,24.0,25.2
twopass_only,2025-04-30 13,sample,south,29.1,21.8
twopass_only,2025-04-30 13,sample,west,969.7,25.4
twopass_only,2025-05-03 15,sample,houston,27.9,14.4
twopass_only,2025-05-03 15,sample,north,20.5,10.7
twopass_only,2025-05-03 15,sample,south,29.5,3.1
twopass_only,2025-05-03 15,sample,west,698.3,8.7
twopass_only,2025-05-07 13,sample,houston,28.1,18.8
twopass_only,2025-05-07 13,sample,north,18.3,18.6
twopass_only,2025-05-07 13,sample,south,32.0,19.0
twopass_only,2025-05-07 13,sample,west,715.1,18.7
twopass_only,2025-05-09 12,sample,houston,29.2,22.4
twopass_only,2025-05-09 12,sample,north,20.0,22.6
twopass_only,2025-05-09 12,sample,south,31.7,19.9
twopass_only,2025-05-09 12,sample,west,714.5,23.6
twopass_only,2025-05-11 20,sample,houston,28.5,18.1
twopass_only,2025-05-11 20,sample,north,26.6,21.3
twopass_only,2025-05-11 20,sample,south,28.7,12.9
twopass_only,2025-05-11 20,sample,west,544.5,17.5
twopass_only,2025-05-13 21,sample,houston,29.8,45.8
twopass_only,2025-05-13 21,sample,north,24.6,14.0
twopass_only,2025-05-13 21,sample,south,32.5,26.3
twopass_only,2025-05-13 21,sample,west,1117.8,7.6
twopass_only,2025-05-19 13,sample,houston,28.4,21.9
twopass_only,2025-05-19 13,sample,north,24.2,21.2
twopass_only,2025-05-19 13,sample,south,29.7,15.7
twopass_only,2025-05-19 13,sample,west,631.9,21.2
twopass_only,2025-05-21 19,sample,houston,29.0,27.0
twopass_only,2025-05-21 19,sample,north,26.5,11.6
twopass_only,2025-05-21 19,sample,south,29.3,27.0
twopass_only,2025-05-21 19,sample,west,449.5,9.5
twopass_only,2025-05-23 15,sample,houston,29.1,32.0
twopass_only,2025-05-23 15,sample,north,19.2,18.9
twopass_only,2025-05-23 15,sample,south,31.8,24.0
twopass_only,2025-05-23 15,sample,west,1122.1,4.9
twopass_only,2025-05-26 21,sample,houston,28.9,22.1
twopass_only,2025-05-26 21,sample,north,28.3,22.3
twopass_only,2025-05-26 21,sample,south,28.9,19.0
twopass_only,2025-05-26 21,sample,west,490.8,22.3
twopass_only,2025-05-30 20,sample,houston,37.3,27.6
twopass_only,2025-05-30 20,sample,north,25.7,27.6
twopass_only,2025-05-30 20,sample,south,43.6,27.6
twopass_only,2025-05-30 20,sample,west,791.9,27.6
twopass_only,2025-05-31 20,sample,houston,29.9,30.0
twopass_only,2025-05-31 20,sample,north,27.2,26.7
twopass_only,2025-05-31 20,sample,south,99.0,34.2
twopass_only,2025-05-31 20,sample,west,445.4,27.8
twopass_only,2025-06-02 00,sample,houston,41.6,58.5
twopass_only,2025-06-02 00,sample,north,27.3,60.0
twopass_only,2025-06-02 00,sample,south,57.3,55.1
twopass_only,2025-06-02 00,sample,west,752.7,60.6
twopass_only,2025-06-03 21,sample,houston,29.1,28.5
twopass_only,2025-06-03 21,sample,north,27.2,19.8
twopass_only,2025-06-03 21,sample,south,29.3,19.5
twopass_only,2025-06-03 21,sample,west,400.0,17.0
twopass_only,2025-06-04 06,sample,houston,35.1,21.3
twopass_only,2025-06-04 06,sample,north,19.8,19.4
twopass_only,2025-06-04 06,sample,south,38.9,23.1
twopass_only,2025-06-04 06,sample,west,1910.1,30.9
twopass_only,2025-06-05 06,sample,houston,40.2,24.6
twopass_only,2025-06-05 06,sample,north,27.4,24.9
twopass_only,2025-06-05 06,sample,south,48.4,23.6
twopass_only,2025-06-05 06,sample,west,2003.8,25.1
twopass_only,2025-06-06 06,sample,houston,33.0,24.2
twopass_only,2025-06-06 06,sample,north,23.9,23.3
twopass_only,2025-06-06 06,sample,south,35.8,25.2
twopass_only,2025-06-06 06,sample,west,750.8,30.4
twopass_only,2025-06-08 20,sample,houston,29.5,38.0
twopass_only,2025-06-08 20,sample,north,31.0,19.6
twopass_only,2025-06-08 20,sample,south,30.2,16.8
twopass_only,2025-06-08 20,sample,west,246.9,5.8
twopass_only,2025-06-16 20,sample,houston,30.8,25.8
twopass_only,2025-06-16 20,sample,north,36.4,22.8
twopass_only,2025-06-16 20,sample,south,30.3,29.0
twopass_only,2025-06-16 20,sample,west,381.9,24.5
twopass_only,2025-06-17 20,sample,houston,30.0,55.9
twopass_only,2025-06-17 20,sample,north,30.6,18.8
twopass_only,2025-06-17 20,sample,south,29.9,13.1
twopass_only,2025-06-17 20,sample,west,539.4,-3.7
twopass_only,2025-06-21 19,sample,houston,30.3,24.8
twopass_only,2025-06-21 19,sample,north,22.1,21.5
twopass_only,2025-06-21 19,sample,south,30.1,12.0
twopass_only,2025-06-21 19,sample,west,1007.2,-4.5
twopass_only,2025-06-25 15,sample,houston,28.9,19.5
twopass_only,2025-06-25 15,sample,north,25.0,17.8
twopass_only,2025-06-25 15,sample,south,29.2,20.6
twopass_only,2025-06-25 15,sample,west,651.6,17.4
twopass_only,2025-06-29 15,sample,houston,28.9,19.0
twopass_only,2025-06-29 15,sample,north,25.0,18.6
twopass_only,2025-06-29 15,sample,south,29.4,18.3
twopass_only,2025-06-29 15,sample,west,522.1,18.6
twopass_only,2025-07-01 19,sample,houston,38.0,87.5
twopass_only,2025-07-01 19,sample,north,51.4,64.8
twopass_only,2025-07-01 19,sample,south,47.9,38.2
twopass_only,2025-07-01 19,sample,west,761.0,59.6
twopass_only,2025-07-06 13,sample,houston,29.3,22.5
twopass_only,2025-07-06 13,sample,north,21.6,22.6
twopass_only,2025-07-06 13,sample,south,32.9,22.5
twopass_only,2025-07-06 13,sample,west,1129.9,22.8
twopass_only,2025-07-09 19,sample,houston,33.6,39.9
twopass_only,2025-07-09 19,sample,north,30.4,41.2
twopass_only,2025-07-09 19,sample,south,33.7,38.0
twopass_only,2025-07-09 19,sample,west,1310.5,42.4
twopass_only,2025-07-10 06,sample,houston,30.5,23.7
twopass_only,2025-07-10 06,sample,north,19.0,23.3
twopass_only,2025-07-10 06,sample,south,31.8,23.1
twopass_only,2025-07-10 06,sample,west,1584.2,29.0
twopass_only,2025-07-14 15,sample,houston,29.3,21.4
twopass_only,2025-07-14 15,sample,north,24.2,21.5
twopass_only,2025-07-14 15,sample,south,30.8,21.0
twopass_only,2025-07-14 15,sample,west,540.7,21.6
twopass_only,2025-07-15 10,sample,houston,33.4,23.2
twopass_only,2025-07-15 10,sample,north,13.9,22.2
twopass_only,2025-07-15 10,sample,south,36.2,24.2
twopass_only,2025-07-15 10,sample,west,1856.4,27.8
twopass_only,2025-07-17 21,sample,houston,31.6,22.9
twopass_only,2025-07-17 21,sample,north,91.7,22.2
twopass_only,2025-07-17 21,sample,south,29.2,26.1
twopass_only,2025-07-17 21,sample,west,279.4,9.0
twopass_only,2025-07-23 06,sample,houston,34.2,22.8
twopass_only,2025-07-23 06,sample,north,26.7,22.6
twopass_only,2025-07-23 06,sample,south,32.6,23.0
twopass_only,2025-07-23 06,sample,west,566.8,23.6
twopass_only,2025-07-24 08,sample,houston,30.1,21.4
twopass_only,2025-07-24 08,sample,north,21.2,20.0
twopass_only,2025-07-24 08,sample,south,32.2,22.7
twopass_only,2025-07-24 08,sample,west,462.6,19.4
twopass_only,2025-07-26 00,sample,houston,197.4,43.8
twopass_only,2025-07-26 00,sample,north,645.2,44.5
twopass_only,2025-07-26 00,sample,south,207.0,43.0
twopass_only,2025-07-26 00,sample,west,753.2,44.7
twopass_only,2025-07-29 00,sample,houston,129.0,55.4
twopass_only,2025-07-29 00,sample,north,311.4,58.4
twopass_only,2025-07-29 00,sample,south,121.5,52.0
twopass_only,2025-07-29 00,sample,west,916.4,50.3
twopass_only,2025-08-02 15,sample,houston,30.2,27.3
twopass_only,2025-08-02 15,sample,north,22.4,27.3
twopass_only,2025-08-02 15,sample,south,35.4,27.3
twopass_only,2025-08-02 15,sample,west,1570.0,27.3
twopass_only,2025-08-03 13,sample,houston,29.6,15.0
twopass_only,2025-08-03 13,sample,north,22.1,15.0
twopass_only,2025-08-03 13,sample,south,31.2,15.0
twopass_only,2025-08-03 13,sample,west,601.2,15.0
twopass_only,2025-08-08 08,sample,houston,30.8,19.5
twopass_only,2025-08-08 08,sample,north,18.1,17.9
twopass_only,2025-08-08 08,sample,south,33.6,21.0
twopass_only,2025-08-08 08,sample,west,570.3,26.1
twopass_only,2025-08-10 21,sample,houston,69.6,53.1
twopass_only,2025-08-10 21,sample,north,290.7,35.6
twopass_only,2025-08-10 21,sample,south,66.3,81.1
twopass_only,2025-08-10 21,sample,west,435.0,46.5
twopass_only,2025-08-12 21,sample,houston,147.6,45.9
twopass_only,2025-08-12 21,sample,north,310.8,39.0
twopass_only,2025-08-12 21,sample,south,100.2,70.7
twopass_only,2025-08-12 21,sample,west,651.9,50.4
twopass_only,2025-08-19 14,sample,houston,34.3,35.6
twopass_only,2025-08-19 14,sample,north,24.1,35.6
twopass_only,2025-08-19 14,sample,south,38.7,35.6
twopass_only,2025-08-19 14,sample,west,964.6,35.6
twopass_only,2025-08-25 20,sample,houston,145.9,31.5
twopass_only,2025-08-25 20,sample,north,248.6,29.4
twopass_only,2025-08-25 20,sample,south,73.4,26.9
twopass_only,2025-08-25 20,sample,west,390.0,29.2
twopass_only,2025-08-27 13,sample,houston,35.1,27.3
twopass_only,2025-08-27 13,sample,north,19.0,27.5
twopass_only,2025-08-27 13,sample,south,42.8,27.1
twopass_only,2025-08-27 13,sample,west,2100.1,27.7
twopass_only,2025-08-29 06,sample,houston,35.3,28.9
twopass_only,2025-08-29 06,sample,north,20.3,29.3
twopass_only,2025-08-29 06,sample,south,39.6,26.3
twopass_only,2025-08-29 06,sample,west,1512.2,37.6
twopass_only,2025-09-04 13,sample,houston,29.2,11.2
twopass_only,2025-09-04 13,sample,north,11.0,11.2
twopass_only,2025-09-04 13,sample,south,31.2,11.2
twopass_only,2025-09-04 13,sample,west,1844.7,11.3
twopass_only,2025-09-08 06,sample,houston,29.2,20.9
twopass_only,2025-09-08 06,sample,north,15.8,18.2
twopass_only,2025-09-08 06,sample,south,32.0,23.6
twopass_only,2025-09-08 06,sample,west,1623.7,32.7
twopass_only,2025-09-10 06,sample,houston,27.8,18.0
twopass_only,2025-09-10 06,sample,north,14.5,17.8
twopass_only,2025-09-10 06,sample,south,32.8,18.2
twopass_only,2025-09-10 06,sample,west,1263.6,17.6
twopass_only,2025-09-12 13,sample,houston,29.1,17.9
twopass_only,2025-09-12 13,sample,north,18.9,17.9
twopass_only,2025-09-12 13,sample,south,31.8,17.9
twopass_only,2025-09-12 13,sample,west,1764.8,17.9
twopass_only,2025-09-13 19,sample,houston,30.4,37.5
twopass_only,2025-09-13 19,sample,north,21.4,40.4
twopass_only,2025-09-13 19,sample,south,31.6,20.2
twopass_only,2025-09-13 19,sample,west,858.0,34.2
twopass_only,2025-09-15 00,sample,houston,70.9,40.5
twopass_only,2025-09-15 00,sample,north,59.9,41.1
twopass_only,2025-09-15 00,sample,south,67.2,38.5
twopass_only,2025-09-15 00,sample,west,5654.8,41.5
twopass_only,2025-09-17 06,sample,houston,30.6,21.5
twopass_only,2025-09-17 06,sample,north,20.3,21.2
twopass_only,2025-09-17 06,sample,south,32.0,24.1
twopass_only,2025-09-17 06,sample,west,958.5,29.5
twopass_only,2025-09-21 13,sample,houston,28.0,13.5
twopass_only,2025-09-21 13,sample,north,10.9,13.4
twopass_only,2025-09-21 13,sample,south,31.2,13.5
twopass_only,2025-09-21 13,sample,west,1783.8,15.0
twopass_only,2025-09-22 01,sample,houston,60.9,40.0
twopass_only,2025-09-22 01,sample,north,44.3,40.1
twopass_only,2025-09-22 01,sample,south,64.5,39.5
twopass_only,2025-09-22 01,sample,west,952.0,47.9
twopass_only,2025-09-23 13,sample,houston,30.7,20.6
twopass_only,2025-09-23 13,sample,north,16.4,20.6
twopass_only,2025-09-23 13,sample,south,31.8,-44.1
twopass_only,2025-09-23 13,sample,west,1437.9,21.0
twopass_only,2025-09-24 02,sample,houston,87.5,63.2
twopass_only,2025-09-24 02,sample,north,72.8,66.1
twopass_only,2025-09-24 02,sample,south,98.9,53.6
twopass_only,2025-09-24 02,sample,west,925.7,85.1
twopass_only,2025-10-04 20,sample,houston,29.9,42.9
twopass_only,2025-10-04 20,sample,north,23.5,14.9
twopass_only,2025-10-04 20,sample,south,29.5,28.4
twopass_only,2025-10-04 20,sample,west,452.2,10.5
twopass_only,2025-10-08 20,sample,houston,35.4,56.8
twopass_only,2025-10-08 20,sample,north,28.8,38.5
twopass_only,2025-10-08 20,sample,south,41.3,66.2
twopass_only,2025-10-08 20,sample,west,488.1,49.1
twopass_only,2025-10-10 06,sample,houston,39.1,25.1
twopass_only,2025-10-10 06,sample,north,23.9,23.0
twopass_only,2025-10-10 06,sample,south,47.6,27.7
twopass_only,2025-10-10 06,sample,west,875.1,32.2
twopass_only,2025-10-12 21,sample,houston,31.4,35.1
twopass_only,2025-10-12 21,sample,north,19.4,35.5
twopass_only,2025-10-12 21,sample,south,35.6,43.7
twopass_only,2025-10-12 21,sample,west,1307.3,43.3
twopass_only,2025-10-17 19,sample,houston,30.7,32.3
twopass_only,2025-10-17 19,sample,north,26.4,30.3
twopass_only,2025-10-17 19,sample,south,33.0,32.3
twopass_only,2025-10-17 19,sample,west,632.3,32.0
twopass_only,2025-10-18 13,sample,houston,29.0,24.4
twopass_only,2025-10-18 13,sample,north,26.2,20.9
twopass_only,2025-10-18 13,sample,south,29.3,26.8
twopass_only,2025-10-18 13,sample,west,1046.1,33.2
twopass_only,2025-10-23 20,sample,houston,35.4,50.9
twopass_only,2025-10-23 20,sample,north,27.2,49.2
twopass_only,2025-10-23 20,sample,south,39.4,47.6
twopass_only,2025-10-23 20,sample,west,495.2,50.0
twopass_only,2025-10-29 13,sample,houston,28.1,5.5
twopass_only,2025-10-29 13,sample,north,21.3,1.9
twopass_only,2025-10-29 13,sample,south,30.4,8.1
twopass_only,2025-10-29 13,sample,west,1458.5,11.6
twopass_only,2025-10-30 14,sample,houston,28.6,15.3
twopass_only,2025-10-30 14,sample,north,20.1,15.5
twopass_only,2025-10-30 14,sample,south,31.4,15.2
twopass_only,2025-10-30 14,sample,west,754.4,15.6
twopass_only,2025-11-02 13,sample,houston,27.6,19.3
twopass_only,2025-11-02 13,sample,north,6.1,18.8
twopass_only,2025-11-02 13,sample,south,32.5,19.8
twopass_only,2025-11-02 13,sample,west,1550.8,19.2
twopass_only,2025-11-13 21,sample,houston,28.7,19.9
twopass_only,2025-11-13 21,sample,north,21.3,21.5
twopass_only,2025-11-13 21,sample,south,30.7,16.4
twopass_only,2025-11-13 21,sample,west,709.8,6.3
twopass_only,2025-11-14 19,sample,houston,28.7,20.9
twopass_only,2025-11-14 19,sample,north,21.6,20.9
twopass_only,2025-11-14 19,sample,south,31.3,20.9
twopass_only,2025-11-14 19,sample,west,540.2,20.9
twopass_only,2025-11-15 06,sample,houston,27.9,20.7
twopass_only,2025-11-15 06,sample,north,18.1,24.3
twopass_only,2025-11-15 06,sample,south,32.3,18.1
twopass_only,2025-11-15 06,sample,west,569.8,0.9
twopass_only,2025-11-21 08,sample,houston,33.2,23.1
twopass_only,2025-11-21 08,sample,north,21.1,21.8
twopass_only,2025-11-21 08,sample,south,36.0,24.3
twopass_only,2025-11-21 08,sample,west,971.1,26.6
twopass_only,2025-11-22 21,sample,houston,29.7,43.6
twopass_only,2025-11-22 21,sample,north,22.3,24.4
twopass_only,2025-11-22 21,sample,south,33.6,76.3
twopass_only,2025-11-22 21,sample,west,776.6,31.0
twopass_only,2025-11-24 13,sample,houston,37.9,60.0
twopass_only,2025-11-24 13,sample,north,25.0,61.2
twopass_only,2025-11-24 13,sample,south,45.3,53.9
twopass_only,2025-11-24 13,sample,west,1618.6,61.9
twopass_only,2025-11-26 15,sample,houston,28.3,12.7
twopass_only,2025-11-26 15,sample,north,8.3,25.4
twopass_only,2025-11-26 15,sample,south,31.7,8.4
twopass_only,2025-11-26 15,sample,west,1832.8,22.6
twopass_only,2025-11-27 20,sample,houston,28.7,22.1
twopass_only,2025-11-27 20,sample,north,16.9,21.7
twopass_only,2025-11-27 20,sample,south,30.3,29.9
twopass_only,2025-11-27 20,sample,west,1545.7,23.1
twopass_only,2025-11-28 13,sample,houston,27.7,19.4
twopass_only,2025-11-28 13,sample,north,17.8,22.3
twopass_only,2025-11-28 13,sample,south,32.0,17.7
twopass_only,2025-11-28 13,sample,west,747.4,10.2
twopass_only,2025-12-01 20,sample,houston,33.6,42.7
twopass_only,2025-12-01 20,sample,north,28.7,50.3
twopass_only,2025-12-01 20,sample,south,33.3,61.0
twopass_only,2025-12-01 20,sample,west,576.8,52.7
twopass_only,2025-12-02 20,sample,houston,28.5,-1.7
twopass_only,2025-12-02 20,sample,north,22.3,-10.2
twopass_only,2025-12-02 20,sample,south,28.6,12.1
twopass_only,2025-12-02 20,sample,west,2206.2,-8.3
twopass_only,2025-12-03 08,sample,houston,30.7,30.6
twopass_only,2025-12-03 08,sample,north,21.1,21.9
twopass_only,2025-12-03 08,sample,south,31.9,43.0
twopass_only,2025-12-03 08,sample,west,887.3,21.4
twopass_only,2025-12-05 13,sample,houston,51.2,46.0
twopass_only,2025-12-05 13,sample,north,34.7,39.6
twopass_only,2025-12-05 13,sample,south,51.9,56.3
twopass_only,2025-12-05 13,sample,west,910.6,53.2
twopass_only,2025-12-09 06,sample,houston,30.5,27.9
twopass_only,2025-12-09 06,sample,north,21.7,27.5
twopass_only,2025-12-09 06,sample,south,31.8,28.4
twopass_only,2025-12-09 06,sample,west,703.6,30.5
twopass_only,2025-12-16 20,sample,houston,28.1,17.0
twopass_only,2025-12-16 20,sample,north,21.1,15.4
twopass_only,2025-12-16 20,sample,south,30.2,17.4
twopass_only,2025-12-16 20,sample,west,812.9,2.5
twopass_only,2025-12-19 21,sample,houston,28.4,0.2
twopass_only,2025-12-19 21,sample,north,21.4,2.6
twopass_only,2025-12-19 21,sample,south,28.8,2.3
twopass_only,2025-12-19 21,sample,west,1284.0,-16.5
twopass_only,2025-12-22 04,sample,houston,29.6,22.8
twopass_only,2025-12-22 04,sample,north,25.4,22.7
twopass_only,2025-12-22 04,sample,south,35.3,23.0
twopass_only,2025-12-22 04,sample,west,1117.2,23.1
twopass_only,2025-12-26 08,sample,houston,27.5,11.9
twopass_only,2025-12-26 08,sample,north,13.0,11.3
twopass_only,2025-12-26 08,sample,south,33.1,12.4
twopass_only,2025-12-26 08,sample,west,1325.4,19.7
twopass_only,2025-12-27 21,sample,houston,27.1,1.2
twopass_only,2025-12-27 21,sample,north,18.9,0.6
twopass_only,2025-12-27 21,sample,south,30.6,-2.5
twopass_only,2025-12-27 21,sample,west,805.0,-1.8
twopass_only,2025-12-29 13,sample,houston,40.5,33.3
twopass_only,2025-12-29 13,sample,north,19.1,36.6
twopass_only,2025-12-29 13,sample,south,32.2,25.8
twopass_only,2025-12-29 13,sample,west,2184.6,41.6
twopass_only,2026-02-19 21,sample,houston,28.4,
twopass_only,2026-02-19 21,sample,north,25.8,
twopass_only,2026-02-19 21,sample,south,29.2,
twopass_only,2026-02-19 21,sample,west,589.5,
twopass_only,2026-02-23 20,sample,houston,26.9,-2.0
twopass_only,2026-02-23 20,sample,north,11.9,-2.0
twopass_only,2026-02-23 20,sample,south,31.4,-2.0
twopass_only,2026-02-23 20,sample,west,721.8,-2.0
twopass_only,2026-02-25 15,sample,houston,27.4,11.5
twopass_only,2026-02-25 15,sample,north,22.9,10.6
twopass_only,2026-02-25 15,sample,south,29.2,3.4
twopass_only,2026-02-25 15,sample,west,453.5,9.5
twopass_only,2026-02-27 21,sample,houston,29.3,21.9
twopass_only,2026-02-27 21,sample,north,24.6,-1.1
twopass_only,2026-02-27 21,sample,south,28.9,13.3
twopass_only,2026-02-27 21,sample,west,550.9,0.9
twopass_only,2026-03-02 06,sample,houston,27.9,25.7
twopass_only,2026-03-02 06,sample,north,17.7,25.9
twopass_only,2026-03-02 06,sample,south,31.9,25.6
twopass_only,2026-03-02 06,sample,west,930.9,26.0
twopass_only,2026-03-05 06,sample,houston,30.7,20.6
twopass_only,2026-03-05 06,sample,north,16.8,21.0
twopass_only,2026-03-05 06,sample,south,33.4,18.2
twopass_only,2026-03-05 06,sample,west,856.9,21.4
twopass_only,2026-03-07 21,sample,houston,28.5,42.5
twopass_only,2026-03-07 21,sample,north,28.1,34.8
twopass_only,2026-03-07 21,sample,south,28.6,23.1
twopass_only,2026-03-07 21,sample,west,319.6,32.5
twopass_only,2026-03-10 08,sample,houston,27.8,24.5
twopass_only,2026-03-10 08,sample,north,17.3,23.7
twopass_only,2026-03-10 08,sample,south,31.9,23.7
twopass_only,2026-03-10 08,sample,west,1138.3,24.6
twopass_only,2026-03-11 20,sample,houston,27.6,23.1
twopass_only,2026-03-11 20,sample,north,17.2,20.1
twopass_only,2026-03-11 20,sample,south,32.1,13.0
twopass_only,2026-03-11 20,sample,west,696.8,-25.9
twopass_only,2026-03-18 06,sample,houston,28.1,27.1
twopass_only,2026-03-18 06,sample,north,21.6,12.2
twopass_only,2026-03-18 06,sample,south,30.9,30.6
twopass_only,2026-03-18 06,sample,west,522.7,-4.2
twopass_only,2026-03-19 08,sample,houston,27.5,16.5
twopass_only,2026-03-19 08,sample,north,14.6,8.4
twopass_only,2026-03-19 08,sample,south,32.5,18.2
twopass_only,2026-03-19 08,sample,west,1366.7,1.0
twopass_only,2026-03-23 06,sample,houston,28.1,23.9
twopass_only,2026-03-23 06,sample,north,20.6,23.7
twopass_only,2026-03-23 06,sample,south,31.6,23.9
twopass_only,2026-03-23 06,sample,west,344.7,23.5
twopass_only,2026-03-24 06,sample,houston,38.4,51.9
twopass_only,2026-03-24 06,sample,north,23.4,51.9
twopass_only,2026-03-24 06,sample,south,45.6,51.9
twopass_only,2026-03-24 06,sample,west,815.8,52.2
twopass_only,2026-03-27 13,sample,houston,28.4,16.4
twopass_only,2026-03-27 13,sample,north,25.4,17.9
twopass_only,2026-03-27 13,sample,south,29.4,13.5
twopass_only,2026-03-27 13,sample,west,810.7,-3.7
twopass_only,2026-03-30 00,sample,houston,32.6,30.9
twopass_only,2026-03-30 00,sample,north,25.0,20.5
twopass_only,2026-03-30 00,sample,south,35.5,29.6
twopass_only,2026-03-30 00,sample,west,316.6,2.0
twopass_only,2026-04-02 13,sample,houston,32.7,23.9
twopass_only,2026-04-02 13,sample,north,18.9,24.1
twopass_only,2026-04-02 13,sample,south,36.0,20.7
twopass_only,2026-04-02 13,sample,west,673.8,28.2
twopass_only,2026-04-03 15,sample,houston,27.9,16.0
twopass_only,2026-04-03 15,sample,north,17.4,16.3
twopass_only,2026-04-03 15,sample,south,31.8,14.5
twopass_only,2026-04-03 15,sample,west,1334.0,-1.7
twopass_only,2026-04-08 15,sample,houston,27.5,16.0
twopass_only,2026-04-08 15,sample,north,20.0,-1.8
twopass_only,2026-04-08 15,sample,south,30.3,19.1
twopass_only,2026-04-08 15,sample,west,659.5,-1.8
twopass_only,2026-04-14 20,sample,houston,29.1,17.3
twopass_only,2026-04-14 20,sample,north,18.6,14.3
twopass_only,2026-04-14 20,sample,south,29.8,14.4
twopass_only,2026-04-14 20,sample,west,1991.5,-18.9
twopass_only,2026-04-17 08,sample,houston,28.0,21.4
twopass_only,2026-04-17 08,sample,north,18.1,10.4
twopass_only,2026-04-17 08,sample,south,32.0,12.9
twopass_only,2026-04-17 08,sample,west,908.6,2.2
twopass_only,2026-04-19 19,sample,houston,27.6,7.8
twopass_only,2026-04-19 19,sample,north,19.5,-6.8
twopass_only,2026-04-19 19,sample,south,31.2,36.0
twopass_only,2026-04-19 19,sample,west,491.0,-3.1
twopass_only,2026-04-20 19,sample,houston,32.1,50.7
twopass_only,2026-04-20 19,sample,north,17.0,27.8
twopass_only,2026-04-20 19,sample,south,37.6,87.9
twopass_only,2026-04-20 19,sample,west,681.7,42.9
twopass_only,2026-04-24 13,sample,houston,36.0,26.9
twopass_only,2026-04-24 13,sample,north,23.5,18.1
twopass_only,2026-04-24 13,sample,south,41.2,29.9
twopass_only,2026-04-24 13,sample,west,658.5,19.8
backbone_2pass,2025-01-02 01,sample,houston,27.9,84.4
backbone_2pass,2025-01-02 01,sample,north,30.7,86.4
backbone_2pass,2025-01-02 01,sample,south,39.1,82.7
backbone_2pass,2025-01-02 01,sample,west,873.8,88.9
backbone_2pass,2025-01-04 20,sample,houston,28.1,-16.2
backbone_2pass,2025-01-04 20,sample,north,21.2,-16.1
backbone_2pass,2025-01-04 20,sample,south,29.6,-16.8
backbone_2pass,2025-01-04 20,sample,west,584.0,-12.6
backbone_2pass,2025-01-05 00,sample,houston,28.1,2.8
backbone_2pass,2025-01-05 00,sample,north,19.7,3.0
backbone_2pass,2025-01-05 00,sample,south,31.4,1.9
backbone_2pass,2025-01-05 00,sample,west,1190.0,5.4
backbone_2pass,2025-01-08 15,sample,houston,76.6,31.5
backbone_2pass,2025-01-08 15,sample,north,74.3,32.5
backbone_2pass,2025-01-08 15,sample,south,61.5,28.5
backbone_2pass,2025-01-08 15,sample,west,1110.0,33.3
backbone_2pass,2025-01-18 13,sample,houston,29.5,25.4
backbone_2pass,2025-01-18 13,sample,north,23.1,24.5
backbone_2pass,2025-01-18 13,sample,south,41.8,26.3
backbone_2pass,2025-01-18 13,sample,west,896.2,26.3
backbone_2pass,2025-01-21 06,sample,houston,55.8,32.6
backbone_2pass,2025-01-21 06,sample,north,33.5,33.5
backbone_2pass,2025-01-21 06,sample,south,41.5,30.1
backbone_2pass,2025-01-21 06,sample,west,470.9,33.7
backbone_2pass,2025-01-22 20,sample,houston,29.1,-0.7
backbone_2pass,2025-01-22 20,sample,north,25.7,-0.7
backbone_2pass,2025-01-22 20,sample,south,28.5,-0.7
backbone_2pass,2025-01-22 20,sample,west,459.7,-0.7
backbone_2pass,2025-01-26 13,sample,houston,28.1,26.5
backbone_2pass,2025-01-26 13,sample,north,25.9,25.7
backbone_2pass,2025-01-26 13,sample,south,33.8,27.4
backbone_2pass,2025-01-26 13,sample,west,733.4,26.3
backbone_2pass,2025-01-30 13,sample,houston,28.3,24.5
backbone_2pass,2025-01-30 13,sample,north,25.5,23.7
backbone_2pass,2025-01-30 13,sample,south,32.5,25.3
backbone_2pass,2025-01-30 13,sample,west,698.4,22.4
backbone_2pass,2025-02-01 07,sample,houston,28.0,28.2
backbone_2pass,2025-02-01 07,sample,north,30.6,23.8
backbone_2pass,2025-02-01 07,sample,south,36.6,32.6
backbone_2pass,2025-02-01 07,sample,west,707.5,45.8
backbone_2pass,2025-02-05 00,sample,houston,28.5,83.9
backbone_2pass,2025-02-05 00,sample,north,26.8,83.9
backbone_2pass,2025-02-05 00,sample,south,34.5,83.9
backbone_2pass,2025-02-05 00,sample,west,526.7,83.9
backbone_2pass,2025-02-06 20,sample,houston,28.6,18.5
backbone_2pass,2025-02-06 20,sample,north,20.0,18.6
backbone_2pass,2025-02-06 20,sample,south,29.1,18.4
backbone_2pass,2025-02-06 20,sample,west,771.5,19.1
backbone_2pass,2025-02-09 06,sample,houston,27.7,20.5
backbone_2pass,2025-02-09 06,sample,north,18.8,20.5
backbone_2pass,2025-02-09 06,sample,south,45.3,20.5
backbone_2pass,2025-02-09 06,sample,west,1426.6,20.5
backbone_2pass,2025-02-14 19,sample,houston,28.7,20.3
backbone_2pass,2025-02-14 19,sample,north,24.1,19.6
backbone_2pass,2025-02-14 19,sample,south,28.5,20.8
backbone_2pass,2025-02-14 19,sample,west,451.4,-0.2
backbone_2pass,2025-02-15 13,sample,houston,27.9,29.2
backbone_2pass,2025-02-15 13,sample,north,22.4,29.1
backbone_2pass,2025-02-15 13,sample,south,43.2,26.7
backbone_2pass,2025-02-15 13,sample,west,786.6,29.1
backbone_2pass,2025-02-23 06,sample,houston,29.2,37.3
backbone_2pass,2025-02-23 06,sample,north,23.0,38.6
backbone_2pass,2025-02-23 06,sample,south,48.8,37.6
backbone_2pass,2025-02-23 06,sample,west,2155.4,43.6
backbone_2pass,2025-02-26 15,sample,houston,27.5,0.2
backbone_2pass,2025-02-26 15,sample,north,17.9,-0.8
backbone_2pass,2025-02-26 15,sample,south,29.5,-1.3
backbone_2pass,2025-02-26 15,sample,west,488.9,-1.1
backbone_2pass,2025-03-03 06,sample,houston,28.3,29.9
backbone_2pass,2025-03-03 06,sample,north,25.3,26.6
backbone_2pass,2025-03-03 06,sample,south,36.5,31.3
backbone_2pass,2025-03-03 06,sample,west,756.0,36.0
backbone_2pass,2025-03-04 13,sample,houston,28.1,27.4
backbone_2pass,2025-03-04 13,sample,north,17.3,19.1
backbone_2pass,2025-03-04 13,sample,south,38.2,31.1
backbone_2pass,2025-03-04 13,sample,west,708.1,-2.8
backbone_2pass,2025-03-10 09,sample,houston,28.1,35.3
backbone_2pass,2025-03-10 09,sample,north,24.4,28.0
backbone_2pass,2025-03-10 09,sample,south,48.0,40.9
backbone_2pass,2025-03-10 09,sample,west,771.6,50.5
backbone_2pass,2025-03-12 21,sample,houston,28.2,35.4
backbone_2pass,2025-03-12 21,sample,north,21.5,26.6
backbone_2pass,2025-03-12 21,sample,south,31.7,17.4
backbone_2pass,2025-03-12 21,sample,west,545.6,-8.4
backbone_2pass,2025-03-13 15,sample,houston,28.8,28.0
backbone_2pass,2025-03-13 15,sample,north,24.0,27.1
backbone_2pass,2025-03-13 15,sample,south,30.8,26.4
backbone_2pass,2025-03-13 15,sample,west,481.0,26.9
backbone_2pass,2025-03-15 06,sample,houston,28.5,67.6
backbone_2pass,2025-03-15 06,sample,north,24.6,69.6
backbone_2pass,2025-03-15 06,sample,south,36.4,62.6
backbone_2pass,2025-03-15 06,sample,west,614.4,64.8
backbone_2pass,2025-03-18 00,sample,houston,28.4,45.7
backbone_2pass,2025-03-18 00,sample,north,22.8,38.1
backbone_2pass,2025-03-18 00,sample,south,40.4,30.9
backbone_2pass,2025-03-18 00,sample,west,1005.9,-20.6
backbone_2pass,2025-03-20 15,sample,houston,28.8,15.6
backbone_2pass,2025-03-20 15,sample,north,23.4,15.4
backbone_2pass,2025-03-20 15,sample,south,28.1,13.3
backbone_2pass,2025-03-20 15,sample,west,561.0,15.3
backbone_2pass,2025-03-21 20,sample,houston,28.2,3.6
backbone_2pass,2025-03-21 20,sample,north,22.0,1.4
backbone_2pass,2025-03-21 20,sample,south,28.4,-2.4
backbone_2pass,2025-03-21 20,sample,west,551.9,0.8
backbone_2pass,2025-03-24 14,sample,houston,28.0,4.6
backbone_2pass,2025-03-24 14,sample,north,13.0,5.2
backbone_2pass,2025-03-24 14,sample,south,32.2,6.3
backbone_2pass,2025-03-24 14,sample,west,506.3,5.7
backbone_2pass,2025-03-29 13,sample,houston,28.4,24.9
backbone_2pass,2025-03-29 13,sample,north,24.8,23.9
backbone_2pass,2025-03-29 13,sample,south,28.9,24.3
backbone_2pass,2025-03-29 13,sample,west,457.3,13.6
backbone_2pass,2025-04-03 05,sample,houston,28.3,27.9
backbone_2pass,2025-04-03 05,sample,north,22.7,25.9
backbone_2pass,2025-04-03 05,sample,south,46.0,26.8
backbone_2pass,2025-04-03 05,sample,west,826.6,40.2
backbone_2pass,2025-04-06 21,sample,houston,28.6,0.6
backbone_2pass,2025-04-06 21,sample,north,27.6,1.7
backbone_2pass,2025-04-06 21,sample,south,28.2,-3.1
backbone_2pass,2025-04-06 21,sample,west,333.9,0.6
backbone_2pass,2025-04-07 13,sample,houston,28.9,24.3
backbone_2pass,2025-04-07 13,sample,north,26.8,25.4
backbone_2pass,2025-04-07 13,sample,south,34.8,23.5
backbone_2pass,2025-04-07 13,sample,west,572.5,25.4
backbone_2pass,2025-04-09 00,sample,houston,28.7,49.8
backbone_2pass,2025-04-09 00,sample,north,26.1,45.9
backbone_2pass,2025-04-09 00,sample,south,35.5,50.4
backbone_2pass,2025-04-09 00,sample,west,642.4,55.4
backbone_2pass,2025-04-12 08,sample,houston,27.7,17.3
backbone_2pass,2025-04-12 08,sample,north,16.6,18.2
backbone_2pass,2025-04-12 08,sample,south,40.0,16.6
backbone_2pass,2025-04-12 08,sample,west,981.7,17.2
backbone_2pass,2025-04-21 08,sample,houston,28.5,20.6
backbone_2pass,2025-04-21 08,sample,north,25.4,17.3
backbone_2pass,2025-04-21 08,sample,south,36.8,23.5
backbone_2pass,2025-04-21 08,sample,west,599.2,31.4
backbone_2pass,2025-04-22 19,sample,houston,28.9,54.0
backbone_2pass,2025-04-22 19,sample,north,27.0,22.9
backbone_2pass,2025-04-22 19,sample,south,28.6,10.0
backbone_2pass,2025-04-22 19,sample,west,528.2,0.9
backbone_2pass,2025-04-26 15,sample,houston,28.4,15.3
backbone_2pass,2025-04-26 15,sample,north,17.7,10.8
backbone_2pass,2025-04-26 15,sample,south,38.1,10.4
backbone_2pass,2025-04-26 15,sample,west,663.5,7.5
backbone_2pass,2025-04-27 13,sample,houston,28.2,20.9
backbone_2pass,2025-04-27 13,sample,north,22.0,20.6
backbone_2pass,2025-04-27 13,sample,south,31.3,20.7
backbone_2pass,2025-04-27 13,sample,west,452.5,20.4
backbone_2pass,2025-04-28 20,sample,houston,30.3,56.0
backbone_2pass,2025-04-28 20,sample,north,26.2,22.2
backbone_2pass,2025-04-28 20,sample,south,28.7,7.4
backbone_2pass,2025-04-28 20,sample,west,518.4,8.2
backbone_2pass,2025-04-30 13,sample,houston,29.6,25.0
backbone_2pass,2025-04-30 13,sample,north,27.2,25.2
backbone_2pass,2025-04-30 13,sample,south,31.4,21.8
backbone_2pass,2025-04-30 13,sample,west,665.0,25.4
backbone_2pass,2025-05-03 15,sample,houston,28.4,14.4
backbone_2pass,2025-05-03 15,sample,north,23.3,10.7
backbone_2pass,2025-05-03 15,sample,south,28.0,3.1
backbone_2pass,2025-05-03 15,sample,west,598.1,8.7
backbone_2pass,2025-05-07 13,sample,houston,28.7,18.8
backbone_2pass,2025-05-07 13,sample,north,27.4,18.6
backbone_2pass,2025-05-07 13,sample,south,29.2,19.0
backbone_2pass,2025-05-07 13,sample,west,332.2,18.7
backbone_2pass,2025-05-09 12,sample,houston,28.2,22.4
backbone_2pass,2025-05-09 12,sample,north,23.2,22.6
backbone_2pass,2025-05-09 12,sample,south,45.4,19.9
backbone_2pass,2025-05-09 12,sample,west,999.4,23.6
backbone_2pass,2025-05-11 20,sample,houston,28.7,18.1
backbone_2pass,2025-05-11 20,sample,north,21.7,21.3
backbone_2pass,2025-05-11 20,sample,south,28.8,12.9
backbone_2pass,2025-05-11 20,sample,west,543.6,17.5
backbone_2pass,2025-05-13 21,sample,houston,29.3,45.8
backbone_2pass,2025-05-13 21,sample,north,27.3,14.0
backbone_2pass,2025-05-13 21,sample,south,28.6,26.3
backbone_2pass,2025-05-13 21,sample,west,297.7,7.6
backbone_2pass,2025-05-19 13,sample,houston,28.6,21.9
backbone_2pass,2025-05-19 13,sample,north,27.4,21.2
backbone_2pass,2025-05-19 13,sample,south,28.8,15.7
backbone_2pass,2025-05-19 13,sample,west,426.2,21.2
backbone_2pass,2025-05-21 19,sample,houston,29.1,27.0
backbone_2pass,2025-05-21 19,sample,north,25.6,11.6
backbone_2pass,2025-05-21 19,sample,south,30.3,27.0
backbone_2pass,2025-05-21 19,sample,west,275.1,9.5
backbone_2pass,2025-05-23 15,sample,houston,28.8,32.0
backbone_2pass,2025-05-23 15,sample,north,26.4,18.9
backbone_2pass,2025-05-23 15,sample,south,28.9,24.0
backbone_2pass,2025-05-23 15,sample,west,433.8,4.9
backbone_2pass,2025-05-26 21,sample,houston,29.0,22.1
backbone_2pass,2025-05-26 21,sample,north,28.2,22.3
backbone_2pass,2025-05-26 21,sample,south,28.9,19.0
backbone_2pass,2025-05-26 21,sample,west,297.7,22.3
backbone_2pass,2025-05-30 20,sample,houston,30.8,27.6
backbone_2pass,2025-05-30 20,sample,north,27.4,27.6
backbone_2pass,2025-05-30 20,sample,south,33.1,27.6
backbone_2pass,2025-05-30 20,sample,west,337.3,27.6
backbone_2pass,2025-05-31 20,sample,houston,29.7,30.0
backbone_2pass,2025-05-31 20,sample,north,26.8,26.7
backbone_2pass,2025-05-31 20,sample,south,66.9,34.2
backbone_2pass,2025-05-31 20,sample,west,395.3,27.8
backbone_2pass,2025-06-02 00,sample,houston,35.9,58.5
backbone_2pass,2025-06-02 00,sample,north,28.5,60.0
backbone_2pass,2025-06-02 00,sample,south,47.6,55.1
backbone_2pass,2025-06-02 00,sample,west,556.4,60.6
backbone_2pass,2025-06-03 21,sample,houston,29.0,28.5
backbone_2pass,2025-06-03 21,sample,north,27.3,19.8
backbone_2pass,2025-06-03 21,sample,south,29.9,19.5
backbone_2pass,2025-06-03 21,sample,west,481.7,17.0
backbone_2pass,2025-06-04 06,sample,houston,28.6,21.3
backbone_2pass,2025-06-04 06,sample,north,22.7,19.4
backbone_2pass,2025-06-04 06,sample,south,40.9,23.1
backbone_2pass,2025-06-04 06,sample,west,762.9,30.9
backbone_2pass,2025-06-05 06,sample,houston,27.9,24.6
backbone_2pass,2025-06-05 06,sample,north,16.9,24.9
backbone_2pass,2025-06-05 06,sample,south,69.1,23.6
backbone_2pass,2025-06-05 06,sample,west,1176.9,25.1
backbone_2pass,2025-06-06 06,sample,houston,30.2,24.2
backbone_2pass,2025-06-06 06,sample,north,22.9,23.3
backbone_2pass,2025-06-06 06,sample,south,44.7,25.2
backbone_2pass,2025-06-06 06,sample,west,1182.5,30.4
backbone_2pass,2025-06-08 20,sample,houston,28.9,38.0
backbone_2pass,2025-06-08 20,sample,north,27.7,19.6
backbone_2pass,2025-06-08 20,sample,south,29.3,16.8
backbone_2pass,2025-06-08 20,sample,west,328.0,5.8
backbone_2pass,2025-06-16 20,sample,houston,32.8,25.8
backbone_2pass,2025-06-16 20,sample,north,55.3,22.8
backbone_2pass,2025-06-16 20,sample,south,32.5,29.0
backbone_2pass,2025-06-16 20,sample,west,433.6,24.5
backbone_2pass,2025-06-17 20,sample,houston,29.9,55.9
backbone_2pass,2025-06-17 20,sample,north,30.8,18.8
backbone_2pass,2025-06-17 20,sample,south,28.6,13.1
backbone_2pass,2025-06-17 20,sample,west,468.8,-3.7
backbone_2pass,2025-06-21 19,sample,houston,30.2,24.8
backbone_2pass,2025-06-21 19,sample,north,25.6,21.5
backbone_2pass,2025-06-21 19,sample,south,28.7,12.0
backbone_2pass,2025-06-21 19,sample,west,265.0,-4.5
backbone_2pass,2025-06-25 15,sample,houston,29.4,19.5
backbone_2pass,2025-06-25 15,sample,north,26.1,17.8
backbone_2pass,2025-06-25 15,sample,south,28.1,20.6
backbone_2pass,2025-06-25 15,sample,west,530.9,17.4
backbone_2pass,2025-06-29 15,sample,houston,29.3,19.0
backbone_2pass,2025-06-29 15,sample,north,25.9,18.6
backbone_2pass,2025-06-29 15,sample,south,28.1,18.3
backbone_2pass,2025-06-29 15,sample,west,584.5,18.6
backbone_2pass,2025-07-01 19,sample,houston,35.1,87.5
backbone_2pass,2025-07-01 19,sample,north,40.2,64.8
backbone_2pass,2025-07-01 19,sample,south,44.3,38.2
backbone_2pass,2025-07-01 19,sample,west,551.3,59.6
backbone_2pass,2025-07-06 13,sample,houston,28.5,22.5
backbone_2pass,2025-07-06 13,sample,north,26.5,22.6
backbone_2pass,2025-07-06 13,sample,south,32.5,22.5
backbone_2pass,2025-07-06 13,sample,west,555.2,22.8
backbone_2pass,2025-07-09 19,sample,houston,31.0,39.9
backbone_2pass,2025-07-09 19,sample,north,39.6,41.2
backbone_2pass,2025-07-09 19,sample,south,29.3,38.0
backbone_2pass,2025-07-09 19,sample,west,533.4,42.4
backbone_2pass,2025-07-10 06,sample,houston,28.1,23.7
backbone_2pass,2025-07-10 06,sample,north,22.9,23.3
backbone_2pass,2025-07-10 06,sample,south,44.6,23.1
backbone_2pass,2025-07-10 06,sample,west,514.8,29.0
backbone_2pass,2025-07-14 15,sample,houston,29.0,21.4
backbone_2pass,2025-07-14 15,sample,north,27.1,21.5
backbone_2pass,2025-07-14 15,sample,south,30.7,21.0
backbone_2pass,2025-07-14 15,sample,west,568.5,21.6
backbone_2pass,2025-07-15 10,sample,houston,27.3,23.2
backbone_2pass,2025-07-15 10,sample,north,7.1,22.2
backbone_2pass,2025-07-15 10,sample,south,102.2,24.2
backbone_2pass,2025-07-15 10,sample,west,1440.9,27.8
backbone_2pass,2025-07-17 21,sample,houston,33.3,22.9
backbone_2pass,2025-07-17 21,sample,north,106.6,22.2
backbone_2pass,2025-07-17 21,sample,south,28.8,26.1
backbone_2pass,2025-07-17 21,sample,west,256.3,9.0
backbone_2pass,2025-07-23 06,sample,houston,29.6,22.8
backbone_2pass,2025-07-23 06,sample,north,23.1,22.6
backbone_2pass,2025-07-23 06,sample,south,43.2,23.0
backbone_2pass,2025-07-23 06,sample,west,1006.9,23.6
backbone_2pass,2025-07-24 08,sample,houston,28.4,21.4
backbone_2pass,2025-07-24 08,sample,north,21.9,20.0
backbone_2pass,2025-07-24 08,sample,south,43.9,22.7
backbone_2pass,2025-07-24 08,sample,west,870.3,19.4
backbone_2pass,2025-07-26 00,sample,houston,141.5,43.8
backbone_2pass,2025-07-26 00,sample,north,522.5,44.5
backbone_2pass,2025-07-26 00,sample,south,174.9,43.0
backbone_2pass,2025-07-26 00,sample,west,746.2,44.7
backbone_2pass,2025-07-29 00,sample,houston,225.6,55.4
backbone_2pass,2025-07-29 00,sample,north,484.0,58.4
backbone_2pass,2025-07-29 00,sample,south,176.3,52.0
backbone_2pass,2025-07-29 00,sample,west,773.8,50.3
backbone_2pass,2025-08-02 15,sample,houston,29.3,27.3
backbone_2pass,2025-08-02 15,sample,north,24.6,27.3
backbone_2pass,2025-08-02 15,sample,south,31.9,27.3
backbone_2pass,2025-08-02 15,sample,west,799.7,27.3
backbone_2pass,2025-08-03 13,sample,houston,28.6,15.0
backbone_2pass,2025-08-03 13,sample,north,26.4,15.0
backbone_2pass,2025-08-03 13,sample,south,30.4,15.0
backbone_2pass,2025-08-03 13,sample,west,1844.3,15.0
backbone_2pass,2025-08-08 08,sample,houston,29.5,19.5
backbone_2pass,2025-08-08 08,sample,north,22.1,17.9
backbone_2pass,2025-08-08 08,sample,south,43.3,21.0
backbone_2pass,2025-08-08 08,sample,west,1086.5,26.1
backbone_2pass,2025-08-10 21,sample,houston,60.1,53.1
backbone_2pass,2025-08-10 21,sample,north,210.7,35.6
backbone_2pass,2025-08-10 21,sample,south,61.1,81.1
backbone_2pass,2025-08-10 21,sample,west,502.5,46.5
backbone_2pass,2025-08-12 21,sample,houston,147.4,45.9
backbone_2pass,2025-08-12 21,sample,north,269.7,39.0
backbone_2pass,2025-08-12 21,sample,south,94.2,70.7
backbone_2pass,2025-08-12 21,sample,west,520.0,50.4
backbone_2pass,2025-08-19 14,sample,houston,33.1,35.6
backbone_2pass,2025-08-19 14,sample,north,26.4,35.6
backbone_2pass,2025-08-19 14,sample,south,45.0,35.6
backbone_2pass,2025-08-19 14,sample,west,771.6,35.6
backbone_2pass,2025-08-25 20,sample,houston,190.2,31.5
backbone_2pass,2025-08-25 20,sample,north,327.9,29.4
backbone_2pass,2025-08-25 20,sample,south,100.6,26.9
backbone_2pass,2025-08-25 20,sample,west,750.5,29.2
backbone_2pass,2025-08-27 13,sample,houston,30.0,27.3
backbone_2pass,2025-08-27 13,sample,north,25.2,27.5
backbone_2pass,2025-08-27 13,sample,south,49.9,27.1
backbone_2pass,2025-08-27 13,sample,west,690.0,27.7
backbone_2pass,2025-08-29 06,sample,houston,28.0,28.9
backbone_2pass,2025-08-29 06,sample,north,21.4,29.3
backbone_2pass,2025-08-29 06,sample,south,61.7,26.3
backbone_2pass,2025-08-29 06,sample,west,781.7,37.6
backbone_2pass,2025-09-04 13,sample,houston,29.3,11.2
backbone_2pass,2025-09-04 13,sample,north,21.2,11.2
backbone_2pass,2025-09-04 13,sample,south,37.8,11.2
backbone_2pass,2025-09-04 13,sample,west,1012.0,11.3
backbone_2pass,2025-09-08 06,sample,houston,27.4,20.9
backbone_2pass,2025-09-08 06,sample,north,9.2,18.2
backbone_2pass,2025-09-08 06,sample,south,68.5,23.6
backbone_2pass,2025-09-08 06,sample,west,1179.5,32.7
backbone_2pass,2025-09-10 06,sample,houston,28.1,18.0
backbone_2pass,2025-09-10 06,sample,north,17.5,17.8
backbone_2pass,2025-09-10 06,sample,south,42.3,18.2
backbone_2pass,2025-09-10 06,sample,west,1308.3,17.6
backbone_2pass,2025-09-12 13,sample,houston,29.2,17.9
backbone_2pass,2025-09-12 13,sample,north,24.3,17.9
backbone_2pass,2025-09-12 13,sample,south,31.4,17.9
backbone_2pass,2025-09-12 13,sample,west,457.6,17.9
backbone_2pass,2025-09-13 19,sample,houston,30.2,37.5
backbone_2pass,2025-09-13 19,sample,north,23.5,40.4
backbone_2pass,2025-09-13 19,sample,south,32.0,20.2
backbone_2pass,2025-09-13 19,sample,west,567.9,34.2
backbone_2pass,2025-09-15 00,sample,houston,87.3,40.5
backbone_2pass,2025-09-15 00,sample,north,65.7,41.1
backbone_2pass,2025-09-15 00,sample,south,113.9,38.5
backbone_2pass,2025-09-15 00,sample,west,641.1,41.5
backbone_2pass,2025-09-17 06,sample,houston,28.3,21.5
backbone_2pass,2025-09-17 06,sample,north,21.7,21.2
backbone_2pass,2025-09-17 06,sample,south,45.5,24.1
backbone_2pass,2025-09-17 06,sample,west,1049.5,29.5
backbone_2pass,2025-09-21 13,sample,houston,28.2,13.5
backbone_2pass,2025-09-21 13,sample,north,21.5,13.4
backbone_2pass,2025-09-21 13,sample,south,35.1,13.5
backbone_2pass,2025-09-21 13,sample,west,785.4,15.0
backbone_2pass,2025-09-22 01,sample,houston,71.2,40.0
backbone_2pass,2025-09-22 01,sample,north,44.8,40.1
backbone_2pass,2025-09-22 01,sample,south,182.4,39.5
backbone_2pass,2025-09-22 01,sample,west,1249.4,47.9
backbone_2pass,2025-09-23 13,sample,houston,29.8,20.6
backbone_2pass,2025-09-23 13,sample,north,22.2,20.6
backbone_2pass,2025-09-23 13,sample,south,38.5,-44.1
backbone_2pass,2025-09-23 13,sample,west,1156.6,21.0
backbone_2pass,2025-09-24 02,sample,houston,112.4,63.2
backbone_2pass,2025-09-24 02,sample,north,74.8,66.1
backbone_2pass,2025-09-24 02,sample,south,107.3,53.6
backbone_2pass,2025-09-24 02,sample,west,527.9,85.1
backbone_2pass,2025-10-04 20,sample,houston,29.8,42.9
backbone_2pass,2025-10-04 20,sample,north,24.0,14.9
backbone_2pass,2025-10-04 20,sample,south,29.5,28.4
backbone_2pass,2025-10-04 20,sample,west,496.3,10.5
backbone_2pass,2025-10-08 20,sample,houston,39.9,56.8
backbone_2pass,2025-10-08 20,sample,north,30.4,38.5
backbone_2pass,2025-10-08 20,sample,south,49.6,66.2
backbone_2pass,2025-10-08 20,sample,west,760.5,49.1
backbone_2pass,2025-10-10 06,sample,houston,27.5,25.1
backbone_2pass,2025-10-10 06,sample,north,5.9,23.0
backbone_2pass,2025-10-10 06,sample,south,91.1,27.7
backbone_2pass,2025-10-10 06,sample,west,1354.1,32.2
backbone_2pass,2025-10-12 21,sample,houston,31.9,35.1
backbone_2pass,2025-10-12 21,sample,north,23.1,35.5
backbone_2pass,2025-10-12 21,sample,south,51.2,43.7
backbone_2pass,2025-10-12 21,sample,west,919.1,43.3
backbone_2pass,2025-10-17 19,sample,houston,30.3,32.3
backbone_2pass,2025-10-17 19,sample,north,28.9,30.3
backbone_2pass,2025-10-17 19,sample,south,29.5,32.3
backbone_2pass,2025-10-17 19,sample,west,698.9,32.0
backbone_2pass,2025-10-18 13,sample,houston,28.2,24.4
backbone_2pass,2025-10-18 13,sample,north,21.9,20.9
backbone_2pass,2025-10-18 13,sample,south,43.8,26.8
backbone_2pass,2025-10-18 13,sample,west,806.7,33.2
backbone_2pass,2025-10-23 20,sample,houston,32.9,50.9
backbone_2pass,2025-10-23 20,sample,north,26.5,49.2
backbone_2pass,2025-10-23 20,sample,south,33.8,47.6
backbone_2pass,2025-10-23 20,sample,west,422.9,50.0
backbone_2pass,2025-10-29 13,sample,houston,28.3,5.5
backbone_2pass,2025-10-29 13,sample,north,23.1,1.9
backbone_2pass,2025-10-29 13,sample,south,30.9,8.1
backbone_2pass,2025-10-29 13,sample,west,612.2,11.6
backbone_2pass,2025-10-30 14,sample,houston,29.0,15.3
backbone_2pass,2025-10-30 14,sample,north,23.3,15.5
backbone_2pass,2025-10-30 14,sample,south,31.3,15.2
backbone_2pass,2025-10-30 14,sample,west,984.5,15.6
backbone_2pass,2025-11-02 13,sample,houston,25.8,19.3
backbone_2pass,2025-11-02 13,sample,north,-5.8,18.8
backbone_2pass,2025-11-02 13,sample,south,99.7,19.8
backbone_2pass,2025-11-02 13,sample,west,1531.5,19.2
backbone_2pass,2025-11-13 21,sample,houston,29.4,19.9
backbone_2pass,2025-11-13 21,sample,north,26.7,21.5
backbone_2pass,2025-11-13 21,sample,south,27.7,16.4
backbone_2pass,2025-11-13 21,sample,west,550.9,6.3
backbone_2pass,2025-11-14 19,sample,houston,29.8,20.9
backbone_2pass,2025-11-14 19,sample,north,24.3,20.9
backbone_2pass,2025-11-14 19,sample,south,27.9,20.9
backbone_2pass,2025-11-14 19,sample,west,1266.2,20.9
backbone_2pass,2025-11-15 06,sample,houston,28.3,20.7
backbone_2pass,2025-11-15 06,sample,north,21.4,24.3
backbone_2pass,2025-11-15 06,sample,south,44.7,18.1
backbone_2pass,2025-11-15 06,sample,west,1616.5,0.9
backbone_2pass,2025-11-21 08,sample,houston,27.3,23.1
backbone_2pass,2025-11-21 08,sample,north,5.0,21.8
backbone_2pass,2025-11-21 08,sample,south,84.0,24.3
backbone_2pass,2025-11-21 08,sample,west,1404.9,26.6
backbone_2pass,2025-11-22 21,sample,houston,29.2,43.6
backbone_2pass,2025-11-22 21,sample,north,23.6,24.4
backbone_2pass,2025-11-22 21,sample,south,31.1,76.3
backbone_2pass,2025-11-22 21,sample,west,485.8,31.0
backbone_2pass,2025-11-24 13,sample,houston,28.3,60.0
backbone_2pass,2025-11-24 13,sample,north,22.6,61.2
backbone_2pass,2025-11-24 13,sample,south,45.0,53.9
backbone_2pass,2025-11-24 13,sample,west,859.7,61.9
backbone_2pass,2025-11-26 15,sample,houston,27.8,12.7
backbone_2pass,2025-11-26 15,sample,north,14.9,25.4
backbone_2pass,2025-11-26 15,sample,south,38.6,8.4
backbone_2pass,2025-11-26 15,sample,west,709.7,22.6
backbone_2pass,2025-11-27 20,sample,houston,28.3,22.1
backbone_2pass,2025-11-27 20,sample,north,16.2,21.7
backbone_2pass,2025-11-27 20,sample,south,29.6,29.9
backbone_2pass,2025-11-27 20,sample,west,849.9,23.1
backbone_2pass,2025-11-28 13,sample,houston,27.6,19.4
backbone_2pass,2025-11-28 13,sample,north,15.8,22.3
backbone_2pass,2025-11-28 13,sample,south,44.1,17.7
backbone_2pass,2025-11-28 13,sample,west,1049.3,10.2
backbone_2pass,2025-12-01 20,sample,houston,32.4,42.7
backbone_2pass,2025-12-01 20,sample,north,30.2,50.3
backbone_2pass,2025-12-01 20,sample,south,29.5,61.0
backbone_2pass,2025-12-01 20,sample,west,539.2,52.7
backbone_2pass,2025-12-02 20,sample,houston,29.1,-1.7
backbone_2pass,2025-12-02 20,sample,north,24.6,-10.2
backbone_2pass,2025-12-02 20,sample,south,27.2,12.1
backbone_2pass,2025-12-02 20,sample,west,795.0,-8.3
backbone_2pass,2025-12-03 08,sample,houston,29.7,30.6
backbone_2pass,2025-12-03 08,sample,north,23.7,21.9
backbone_2pass,2025-12-03 08,sample,south,39.2,43.0
backbone_2pass,2025-12-03 08,sample,west,784.6,21.4
backbone_2pass,2025-12-05 13,sample,houston,64.0,46.0
backbone_2pass,2025-12-05 13,sample,north,23.9,39.6
backbone_2pass,2025-12-05 13,sample,south,102.6,56.3
backbone_2pass,2025-12-05 13,sample,west,903.1,53.2
backbone_2pass,2025-12-09 06,sample,houston,29.6,27.9
backbone_2pass,2025-12-09 06,sample,north,22.8,27.5
backbone_2pass,2025-12-09 06,sample,south,41.1,28.4
backbone_2pass,2025-12-09 06,sample,west,819.9,30.5
backbone_2pass,2025-12-16 20,sample,houston,29.1,17.0
backbone_2pass,2025-12-16 20,sample,north,25.5,15.4
backbone_2pass,2025-12-16 20,sample,south,28.2,17.4
backbone_2pass,2025-12-16 20,sample,west,676.7,2.5
backbone_2pass,2025-12-19 21,sample,houston,27.9,0.2
backbone_2pass,2025-12-19 21,sample,north,17.6,2.6
backbone_2pass,2025-12-19 21,sample,south,28.1,2.3
backbone_2pass,2025-12-19 21,sample,west,540.7,-16.5
backbone_2pass,2025-12-22 04,sample,houston,26.5,22.8
backbone_2pass,2025-12-22 04,sample,north,6.3,22.7
backbone_2pass,2025-12-22 04,sample,south,103.2,23.0
backbone_2pass,2025-12-22 04,sample,west,1728.5,23.1
backbone_2pass,2025-12-26 08,sample,houston,26.7,11.9
backbone_2pass,2025-12-26 08,sample,north,9.8,11.3
backbone_2pass,2025-12-26 08,sample,south,39.4,12.4
backbone_2pass,2025-12-26 08,sample,west,851.7,19.7
backbone_2pass,2025-12-27 21,sample,houston,28.7,1.2
backbone_2pass,2025-12-27 21,sample,north,23.0,0.6
backbone_2pass,2025-12-27 21,sample,south,30.9,-2.5
backbone_2pass,2025-12-27 21,sample,west,505.6,-1.8
backbone_2pass,2025-12-29 13,sample,houston,27.2,33.3
backbone_2pass,2025-12-29 13,sample,north,25.3,36.6
backbone_2pass,2025-12-29 13,sample,south,43.9,25.8
backbone_2pass,2025-12-29 13,sample,west,1311.4,41.6
backbone_2pass,2026-02-19 21,sample,houston,28.2,
backbone_2pass,2026-02-19 21,sample,north,20.4,
backbone_2pass,2026-02-19 21,sample,south,29.7,
backbone_2pass,2026-02-19 21,sample,west,466.4,
backbone_2pass,2026-02-23 20,sample,houston,28.5,-2.0
backbone_2pass,2026-02-23 20,sample,north,17.5,-2.0
backbone_2pass,2026-02-23 20,sample,south,29.6,-2.0
backbone_2pass,2026-02-23 20,sample,west,473.6,-2.0
backbone_2pass,2026-02-25 15,sample,houston,28.1,11.5
backbone_2pass,2026-02-25 15,sample,north,25.2,10.6
backbone_2pass,2026-02-25 15,sample,south,28.8,3.4
backbone_2pass,2026-02-25 15,sample,west,291.8,9.5
backbone_2pass,2026-02-27 21,sample,houston,28.8,21.9
backbone_2pass,2026-02-27 21,sample,north,15.4,-1.1
backbone_2pass,2026-02-27 21,sample,south,30.1,13.3
backbone_2pass,2026-02-27 21,sample,west,591.6,0.9
backbone_2pass,2026-03-02 06,sample,houston,27.8,25.7
backbone_2pass,2026-03-02 06,sample,north,20.1,25.9
backbone_2pass,2026-03-02 06,sample,south,43.3,25.6
backbone_2pass,2026-03-02 06,sample,west,861.5,26.0
backbone_2pass,2026-03-05 06,sample,houston,27.4,20.6
backbone_2pass,2026-03-05 06,sample,north,17.7,21.0
backbone_2pass,2026-03-05 06,sample,south,51.2,18.2
backbone_2pass,2026-03-05 06,sample,west,1089.4,21.4
backbone_2pass,2026-03-07 21,sample,houston,29.0,42.5
backbone_2pass,2026-03-07 21,sample,north,26.3,34.8
backbone_2pass,2026-03-07 21,sample,south,28.3,23.1
backbone_2pass,2026-03-07 21,sample,west,373.8,32.5
backbone_2pass,2026-03-10 08,sample,houston,27.9,24.5
backbone_2pass,2026-03-10 08,sample,north,17.9,23.7
backbone_2pass,2026-03-10 08,sample,south,40.1,23.7
backbone_2pass,2026-03-10 08,sample,west,790.3,24.6
backbone_2pass,2026-03-11 20,sample,houston,28.2,23.1
backbone_2pass,2026-03-11 20,sample,north,22.1,20.1
backbone_2pass,2026-03-11 20,sample,south,31.0,13.0
backbone_2pass,2026-03-11 20,sample,west,1038.7,-25.9
backbone_2pass,2026-03-18 06,sample,houston,28.3,27.1
backbone_2pass,2026-03-18 06,sample,north,21.7,12.2
backbone_2pass,2026-03-18 06,sample,south,34.7,30.6
backbone_2pass,2026-03-18 06,sample,west,548.4,-4.2
backbone_2pass,2026-03-19 08,sample,houston,27.6,16.5
backbone_2pass,2026-03-19 08,sample,north,15.7,8.4
backbone_2pass,2026-03-19 08,sample,south,38.3,18.2
backbone_2pass,2026-03-19 08,sample,west,743.8,1.0
backbone_2pass,2026-03-23 06,sample,houston,28.1,23.9
backbone_2pass,2026-03-23 06,sample,north,19.3,23.7
backbone_2pass,2026-03-23 06,sample,south,44.9,23.9
backbone_2pass,2026-03-23 06,sample,west,1563.9,23.5
backbone_2pass,2026-03-24 06,sample,houston,28.3,51.9
backbone_2pass,2026-03-24 06,sample,north,28.4,51.9
backbone_2pass,2026-03-24 06,sample,south,43.2,51.9
backbone_2pass,2026-03-24 06,sample,west,559.1,52.2
backbone_2pass,2026-03-27 13,sample,houston,28.5,16.4
backbone_2pass,2026-03-27 13,sample,north,26.2,17.9
backbone_2pass,2026-03-27 13,sample,south,29.4,13.5
backbone_2pass,2026-03-27 13,sample,west,751.3,-3.7
backbone_2pass,2026-03-30 00,sample,houston,35.4,30.9
backbone_2pass,2026-03-30 00,sample,north,24.0,20.5
backbone_2pass,2026-03-30 00,sample,south,47.9,29.6
backbone_2pass,2026-03-30 00,sample,west,783.3,2.0
backbone_2pass,2026-04-02 13,sample,houston,28.9,23.9
backbone_2pass,2026-04-02 13,sample,north,27.0,24.1
backbone_2pass,2026-04-02 13,sample,south,29.9,20.7
backbone_2pass,2026-04-02 13,sample,west,463.4,28.2
backbone_2pass,2026-04-03 15,sample,houston,28.3,16.0
backbone_2pass,2026-04-03 15,sample,north,24.2,16.3
backbone_2pass,2026-04-03 15,sample,south,29.5,14.5
backbone_2pass,2026-04-03 15,sample,west,411.8,-1.7
backbone_2pass,2026-04-08 15,sample,houston,28.2,16.0
backbone_2pass,2026-04-08 15,sample,north,23.9,-1.8
backbone_2pass,2026-04-08 15,sample,south,29.5,19.1
backbone_2pass,2026-04-08 15,sample,west,396.1,-1.8
backbone_2pass,2026-04-14 20,sample,houston,33.7,17.3
backbone_2pass,2026-04-14 20,sample,north,22.0,14.3
backbone_2pass,2026-04-14 20,sample,south,39.9,14.4
backbone_2pass,2026-04-14 20,sample,west,644.9,-18.9
backbone_2pass,2026-04-17 08,sample,houston,28.3,21.4
backbone_2pass,2026-04-17 08,sample,north,22.2,10.4
backbone_2pass,2026-04-17 08,sample,south,34.0,12.9
backbone_2pass,2026-04-17 08,sample,west,619.8,2.2
backbone_2pass,2026-04-19 19,sample,houston,27.8,7.8
backbone_2pass,2026-04-19 19,sample,north,19.0,-6.8
backbone_2pass,2026-04-19 19,sample,south,30.2,36.0
backbone_2pass,2026-04-19 19,sample,west,458.4,-3.1
backbone_2pass,2026-04-20 19,sample,houston,28.2,50.7
backbone_2pass,2026-04-20 19,sample,north,19.5,27.8
backbone_2pass,2026-04-20 19,sample,south,30.5,87.9
backbone_2pass,2026-04-20 19,sample,west,381.5,42.9
backbone_2pass,2026-04-24 13,sample,houston,32.8,26.9
backbone_2pass,2026-04-24 13,sample,north,26.0,18.1
backbone_2pass,2026-04-24 13,sample,south,35.4,29.9
backbone_2pass,2026-04-24 13,sample,west,451.1,19.8
