"OWNER RE","RESOURCE NAME","TYPE","SPLIT GEN RESOURCE","DME","DME DUNS","RMR"
"1370 SHANNON LLC (RE)","SHANNONW_UNIT_1","Generation","Not Applicable","1370 SHANNON LLC (DME)","1450336317000","N"
"224WB 8ME LLC (RE)","GALLOWAY_SOLAR2","Generation","Not Applicable","224WB 8ME LLC (DME)","0815527087000","N"
"225DD 8ME LLC (RE)","GALLOWAY_SOLAR1","Generation","Not Applicable","225DD 8ME LLC (DME)","0815490207000","N"
"226HC 8ME LLC (RE)","HOLSTEIN_SOLAR1","Generation","Not Applicable","226HC 8ME LLC (DME)","1169540657000","N"
"226HC 8ME LLC (RE)","HOLSTEIN_SOLAR2","Generation","Not Applicable","226HC 8ME LLC (DME)","1169540657000","N"
"2W PERMIAN SOLAR LLC (RE)","EUNICE_ESR1","Storage","Not Applicable","2W PERMIAN SOLAR LLC (DME)","1170617507000","N"
"2W PERMIAN SOLAR LLC (RE)","EUNICE_PV1","Generation","Not Applicable","2W PERMIAN SOLAR LLC (DME)","1170617507000","N"
"2W PERMIAN SOLAR LLC (RE)","EUNICE_PV2","Generation","Not Applicable","2W PERMIAN SOLAR LLC (DME)","1170617507000","N"
"7V SOLAR RANCH LLC (RE)","7RNCHSLR_UNIT1","Generation","Not Applicable","7V SOLAR RANCH LLC (DME)","1176732687000","N"
"7V SOLAR RANCH LLC (RE)","7RNCHSLR_UNIT2","Generation","Not Applicable","7V SOLAR RANCH LLC (DME)","1176732687000","N"
"7V SOLAR RANCH LLC (RE)","7RNCHSLR_UNIT3","Generation","Not Applicable","7V SOLAR RANCH LLC (DME)","1176732687000","N"
"ABLES SPRINGS SOLAR LLC (RE)","ELZA_SLR_SOLAR1","Generation","Not Applicable","ENEL TRADING NORTH AMERICA LLC (DME)","0805985627000","N"
"ABLES SPRINGS STORAGE LLC (RE)","ELZA_SLR_ESR1","Storage","Not Applicable","ENEL TRADING NORTH AMERICA LLC (DME)","0805985627000","N"
"AE TELVIEW ESS LLC (RE)","TV_ESR1","Storage","Not Applicable","AE TELVIEW ESS LLC (DME)","1189455027000","N"
"AGGREKO MSR GRID PC2 LLC (RE)","LANTANA_ESR1","Storage","Not Applicable","AGGREKO MSR GRID PC2 LLC (DME)","1193710767000","N"
"AGGREKO MSR GRID PC5 LLC (RE)","E_HARRIS_ESR1","Storage","Not Applicable","AGGREKO MSR GRID PC5 LLC (DME)","1193710897000","N"
"AGGREKO MSR GRID PC7 LLC (RE)","OLMITO_ESR1","Storage","Not Applicable","AGGREKO MSR GRID PC7 LLC (DME)","1193801617000","N"
"AIR LIQUIDE LARGE INDUSTRIES US LP (RE)","BYU_BYU_G1","Generation","Not Applicable","AIR LIQUIDE LARGE INDUSTRIES US LP (DME)","1800150627000","N"
"AIR LIQUIDE LARGE INDUSTRIES US LP (RE)","BYU_BYU_G2","Generation","Not Applicable","AIR LIQUIDE LARGE INDUSTRIES US LP (DME)","1800150627000","N"
"AIR LIQUIDE LARGE INDUSTRIES US LP (RE)","BYU_BYU_G3","Generation","Not Applicable","AIR LIQUIDE LARGE INDUSTRIES US LP (DME)","1800150627000","N"
"AIR LIQUIDE LARGE INDUSTRIES US LP (RE)","BYU_BYU_G4","Generation","Not Applicable","AIR LIQUIDE LARGE INDUSTRIES US LP (DME)","1800150627000","N"
"AL PASTOR BESS LLC (RE)","ALP_BESS_ESR1","Storage","Not Applicable","HABITAT ENERGY INC (DME)","1186110077000","N"
"ALAMO 6 LLC (RE)","SIRIUS_UNIT1","Generation","Not Applicable","ALAMO 6 LLC (DME)","0797690567000","N"
"ALAMO CLEAN ENERGY CENTER LLC (RE)","ALAMO_ST_ESR1","Storage","Not Applicable","ALAMO CLEAN ENERGY CENTER LLC (DME)","1253537937000","N"
"AMADEUS WIND LLC (RE)","AMADEUS1_UNIT1","Generation","Not Applicable","AMADEUS WIND LLC (DME)","0642121427000","N"
"AMADEUS WIND LLC (RE)","AMADEUS1_UNIT2","Generation","Not Applicable","AMADEUS WIND LLC (DME)","0642121427000","N"
"AMADEUS WIND LLC (RE)","AMADEUS2_UNIT3","Generation","Not Applicable","AMADEUS WIND LLC (DME)","0642121427000","N"
"ANACACHO WIND FARM LLC (RE)","ANACACHO_ANA","Generation","Not Applicable","RWE CLEAN ENERGY LLC (DME)","1680625407000","N"
"ANEMOI ENERGY STORAGE LLC (RE)","ANEM_ESS_ESR1","Storage","Not Applicable","PLUS POWER LLC (DME)","0097952567000","N"
"ANGELO SOLAR LLC (RE)","ANG_SLR_UNIT1","Generation","Not Applicable","APEX CLEAN ENERGY HOLDINGS LLC (DME)","9633590917000","N"
"ANGELO STORAGE LLC (RE)","ANG_SLR_ESR1","Storage","Not Applicable","APEX CLEAN ENERGY HOLDINGS LLC (DME)","9633590917000","N"
"ANOLE ENERGY STORAGE LLC (RE)","ANOL_ESS_ESR1","Storage","Not Applicable","ANOLE ENERGY STORAGE LLC (DME)","1192394597000","N"
"ANSON SOLAR CENTER 2 LLC (RE)","ANSON2_UNIT1","Generation","Not Applicable","ENGIE ENERGY MARKETING NA INC (DME)","9689097397000","N"
"ANSON SOLAR CENTER LLC (RE)","ANSON1_UNIT1","Generation","Not Applicable","ENGIE ENERGY MARKETING NA INC (DME)","9689097397000","N"
"ANSON SOLAR CENTER LLC (RE)","ANSON1_UNIT2","Generation","Not Applicable","ENGIE ENERGY MARKETING NA INC (DME)","9689097397000","N"
"AP SOLAR 2 LLC (RE)","JAY_UNIT1","Generation","Not Applicable","AP SOLAR 2 LLC (DME)","1171866727000","N"
"AP SOLAR 2 LLC (RE)","JAY_UNIT2","Generation","Not Applicable","AP SOLAR 2 LLC (DME)","1171866727000","N"
"AP SOLAR 4 LLC (RE)","CHAR_SLR_UNIT1","Generation","Not Applicable","AP SOLAR 4 LLC (DME)","1172009437000","N"
"AP SOLAR 4 LLC (RE)","CHAR_SLR_UNIT2","Generation","Not Applicable","AP SOLAR 4 LLC (DME)","1172009437000","N"
"AP SUNRAY LLC (RE)","SUN_SLR_UNIT_1","Generation","Not Applicable","AP SUNRAY LLC (DME)","1189944597000","N"
"APPALOOSA RUN WIND LLC (RE)","APPALOSA_UNIT1","Generation","Not Applicable","NEXTERA ENERGY RESOURCES LLC (DME)","0590069377000","N"
"APPALOOSA RUN WIND LLC (RE)","APPALOSA_UNIT2","Generation","Not Applicable","NEXTERA ENERGY RESOURCES LLC (DME)","0590069377000","N"
"APPLE INFRA LLC (RE)","APPLE_ESR1","Storage","Not Applicable","APPLE INFRA LLC (DME)","1194755147000","N"
"ARMADILLO SOLAR CENTER LLC (RE)","ARMD_SLR_UNIT1","Generation","Not Applicable","ARMADILLO SOLAR CENTER LLC (DME)","1113858217000","N"
"ARMADILLO SOLAR CENTER LLC (RE)","ARMD_SLR_UNIT2","Generation","Not Applicable","ARMADILLO SOLAR CENTER LLC (DME)","1113858217000","N"
"ASH CREEK SOLAR LLC (RE)","ASCK_SLR_SOLAR1","Generation","Not Applicable","ASH CREEK SOLAR LLC (DME)","1125862367000","N"
"ASH CREEK SOLAR LLC (RE)","ASCK_SLR_SOLAR2","Generation","Not Applicable","ASH CREEK SOLAR LLC (DME)","1125862367000","N"
"ASTRA WIND LLC (RE)","ASTRA_UNIT1","Generation","Not Applicable","ASTRA WIND LLC (DME)","0804267667000","N"
"AVANGRID TEXAS RENEWABLES LLC (RE)","BAFFIN_UNIT1","Generation","Not Applicable","AVANGRID POWER LLC (DME)","9473764227000","N"
"AVANGRID TEXAS RENEWABLES LLC (RE)","BAFFIN_UNIT2","Generation","Not Applicable","AVANGRID POWER LLC (DME)","9473764227000","N"
"AVANGRID TEXAS RENEWABLES LLC (RE)","BRTSW_BCW1","Generation","Not Applicable","AVANGRID POWER LLC (DME)","9473764227000","N"
"AVANGRID TEXAS RENEWABLES LLC (RE)","PENA3_UNIT3","Generation","PENA3_UNIT3_J02","AVANGRID TEXAS RENEWABLES LLC (DME)","8055242417000","N"
"AVANGRID TEXAS RENEWABLES LLC (RE)","PENA_UNIT2","Generation","PENA_UNIT2_J01","AVANGRID TEXAS RENEWABLES LLC (DME)","8055242417000","N"
"AVANGRID TEXAS RENEWABLES LLC B (RE)","PENA3_UNIT3","Generation","PENA3_UNIT3_J01","CPS ENERGY (DME)","0079360737000","N"
"AVANGRID TEXAS RENEWABLES LLC B (RE)","PENA_UNIT1","Generation","Not Applicable","CPS ENERGY (DME)","0079360737000","N"
"AVANGRID TEXAS RENEWABLES LLC B (RE)","PENA_UNIT2","Generation","PENA_UNIT2_J02","CPS ENERGY (DME)","0079360737000","N"
"AVIATOR WIND LLC (RE)","AVIATOR_UNIT1","Generation","Not Applicable","AVIATOR WIND LLC (DME)","0809740637000","N"
"AVIATOR WIND LLC (RE)","AVIATOR_UNIT2","Generation","Not Applicable","AVIATOR WIND LLC (DME)","0809740637000","N"
"AVIATOR WIND LLC (RE)","DEWOLF_UNIT1","Generation","Not Applicable","AVIATOR WIND LLC (DME)","0809740637000","N"
"AZALEA SPRINGS SOLAR PARK LLC (RE)","AZSP_SLR_SOLAR1","Generation","Not Applicable","EDP RENEWABLES NORTH AMERICA LLC (DME)","0155344697000","N"
"AZURE SKY SOLAR PROJECT LLC (RE)","AZURE_ESR1","Storage","Not Applicable","ENEL TRADING NORTH AMERICA LLC (DME)","0805985627000","N"
"AZURE SKY SOLAR PROJECT LLC (RE)","AZURE_SOLAR1","Generation","Not Applicable","ENEL TRADING NORTH AMERICA LLC (DME)","0805985627000","N"
"AZURE SKY SOLAR PROJECT LLC (RE)","AZURE_SOLAR2","Generation","Not Applicable","ENEL TRADING NORTH AMERICA LLC (DME)","0805985627000","N"
"AZURE SKY WIND PROJECT LLC (RE)","VORTEX_WIND1","Generation","Not Applicable","ENEL TRADING NORTH AMERICA LLC (DME)","0805985627000","N"
"AZURE SKY WIND PROJECT LLC (RE)","VORTEX_WIND2","Generation","Not Applicable","ENEL TRADING NORTH AMERICA LLC (DME)","0805985627000","N"
"AZURE SKY WIND PROJECT LLC (RE)","VORTEX_WIND3","Generation","Not Applicable","ENEL TRADING NORTH AMERICA LLC (DME)","0805985627000","N"
"AZURE SKY WIND PROJECT LLC (RE)","VORTEX_WIND4","Generation","Not Applicable","ENEL TRADING NORTH AMERICA LLC (DME)","0805985627000","N"
"AZURE SKY WIND STORAGE LLC (RE)","VORTEX_ESR1","Storage","Not Applicable","ENEL TRADING NORTH AMERICA LLC (DME)","0805985627000","N"
"BACCHARIS STORAGE LLC (RE)","DA_ESR1","Storage","Not Applicable","BACCHARIS STORAGE LLC (DME)","1184994347000","N"
"BACKBONE CREEK BESS LLC (RE)","BKBN_ESR_ESR1","Storage","Not Applicable","BACKBONE CREEK BESS LLC (DME)","1114079017000","N"
"BARBAR STORAGE LLC (RE)","DA_ESR3","Storage","Not Applicable","BARBAR STORAGE LLC (DME)","1194828277000","N"
"BARILLA SOLAR LLC (RE)","HOVEY_UNIT1","Generation","Not Applicable","BARILLA SOLAR LLC (DME)","0792504337000","N"
"BARILLA SOLAR LLC (RE)","HOVEY_UNIT2","Generation","Not Applicable","BARILLA SOLAR LLC (DME)","0792504337000","N"
"BARRETT SOLAR PROJECT LLC (RE)","BART_SLR_SOLAR1","Generation","Not Applicable","BARRETT SOLAR PROJECT LLC (DME)","1079953737000","N"
"BASTROP ENERGY PARTNERS LP (RE)","BASTEN_GTG1100","Generation","Not Applicable","MPH MESQUITE LLC (DME)","1190003507000","N"
"BASTROP ENERGY PARTNERS LP (RE)","BASTEN_GTG2100","Generation","Not Applicable","MPH MESQUITE LLC (DME)","1190003507000","N"
"BASTROP ENERGY PARTNERS LP (RE)","BASTEN_ST0100","Generation","Not Applicable","MPH MESQUITE LLC (DME)","1190003507000","N"
"BDPU SOLAR NIGHTFALL LLC (RE)","NFAL_SLR_SOLAR1","Generation","Not Applicable","BDPU SOLAR NIGHTFALL LLC (DME)","0573068307000","N"
"BEARKAT WIND ENERGY I LLC (RE)","NBOHR_UNIT1","Generation","Not Applicable","BEARKAT WIND ENERGY I LLC (DME)","0804228167000","N"
"BELL 1 SOLAR LLC (RE)","HRMS_SLR_UNIT1","Generation","Not Applicable","BELL 1 SOLAR LLC (DME)","1194536807000","N"
"BELL 1 STORAGE LLC (RE)","HRMS_SLR_ESR1","Storage","Not Applicable","BELL 1 STORAGE LLC (DME)","1194548527000","N"
"BEN MILAM SOLAR 1 LLC (RE)","AURO_SLR_UNIT1","Generation","Not Applicable","SB ENERGY DEVCO (US) INC (DME)","1176517237000","N"
"BEN MILAM SOLAR 2 LLC (RE)","MAND_SLR_UNIT1","Generation","Not Applicable","SB ENERGY DEVCO (US) INC (DME)","1176517237000","N"
"BEN MILAM SOLAR 3 LLC (RE)","HALO_SLR_UNIT1","Generation","Not Applicable","SB ENERGY DEVCO (US) INC (DME)","1176517237000","N"
"BERNARD CREEK SOLAR LLC (RE)","SBE_UNIT1","Generation","Not Applicable","ENGIE ENERGY MARKETING NA INC (DME)","9689097397000","N"
"BESS LA FERIA LLC (RE)","MESQUITE_ESR1","Storage","Not Applicable","BESS LA FERIA LLC (DME)","1194599377000","N"
"BESS STADIUM LLC (RE)","STADIUM_ESR1","Storage","Not Applicable","BESS STADIUM LLC (DME)","1193307397000","N"
"BEXAR CORRILLA LLC (RE)","Z0_ESR1","Storage","Not Applicable","BEXAR CORRILLA LLC (DME)","1195408857000","N"
"BEXAR ESS LLC (RE)","BEXAR_ES_ESR1","Storage","Not Applicable","BEXAR ESS LLC (DME)","1112066957000","N"
"BEXAR MARTINEZ LLC (RE)","C5_ESR1","Storage","Not Applicable","BEXAR MARTINEZ LLC (DME)","1195412767000","N"
"BHE PEARL SOLAR LLC (RE)","SIRIUS_UNIT2","Generation","Not Applicable","BHE PEARL SOLAR LLC (DME)","0799884957000","N"
"BHER POWER RESOURCES INC (RE)","FLCNS_UNIT1","Generation","Not Applicable","BHER POWER RESOURCES INC (DME)","0219853487000","N"
"BHER POWER RESOURCES INC (RE)","FLCNS_UNIT2","Generation","Not Applicable","BHER POWER RESOURCES INC (DME)","0219853487000","N"
"BIG ELM SOLAR LLC (RE)","BELM_SLR_UNIT1","Generation","Not Applicable","APEX CLEAN ENERGY HOLDINGS LLC (DME)","9633590917000","N"
"BIG SAMPSON WIND PROJECT LLC (RE)","BIGSAMWD_UNIT1","Generation","Not Applicable","ENGIE ENERGY MARKETING NA INC (DME)","9689097397000","N"
"BIG SAMPSON WIND PROJECT LLC (RE)","BIGSAMWD_UNIT2","Generation","Not Applicable","ENGIE ENERGY MARKETING NA INC (DME)","9689097397000","N"
"BIG STAR SOLAR LLC (RE)","BIG_STAR_ESR1","Storage","Not Applicable","RWE CLEAN ENERGY LLC (DME)","1680625407000","N"
"BIG STAR SOLAR LLC (RE)","BIG_STAR_UNIT1","Generation","Not Applicable","RWE CLEAN ENERGY LLC (DME)","1680625407000","N"
"BIG STAR SOLAR LLC (RE)","BIG_STAR_UNIT2","Generation","Not Applicable","RWE CLEAN ENERGY LLC (DME)","1680625407000","N"
"BLACK SPRINGS BESS LLC (RE)","BLACKSPR_ESR1","Storage","Not Applicable","BLACK SPRINGS BESS LLC (DME)","1194082957000","N"
"BLACKJACK CREEK WIND FARM LLC (RE)","BLACKJAK_UNIT1","Generation","Not Applicable","RWE CLEAN ENERGY LLC (DME)","1680625407000","N"
"BLACKJACK CREEK WIND FARM LLC (RE)","BLACKJAK_UNIT2","Generation","Not Applicable","RWE CLEAN ENERGY LLC (DME)","1680625407000","N"
"BLEVINS SOLAR LLC (RE)","BLVN_SLR_SOLAR2","Generation","Not Applicable","BLEVINS SOLAR LLC (DME)","1179323517000","N"
"BLEVINS SOLAR LLC (RE)","BLVN_SLR_SOLAR3","Generation","Not Applicable","BLEVINS SOLAR LLC (DME)","1179323517000","N"
"BLEVINS STORAGE LLC (RE)","BLVN_SLR_ESR1","Storage","Not Applicable","SHELL ENERGY NORTH AMERICA (US) LP (DME)","9375172667000","N"
"BLUE CUBE OPERATIONS LLC (RE)","DOWGEN_DOW_G61","Generation","Not Applicable","BLUE CUBE OPERATIONS LLC (DME)","0797675897000","N"
"BLUE CUBE OPERATIONS LLC (RE)","DOWGEN_DOW_G63","Generation","Not Applicable","BLUE CUBE OPERATIONS LLC (DME)","0797675897000","N"
"BLUE CUBE OPERATIONS LLC (RE)","DOWGEN_DOW_G67","Generation","Not Applicable","BLUE CUBE OPERATIONS LLC (DME)","0797675897000","N"
"BLUE CUBE OPERATIONS LLC (RE)","DOWGEN_DOW_ST65","Generation","Not Applicable","BLUE CUBE OPERATIONS LLC (DME)","0797675897000","N"
"BLUE JAY SOLAR I LLC (RE)","BLUEJAY_ESR1","Storage","Not Applicable","ENEL TRADING NORTH AMERICA LLC (DME)","0805985627000","N"
"BLUE JAY SOLAR I LLC (RE)","BLUEJAY_UNIT1","Generation","Not Applicable","ENEL TRADING NORTH AMERICA LLC (DME)","0805985627000","N"
"BLUE JAY SOLAR I LLC (RE)","BLUEJAY_UNIT2","Generation","Not Applicable","ENEL TRADING NORTH AMERICA LLC (DME)","0805985627000","N"
"BLUE SUMMIT II STORAGE LLC (RE)","BLSUMMIT_ESR2","Storage","Not Applicable","BLUE SUMMIT II STORAGE LLC (DME)","1194518257000","N"
"BLUE SUMMIT II WIND LLC (RE)","BLSUMMIT_UNIT2_17","Generation","Not Applicable","BLUE SUMMIT II WIND LLC (DME)","0811746307000","N"
"BLUE SUMMIT II WIND LLC (RE)","BLSUMMIT_UNIT2_25","Generation","Not Applicable","BLUE SUMMIT II WIND LLC (DME)","0811746307000","N"
"BLUE SUMMIT III WIND LLC (RE)","BLSUMIT3_UNIT_17","Generation","Not Applicable","NEXTERA ENERGY RESOURCES LLC (DME)","0590069377000","N"
"BLUE SUMMIT III WIND LLC (RE)","BLSUMIT3_UNIT_25","Generation","Not Applicable","NEXTERA ENERGY RESOURCES LLC (DME)","0590069377000","N"
"BLUE SUMMIT STORAGE LLC (RE)","BLSUMMIT_ESR1","Storage","Not Applicable","BLUE SUMMIT STORAGE LLC (DME)","0804025267000","N"
"BLUE SUMMIT WIND LLC (RE)","BLSUMMIT_BLSMT1_5","Generation","Not Applicable","BLUE SUMMIT WIND LLC (DME)","0783641907000","N"
"BLUE SUMMIT WIND LLC (RE)","BLSUMMIT_BLSMT1_6","Generation","Not Applicable","BLUE SUMMIT WIND LLC (DME)","0783641907000","N"
"BLUEBELL SOLAR II LLC (RE)","CAPRIDG4_BB2_PV1","Generation","Not Applicable","NEXTERA ENERGY RESOURCES LLC (DME)","0590069377000","N"
"BLUEBELL SOLAR II LLC (RE)","CAPRIDG4_BB2_PV2","Generation","Not Applicable","NEXTERA ENERGY RESOURCES LLC (DME)","0590069377000","N"
"BLUEBELL SOLAR LLC (RE)","CAPRIDG4_BB_PV","Generation","Not Applicable","BLUEBELL SOLAR LLC (DME)","0810780477000","N"
"BMP WIND LLC (RE)","BAIRDWND_UNIT1","Generation","Not Applicable","BMP WIND LLC (DME)","0809377117000","N"
"BMP WIND LLC (RE)","BAIRDWND_UNIT2","Generation","Not Applicable","BMP WIND LLC (DME)","0809377117000","N"
"BNB LAMESA SOLAR LLC (RE)","LMESASLR_UNIT1","Generation","Not Applicable","BNB LAMESA SOLAR LLC (DME)","0803532597000","N"
"BNB TENNYSON SOLAR LLC (RE)","ULYS_SLR_PV1","Generation","Not Applicable","BNB TENNYSON SOLAR LLC (DME)","1125682607000","N"
"BOBCAT BLUFF WIND PROJECT LLC (RE)","BCATWIND_WIND_1","Generation","Not Applicable","BOBCAT BLUFF WIND PROJECT LLC (DME)","0785047937000","N"
"BOCANOVA POWER II LLC (RE)","BCNV2_ES_ESR1","Storage","Not Applicable","BOCANOVA POWER II LLC (DME)","1448709867000","N"
"BOCANOVA POWER LLC (RE)","BCNV_ESS_ESR1","Storage","Not Applicable","BOCANOVA POWER LLC (DME)","1193803237000","N"
"BORDEN COUNTY BATTERY ENERGY STORAGE SYSTEM LLC (RE)","BOCO_ESS_ESR1","Storage","Not Applicable","BORDEN COUNTY BATTERY ENERGY STORAGE SYSTEM LLC (DME)","1189952187000","N"
"BPL CROWN SOLAR LLC (RE)","CRWN_SLR_UNIT1","Generation","Not Applicable","UNIPER GLOBAL COMMODITIES NORTH AMERICA LLC (DME)","0790933507000","N"
"BPL FILES SOLAR LLC (RE)","FILESSLR_PV1","Generation","Not Applicable","UNIPER GLOBAL COMMODITIES NORTH AMERICA LLC (DME)","0790933507000","N"
"BPL SOL SOLAR LLC (RE)","GOLINDA_UNIT1","Generation","Not Applicable","UNIPER GLOBAL COMMODITIES NORTH AMERICA LLC (DME)","0790933507000","N"
"BRAES BAYOU GENERATING LLC (RE)","RAB_UNIT3","Generation","Not Applicable","SOUTH TEXAS ELECTRIC CO OP INC (DME)","0038663327000","N"
"BRAES BAYOU GENERATING LLC (RE)","RAB_UNIT4","Generation","Not Applicable","SOUTH TEXAS ELECTRIC CO OP INC (DME)","0038663327000","N"
"BRAES BAYOU GENERATING LLC (RE)","RAB_UNIT5","Generation","Not Applicable","SOUTH TEXAS ELECTRIC CO OP INC (DME)","0038663327000","N"
"BRAES BAYOU GENERATING LLC (RE)","RAB_UNIT6","Generation","Not Applicable","SOUTH TEXAS ELECTRIC CO OP INC (DME)","0038663327000","N"
"BRAES BAYOU GENERATING LLC (RE)","RAB_UNIT7","Generation","Not Applicable","SOUTH TEXAS ELECTRIC CO OP INC (DME)","0038663327000","N"
"BRAES BAYOU GENERATING LLC (RE)","RAB_UNIT8","Generation","Not Applicable","SOUTH TEXAS ELECTRIC CO OP INC (DME)","0038663327000","N"
"BRAES BAYOU II LLC (RE)","RAB_UNIT1","Generation","Not Applicable","SOUTH TEXAS ELECTRIC CO OP INC (DME)","0038663327000","N"
"BRAES BAYOU II LLC (RE)","RAB_UNIT2","Generation","Not Applicable","SOUTH TEXAS ELECTRIC CO OP INC (DME)","0038663327000","N"
"BRAZORIA COUNTY SOLAR PROJECT LLC (RE)","DAG_UNIT1","Generation","Not Applicable","BRAZORIA COUNTY SOLAR PROJECT LLC (DME)","1180378257000","N"
"BRAZORIA COUNTY SOLAR PROJECT LLC (RE)","DAG_UNIT2","Generation","Not Applicable","BRAZORIA COUNTY SOLAR PROJECT LLC (DME)","1180378257000","N"
"BRAZORIA SOLAR I LLC (RE)","TNG_SOLAR1","Generation","Not Applicable","TOTALENERGIES RENEWABLES USA LLC (DME)","1185605467000","N"
"BRAZORIA SOLAR I LLC (RE)","TNG_SOLAR2","Generation","Not Applicable","TOTALENERGIES RENEWABLES USA LLC (DME)","1185605467000","N"
"BRAZORIA WEST SOLAR PROJECT LLC (RE)","WES_UNIT1","Generation","Not Applicable","BRAZORIA WEST SOLAR PROJECT LLC (DME)","1180377727000","N"
"BRAZORIA WEST SOLAR PROJECT LLC (RE)","WES_UNIT2","Generation","Not Applicable","BRAZORIA WEST SOLAR PROJECT LLC (DME)","1180377727000","N"
"BRAZOS BEND BESS LLC (RE)","RBN_ESR1","Storage","Not Applicable","BRAZOS BEND BESS LLC (DME)","0995338657000","N"
"BRAZOS WIND VENTURES LLC (RE)","BRAZ_WND_WND1","Generation","Not Applicable","LUMINANT ENERGY COMPANY LLC (DME)","6062523937000","N"
"BRAZOS WIND VENTURES LLC (RE)","BRAZ_WND_WND2","Generation","Not Applicable","LUMINANT ENERGY COMPANY LLC (DME)","6062523937000","N"
"BRIAR CREEK SOLAR 1 LLC (RE)","VISION_UNIT1","Generation","Not Applicable","BRIAR CREEK SOLAR 1 LLC (DME)","1175069407000","N"
"BRIGHT ARROW SOLAR LLC (RE)","BR_ARROW_ESR1","Storage","Not Applicable","RWE CLEAN ENERGY LLC (DME)","1680625407000","N"
"BRIGHT ARROW SOLAR LLC (RE)","BR_ARROW_ESR2","Storage","Not Applicable","RWE CLEAN ENERGY LLC (DME)","1680625407000","N"
"BRIGHT ARROW SOLAR LLC (RE)","BR_ARROW_UNIT1","Generation","Not Applicable","RWE CLEAN ENERGY LLC (DME)","1680625407000","N"
"BRIGHT ARROW SOLAR LLC (RE)","BR_ARROW_UNIT2","Generation","Not Applicable","RWE CLEAN ENERGY LLC (DME)","1680625407000","N"
"BRIGHTSIDE SOLAR LLC (RE)","BRIGHTSD_UNIT1","Generation","Not Applicable","LUMINANT ENERGY COMPANY LLC (DME)","6062523937000","N"
"BRISCOE WIND FARM LLC (RE)","BRISCOE_WIND","Generation","Not Applicable","BRISCOE WIND FARM LLC (DME)","0796189047000","N"
"BROTMAN GENERATING LLC (RE)","BTM_UNIT1","Generation","Not Applicable","SOUTH TEXAS ELECTRIC CO OP INC (DME)","0038663327000","N"
"BROTMAN GENERATING LLC (RE)","BTM_UNIT2","Generation","Not Applicable","SOUTH TEXAS ELECTRIC CO OP INC (DME)","0038663327000","N"
"BROTMAN GENERATING LLC (RE)","BTM_UNIT3","Generation","Not Applicable","SOUTH TEXAS ELECTRIC CO OP INC (DME)","0038663327000","N"
"BROTMAN GENERATING LLC (RE)","BTM_UNIT4","Generation","Not Applicable","SOUTH TEXAS ELECTRIC CO OP INC (DME)","0038663327000","N"
"BROTMAN GENERATING LLC (RE)","BTM_UNIT5","Generation","Not Applicable","SOUTH TEXAS ELECTRIC CO OP INC (DME)","0038663327000","N"
"BROTMAN GENERATING LLC (RE)","BTM_UNIT6","Generation","Not Applicable","SOUTH TEXAS ELECTRIC CO OP INC (DME)","0038663327000","N"
"BROTMAN II LLC (RE)","BTM_UNIT7","Generation","Not Applicable","SOUTH TEXAS ELECTRIC CO OP INC (DME)","0038663327000","N"
"BROTMAN II LLC (RE)","BTM_UNIT8","Generation","Not Applicable","SOUTH TEXAS ELECTRIC CO OP INC (DME)","0038663327000","N"
"BROWNSVILLE PUBLIC UTILITIES BOARD SILAS RAY (RE)","SILASRAY_SILAS_10","Generation","Not Applicable","BROWNSVILLE PUBLIC UTILITIES BOARD (DME)","6063470377000","N"
"BROWNSVILLE PUBLIC UTILITIES BOARD SILAS RAY (RE)","SILASRAY_SILAS_6","Generation","Not Applicable","BROWNSVILLE PUBLIC UTILITIES BOARD (DME)","6063470377000","N"
"BROWNSVILLE PUBLIC UTILITIES BOARD SILAS RAY (RE)","SILASRAY_SILAS_9","Generation","Not Applicable","BROWNSVILLE PUBLIC UTILITIES BOARD (DME)","6063470377000","N"
"BRP ANTLIA BESS LLC (RE)","ANTL_ESS_ESR1","Storage","Not Applicable","ENGIE ENERGY MARKETING NA INC (DME)","9689097397000","N"
"BRP AVILA BESS LLC (RE)","AVIL_ESS_ESR1","Storage","Not Applicable","ENGIE ENERGY MARKETING NA INC (DME)","9689097397000","N"
"BRP CACHI BESS LLC (RE)","CACH_ESS_ESR1","Storage","Not Applicable","ENGIE ENERGY MARKETING NA INC (DME)","9689097397000","N"
"BRP CARINA BESS LLC (RE)","CARN_ESS_ESR1","Storage","Not Applicable","ENGIE ENERGY MARKETING NA INC (DME)","9689097397000","N"
"BRP CASTOR BESS LLC (RE)","CAST_ESS_ESR1","Storage","Not Applicable","ENGIE ENERGY MARKETING NA INC (DME)","9689097397000","N"
"BRP DESNA BESS LLC (RE)","DESN_ESS_ESR1","Storage","Not Applicable","ENGIE ENERGY MARKETING NA INC (DME)","9689097397000","N"
"BRP INTERMEDIATECO I LLC (RE)","ALVIN_ESR1","Storage","Not Applicable","ENGIE ENERGY MARKETING NA INC (DME)","9689097397000","N"
"BRP INTERMEDIATECO I LLC (RE)","ANGLETON_ESR1","Storage","Not Applicable","ENGIE ENERGY MARKETING NA INC (DME)","9689097397000","N"
"BRP INTERMEDIATECO I LLC (RE)","BATCAVE_ESR1","Storage","Not Applicable","ENGIE ENERGY MARKETING NA INC (DME)","9689097397000","N"
"BRP INTERMEDIATECO I LLC (RE)","BRAZORIA_ESR1","Storage","Not Applicable","ENGIE ENERGY MARKETING NA INC (DME)","9689097397000","N"
"BRP INTERMEDIATECO I LLC (RE)","DICKNSON_ESR1","Storage","Not Applicable","ENGIE ENERGY MARKETING NA INC (DME)","9689097397000","N"
"BRP INTERMEDIATECO I LLC (RE)","DKNS_ESS_ESR1","Storage","Not Applicable","ENGIE ENERGY MARKETING NA INC (DME)","9689097397000","N"
"BRP INTERMEDIATECO I LLC (RE)","DKNS_ESS_ESR2","Storage","Not Applicable","ENGIE ENERGY MARKETING NA INC (DME)","9689097397000","N"
"BRP INTERMEDIATECO I LLC (RE)","DKNS_ESS_ESR3","Storage","Not Applicable","ENGIE ENERGY MARKETING NA INC (DME)","9689097397000","N"
"BRP INTERMEDIATECO I LLC (RE)","DKNS_ESS_ESR4","Storage","Not Applicable","ENGIE ENERGY MARKETING NA INC (DME)","9689097397000","N"
"BRP INTERMEDIATECO I LLC (RE)","HEIGHTTN_ESR1","Storage","Not Applicable","ENGIE ENERGY MARKETING NA INC (DME)","9689097397000","N"
"BRP INTERMEDIATECO I LLC (RE)","HYDR_ESS_ESR1","Storage","Not Applicable","ENGIE ENERGY MARKETING NA INC (DME)","9689097397000","N"
"BRP INTERMEDIATECO I LLC (RE)","K0_ESR1","Storage","Not Applicable","ENGIE ENERGY MARKETING NA INC (DME)","9689097397000","N"
"BRP INTERMEDIATECO I LLC (RE)","LOPENO_ESR1","Storage","Not Applicable","ENGIE ENERGY MARKETING NA INC (DME)","9689097397000","N"
"BRP INTERMEDIATECO I LLC (RE)","L_463S_ESR1","Storage","Not Applicable","ENGIE ENERGY MARKETING NA INC (DME)","9689097397000","N"
"BRP INTERMEDIATECO I LLC (RE)","MAGNO_TN_ESR1","Storage","Not Applicable","ENGIE ENERGY MARKETING NA INC (DME)","9689097397000","N"
"BRP INTERMEDIATECO I LLC (RE)","NF_BRP_ESR1","Storage","Not Applicable","ENGIE ENERGY MARKETING NA INC (DME)","9689097397000","N"
"BRP INTERMEDIATECO I LLC (RE)","ODESW_ESR1","Storage","Not Applicable","ENGIE ENERGY MARKETING NA INC (DME)","9689097397000","N"
"BRP INTERMEDIATECO I LLC (RE)","PALE_ESS_ESR1","Storage","Not Applicable","ENGIE ENERGY MARKETING NA INC (DME)","9689097397000","N"
"BRP INTERMEDIATECO I LLC (RE)","PAVO_ESS_ESR1","Storage","Not Applicable","ENGIE ENERGY MARKETING NA INC (DME)","9689097397000","N"
"BRP INTERMEDIATECO I LLC (RE)","PAVO_ESS_ESR2","Storage","Not Applicable","ENGIE ENERGY MARKETING NA INC (DME)","9689097397000","N"
"BRP INTERMEDIATECO I LLC (RE)","PUEBLO_ESR1","Storage","Not Applicable","ENGIE ENERGY MARKETING NA INC (DME)","9689097397000","N"
"BRP INTERMEDIATECO I LLC (RE)","PUEBLO_ESR2","Storage","Not Applicable","ENGIE ENERGY MARKETING NA INC (DME)","9689097397000","N"
"BRP INTERMEDIATECO I LLC (RE)","SWEENY_ESR1","Storage","Not Applicable","ENGIE ENERGY MARKETING NA INC (DME)","9689097397000","N"
"BRP INTERMEDIATECO I LLC (RE)","TORT_ESS_ESR1","Storage","Not Applicable","ENGIE ENERGY MARKETING NA INC (DME)","9689097397000","N"
"BRP INTERMEDIATECO I LLC (RE)","ZAPATA_ESR1","Storage","Not Applicable","BRP INTERMEDIATECO I LLC (DME)","1190850717000","N"
"BRP INTERMEDIATECO I LLC (RE)","ZAPATA_ESR2","Storage","Not Applicable","BRP INTERMEDIATECO I LLC (DME)","1190850717000","N"
"BRUENNINGS BREEZE WIND FARM LLC (RE)","BBREEZE_UNIT1","Generation","Not Applicable","RWE CLEAN ENERGY LLC (DME)","1680625407000","N"
"BRUENNINGS BREEZE WIND FARM LLC (RE)","BBREEZE_UNIT2","Generation","Not Applicable","RWE CLEAN ENERGY LLC (DME)","1680625407000","N"
"BRYAN TEXAS UTILITIES (RE)","ATKINS_ATKINSG7","Generation","Not Applicable","BRYAN TEXAS UTILITIES (DME)","0793907797000","N"
"BRYAN TEXAS UTILITIES (RE)","DANSBY_DANSBYG1","Generation","Not Applicable","BRYAN TEXAS UTILITIES (DME)","0793907797000","N"
"BRYAN TEXAS UTILITIES (RE)","DANSBY_DANSBYG2","Generation","Not Applicable","BRYAN TEXAS UTILITIES (DME)","0793907797000","N"
"BRYAN TEXAS UTILITIES (RE)","DANSBY_DANSBYG3","Generation","Not Applicable","BRYAN TEXAS UTILITIES (DME)","0793907797000","N"
"BT AMADOR STORAGE LLC (RE)","AMAD_ESS_ESR1","Storage","Not Applicable","BT AMADOR STORAGE LLC (DME)","1080807027000","N"
"BT CANTWELL SOLAR LLC (RE)","ARY_BESS_ESR1","Storage","Not Applicable","BT CANTWELL SOLAR LLC (DME)","0627249997000","N"
"BT CONIGLIO SOLAR LLC (RE)","CONIGLIO_UNIT1","Generation","Not Applicable","BT CONIGLIO SOLAR LLC (DME)","1175632467000","N"
"BT CONNOLLY STORAGE LLC (RE)","CNLY_ESS_ESR1","Storage","Not Applicable","BT CONNOLLY STORAGE LLC (DME)","0675725517000","N"
"BT COOKE SOLAR LLC (RE)","RIPPEY_UNIT1","Generation","Not Applicable","BT COOKE SOLAR LLC (DME)","1175446477000","N"
"BT CUNNINGHAM STORAGE LLC (RE)","TURQBESS_ESR1","Storage","Not Applicable","BT CUNNINGHAM STORAGE LLC (DME)","1072600057000","N"
"BT HICKERSON SOLAR LLC (RE)","HKSN_SLR_UNIT1","Generation","Not Applicable","NEXTERA ENERGY RESOURCES LLC (DME)","0590069377000","N"
"BT HICKERSON SOLAR LLC (RE)","HKSN_SLR_UNIT2","Generation","Not Applicable","NEXTERA ENERGY RESOURCES LLC (DME)","0590069377000","N"
"BT HICKERSON SOLAR LLC (RE)","HKSN_SLR_UNIT3","Generation","Not Applicable","NEXTERA ENERGY RESOURCES LLC (DME)","0590069377000","N"
"BT JUNGMANN LLC (RE)","JUNG_SLR_UNIT1","Generation","Not Applicable","BT JUNGMANN LLC (DME)","0832272887000","N"
"BT KELLAM SOLAR LLC (RE)","KELAM_SL_UNIT1","Generation","Not Applicable","BT KELLAM SOLAR LLC (DME)","1175446087000","N"
"BT NOBLE SOLAR LLC (RE)","NOBLESLR_ESR1","Storage","Not Applicable","BT NOBLE SOLAR LLC (DME)","1177751327000","N"
"BT NOBLE SOLAR LLC (RE)","NOBLESLR_ESR2","Storage","Not Applicable","BT NOBLE SOLAR LLC (DME)","1177751327000","N"
"BT NOBLE SOLAR LLC (RE)","NOBLESLR_SOLAR1","Generation","Not Applicable","BT NOBLE SOLAR LLC (DME)","1177751327000","N"
"BT NOBLE SOLAR LLC (RE)","NOBLESLR_SOLAR2","Generation","Not Applicable","BT NOBLE SOLAR LLC (DME)","1177751327000","N"
"BT SIGNAL RANCH LLC (RE)","SIG_SLR_UNIT1","Generation","Not Applicable","BT SIGNAL RANCH LLC (DME)","1179403887000","N"
"BT SMITH STORAGE LLC (RE)","SMTH_ESS_ESR1","Storage","Not Applicable","BT SMITH STORAGE LLC (DME)","0656989627000","N"
"BUCKTHORN WESTEX LLC (RE)","RIGGINS_UNIT1","Generation","Not Applicable","BUCKTHORN WESTEX LLC (DME)","0801499647000","N"
"BUCKTHORN WIND PROJECT LLC (RE)","BUCKTHRN_UNIT1","Generation","Not Applicable","BOSTON ENERGY TRADING AND MARKETING LLC (DME)","0748829577100","N"
"BUCKTHORN WIND PROJECT LLC (RE)","BUCKTHRN_UNIT2","Generation","Not Applicable","BOSTON ENERGY TRADING AND MARKETING LLC (DME)","0748829577100","N"
"BUDA INFRA LLC (RE)","BUDA_ESR1","Storage","Not Applicable","BUDA INFRA LLC (DME)","1193290107000","N"
"BUFFALO GAP WIND FARM 2 LLC (RE)","BUFF_GAP_UNIT2_1","Generation","Not Applicable","DIRECT ENERGY LP (DME)","0397133547000","N"
"BUFFALO GAP WIND FARM 2 LLC (RE)","BUFF_GAP_UNIT2_2","Generation","Not Applicable","DIRECT ENERGY LP (DME)","0397133547000","N"
"BUFFALO GAP WIND FARM 3 LLC (RE)","BUFF_GAP_UNIT3","Generation","Not Applicable","DIRECT ENERGY LP (DME)","0397133547000","N"
"BUFFALO GAP WIND FARM LLC (RE)","BUFF_GAP_UNIT1","Generation","Not Applicable","DIRECT ENERGY LP (DME)","0397133547000","N"
"BULL CREEK WIND LLC (RE)","BULLCRK_WND1","Generation","Not Applicable","BULL CREEK WIND LLC RE (DME)","8268407747000","N"
"BULL CREEK WIND LLC (RE)","BULLCRK_WND2","Generation","Not Applicable","BULL CREEK WIND LLC RE (DME)","8268407747000","N"
"BURKSOL LLC (RE)","BKSL_ESS_ESR1","Storage","Not Applicable","BURKSOL LLC (DME)","1192421937000","N"
"BYNUM SOLAR PROJECT LLC (RE)","BYNM_SLR_SOLAR1","Generation","Not Applicable","BYNUM SOLAR PROJECT LLC (DME)","1191522937000","N"
"BYPASS BESS LLC (RE)","BYP_ESR1","Storage","Not Applicable","CONSTELLATION ENERGY GENERATION LLC (DME)","9604589587000","N"
"BYRD RANCH STORAGE LLC (RE)","BYRDR_ES_ESR1","Storage","Not Applicable","GLIDEPATH STORAGE OPERATIONS LLC (DME)","1186066837000","N"
"CALLAHAN WIND DIVIDE LLC (RE)","CALLAHAN_WND1","Generation","Not Applicable","NEXTERA ENERGY RESOURCES LLC (DME)","0590069377000","N"
"CALLISTO I ENERGY CENTER LLC (RE)","CLO_ESR1","Storage","Not Applicable","MERCURIA ENERGY AMERICA LLC (DME)","8317491277000","N"
"CALLISTO I ENERGY CENTER LLC 1 (RE)","CLO_ESR2","Storage","Not Applicable","MERCURIA ENERGY AMERICA LLC (DME)","8317491277000","N"
"CALLISTO II ENERGY CENTER LLC (RE)","CLT_ESR1","Storage","Not Applicable","NRG TEXAS POWER LLC (DME)","1684560497000","N"
"CALLISTO II ENERGY CENTER LLC (RE)","CLT_ESR2","Storage","Not Applicable","NRG TEXAS POWER LLC (DME)","1684560497000","N"
"CALPINE LLC (RE)","BOSQUESW_BSQSU_1","Generation","Not Applicable","CALPINE POWER MANAGEMENT LLC (DME)","1127108767000","N"
"CALPINE LLC (RE)","BOSQUESW_BSQSU_2","Generation","Not Applicable","CALPINE POWER MANAGEMENT LLC (DME)","1127108767000","N"
"CALPINE LLC (RE)","BOSQUESW_BSQSU_3","Generation","Not Applicable","CALPINE POWER MANAGEMENT LLC (DME)","1127108767000","N"
"CALPINE LLC (RE)","BOSQUESW_BSQSU_4","Generation","Not Applicable","CALPINE POWER MANAGEMENT LLC (DME)","1127108767000","N"
"CALPINE LLC (RE)","BOSQUESW_BSQSU_5","Generation","Not Applicable","CALPINE POWER MANAGEMENT LLC (DME)","1127108767000","N"
"CALPINE LLC (RE)","BTE_BTE_G1","Generation","Not Applicable","CALPINE POWER MANAGEMENT LLC (DME)","1127108767000","N"
"CALPINE LLC (RE)","BTE_BTE_G2","Generation","Not Applicable","CALPINE POWER MANAGEMENT LLC (DME)","1127108767000","N"
"CALPINE LLC (RE)","BTE_BTE_G3","Generation","Not Applicable","CALPINE POWER MANAGEMENT LLC (DME)","1127108767000","N"
"CALPINE LLC (RE)","BTE_BTE_G4","Generation","Not Applicable","CALPINE POWER MANAGEMENT LLC (DME)","1127108767000","N"
"CALPINE LLC (RE)","BVE_UNIT1","Generation","Not Applicable","CALPINE POWER MANAGEMENT LLC (DME)","1127108767000","N"
"CALPINE LLC (RE)","BVE_UNIT2","Generation","Not Applicable","CALPINE POWER MANAGEMENT LLC (DME)","1127108767000","N"
"CALPINE LLC (RE)","BVE_UNIT3","Generation","Not Applicable","CALPINE POWER MANAGEMENT LLC (DME)","1127108767000","N"
"CALPINE LLC (RE)","CAL_CALGT1","Generation","Not Applicable","CALPINE POWER MANAGEMENT LLC (DME)","1127108767000","N"
"CALPINE LLC (RE)","CAL_CALSTG1","Generation","Not Applicable","CALPINE POWER MANAGEMENT LLC (DME)","1127108767000","N"
"CALPINE LLC (RE)","CCEC_GT1","Generation","Not Applicable","CALPINE POWER MANAGEMENT LLC (DME)","1127108767000","N"
"CALPINE LLC (RE)","CCEC_GT2","Generation","Not Applicable","CALPINE POWER MANAGEMENT LLC (DME)","1127108767000","N"
"CALPINE LLC (RE)","CCEC_ST1","Generation","Not Applicable","CALPINE POWER MANAGEMENT LLC (DME)","1127108767000","N"
"CALPINE LLC (RE)","CHE_CHEGT1","Generation","Not Applicable","CALPINE POWER MANAGEMENT LLC (DME)","1127108767000","N"
"CALPINE LLC (RE)","CHE_CHEST1","Generation","Not Applicable","CALPINE POWER MANAGEMENT LLC (DME)","1127108767000","N"
"CALPINE LLC (RE)","CHE_GT2","Generation","Not Applicable","CALPINE POWER MANAGEMENT LLC (DME)","1127108767000","N"
"CALPINE LLC (RE)","CHE_GT3","Generation","Not Applicable","CALPINE POWER MANAGEMENT LLC (DME)","1127108767000","N"
"CALPINE LLC (RE)","DDPEC_GT1","Generation","Not Applicable","CALPINE POWER MANAGEMENT LLC (DME)","1127108767000","N"
"CALPINE LLC (RE)","DDPEC_GT2","Generation","Not Applicable","CALPINE POWER MANAGEMENT LLC (DME)","1127108767000","N"
"CALPINE LLC (RE)","DDPEC_GT3","Generation","Not Applicable","CALPINE POWER MANAGEMENT LLC (DME)","1127108767000","N"
"CALPINE LLC (RE)","DDPEC_GT4","Generation","Not Applicable","CALPINE POWER MANAGEMENT LLC (DME)","1127108767000","N"
"CALPINE LLC (RE)","DDPEC_GT6","Generation","Not Applicable","CALPINE POWER MANAGEMENT LLC (DME)","1127108767000","N"
"CALPINE LLC (RE)","DDPEC_ST1","Generation","Not Applicable","CALPINE POWER MANAGEMENT LLC (DME)","1127108767000","N"
"CALPINE LLC (RE)","DUKE_DUKE_GT1","Generation","Not Applicable","CALPINE POWER MANAGEMENT LLC (DME)","1127108767000","N"
"CALPINE LLC (RE)","DUKE_DUKE_GT2","Generation","Not Applicable","CALPINE POWER MANAGEMENT LLC (DME)","1127108767000","N"
"CALPINE LLC (RE)","DUKE_DUKE_ST1","Generation","Not Applicable","CALPINE POWER MANAGEMENT LLC (DME)","1127108767000","N"
"CALPINE LLC (RE)","FREC_GT1","Generation","Not Applicable","CALPINE POWER MANAGEMENT LLC (DME)","1127108767000","N"
"CALPINE LLC (RE)","FREC_GT2","Generation","Not Applicable","CALPINE POWER MANAGEMENT LLC (DME)","1127108767000","N"
"CALPINE LLC (RE)","FREC_GT4","Generation","Not Applicable","CALPINE POWER MANAGEMENT LLC (DME)","1127108767000","N"
"CALPINE LLC (RE)","FREC_GT5","Generation","Not Applicable","CALPINE POWER MANAGEMENT LLC (DME)","1127108767000","N"
"CALPINE LLC (RE)","FREC_ST3","Generation","Not Applicable","CALPINE POWER MANAGEMENT LLC (DME)","1127108767000","N"
"CALPINE LLC (RE)","FREC_ST6","Generation","Not Applicable","CALPINE POWER MANAGEMENT LLC (DME)","1127108767000","N"
"CALPINE LLC (RE)","GUADG_GAS1","Generation","Not Applicable","CALPINE POWER MANAGEMENT LLC (DME)","1127108767000","N"
"CALPINE LLC (RE)","GUADG_GAS2","Generation","Not Applicable","CALPINE POWER MANAGEMENT LLC (DME)","1127108767000","N"
"CALPINE LLC (RE)","GUADG_GAS3","Generation","Not Applicable","CALPINE POWER MANAGEMENT LLC (DME)","1127108767000","N"
"CALPINE LLC (RE)","GUADG_GAS4","Generation","Not Applicable","CALPINE POWER MANAGEMENT LLC (DME)","1127108767000","N"
"CALPINE LLC (RE)","GUADG_STM5","Generation","Not Applicable","CALPINE POWER MANAGEMENT LLC (DME)","1127108767000","N"
"CALPINE LLC (RE)","GUADG_STM6","Generation","Not Applicable","CALPINE POWER MANAGEMENT LLC (DME)","1127108767000","N"
"CALPINE LLC (RE)","NEDIN_NEDIN_G1","Generation","Not Applicable","CALPINE POWER MANAGEMENT LLC (DME)","1127108767000","N"
"CALPINE LLC (RE)","NEDIN_NEDIN_G2","Generation","Not Applicable","CALPINE POWER MANAGEMENT LLC (DME)","1127108767000","N"
"CALPINE LLC (RE)","NEDIN_NEDIN_G3","Generation","Not Applicable","CALPINE POWER MANAGEMENT LLC (DME)","1127108767000","N"
"CALPINE LLC (RE)","PSG_PSG_GT2","Generation","Not Applicable","CALPINE POWER MANAGEMENT LLC (DME)","1127108767000","N"
"CALPINE LLC (RE)","PSG_PSG_GT3","Generation","Not Applicable","CALPINE POWER MANAGEMENT LLC (DME)","1127108767000","N"
"CALPINE LLC (RE)","PSG_PSG_ST2","Generation","Not Applicable","CALPINE POWER MANAGEMENT LLC (DME)","1127108767000","N"
"CALPINE LLC (RE)","TXCTY_CTA","Generation","Not Applicable","CALPINE POWER MANAGEMENT LLC (DME)","1127108767000","N"
"CALPINE LLC (RE)","TXCTY_CTB","Generation","Not Applicable","CALPINE POWER MANAGEMENT LLC (DME)","1127108767000","N"
"CALPINE LLC (RE)","TXCTY_CTC","Generation","Not Applicable","CALPINE POWER MANAGEMENT LLC (DME)","1127108767000","N"
"CALPINE LLC (RE)","TXCTY_ST","Generation","Not Applicable","CALPINE POWER MANAGEMENT LLC (DME)","1127108767000","N"
"CAMERON WIND I LLC (RE)","CAMWIND_ESR1","Storage","Not Applicable","CAMERON WIND I LLC (DME)","0791613667000","N"
"CAMERON WIND I LLC (RE)","CAMWIND_UNIT1","Generation","Not Applicable","CAMERON WIND I LLC (DME)","0791613667000","N"
"CANADIAN BREAKS LLC (RE)","CN_BRKS_UNIT_1","Generation","Not Applicable","CANADIAN BREAKS LLC (DME)","0808707117000","N"
"CANYON WIND ENERGY LLC (RE)","CANYONWD_UNIT1","Generation","Not Applicable","NEXTERA ENERGY RESOURCES LLC (DME)","0590069377000","N"
"CANYON WIND ENERGY LLC (RE)","CANYONWD_UNIT2","Generation","Not Applicable","NEXTERA ENERGY RESOURCES LLC (DME)","0590069377000","N"
"CANYON WIND ENERGY LLC (RE)","CANYONWD_UNIT3","Generation","Not Applicable","NEXTERA ENERGY RESOURCES LLC (DME)","0590069377000","N"
"CANYON WIND ENERGY LLC (RE)","CANYONWD_UNIT4","Generation","Not Applicable","NEXTERA ENERGY RESOURCES LLC (DME)","0590069377000","N"
"CANYON WIND ENERGY LLC (RE)","CANYONWD_UNIT5","Generation","Not Applicable","NEXTERA ENERGY RESOURCES LLC (DME)","0590069377000","N"
"CANYON WIND ENERGY LLC (RE)","CANYONWD_UNIT6","Generation","Not Applicable","NEXTERA ENERGY RESOURCES LLC (DME)","0590069377000","N"
"CAP RIDGE WIND I LLC (RE)","CAPRIDGE_CR1","Generation","Not Applicable","NEXTERA ENERGY RESOURCES LLC (DME)","0590069377000","N"
"CAP RIDGE WIND II LLC (RE)","CAPRIDGE_CR2","Generation","Not Applicable","CAP RIDGE WIND II LLC (DME)","0808272757000","N"
"CAP RIDGE WIND III LLC (RE)","CAPRIDGE_CR3","Generation","Not Applicable","CAP RIDGE WIND III LLC (DME)","0808272787000","N"
"CAP RIDGE WIND IV LLC (RE)","CAPRIDG4_CR4","Generation","Not Applicable","NEXTERA ENERGY RESOURCES LLC (DME)","0590069377000","N"
"CARTWHEEL BESS LLC (RE)","CARTWHL_ESR1","Storage","Not Applicable","RWE CLEAN ENERGY LLC (DME)","1680625407000","N"
"CASTLE GAP WIND POWER LLC (RE)","AGUAYO_UNIT1","Generation","Not Applicable","GALT POWER INC (DME)","1419208717000","N"
"CATTLEMEN SOLAR PARK II LLC (RE)","EBELLSL2_UNIT1","Generation","Not Applicable","EDP RENEWABLES NORTH AMERICA LLC (DME)","0155344697000","N"
"CATTLEMEN SOLAR PARK LLC (RE)","EBELLSLR_UNIT1","Generation","Not Applicable","EDP RENEWABLES NORTH AMERICA LLC (DME)","0155344697000","N"
"CED ALAMO 5 LLC (RE)","HELIOS_UNIT1","Generation","Not Applicable","RWE CLEAN ENERGY LLC (DME)","1680625407000","N"
"CED ALAMO 7 LLC (RE)","SOLARA_UNIT1","Generation","Not Applicable","RWE CLEAN ENERGY LLC (DME)","1680625407000","N"
"CED PEREGRINE SOLAR LLC (RE)","PERE_SLR_UNIT1","Generation","Not Applicable","CPS ENERGY (DME)","0079360737000","N"
"CED PEREGRINE SOLAR LLC (RE)","PERE_SLR_UNIT2","Generation","Not Applicable","CPS ENERGY (DME)","0079360737000","N"
"CED UPTON COUNTY SOLAR LLC (RE)","SPTX12B_UNIT1","Generation","Not Applicable","RWE CLEAN ENERGY LLC (DME)","1680625407000","N"
"CEDRO HILL WIND LLC (RE)","CEDROHIL_CHW1","Generation","Not Applicable","CPS ENERGY (DME)","0079360737000","N"
"CEDRO HILL WIND LLC (RE)","CEDROHIL_CHW2","Generation","Not Applicable","CPS ENERGY (DME)","0079360737000","N"
"CENTURY OAK WIND PROJECT LLC (RE)","SHEEPCRK_UNIT1","Generation","Not Applicable","ENGIE ENERGY MARKETING NA INC SQ60 (DME)","9689097397300","N"
"CHAMON POWER LLC (RE)","CHAMON_CTG_0101","Generation","Not Applicable","NRG TEXAS POWER LLC (DME)","1684560497000","N"
"CHAMON POWER LLC (RE)","CHAMON_CTG_0301","Generation","Not Applicable","NRG TEXAS POWER LLC (DME)","1684560497000","N"
"CHAMPION WIND FARM LLC (RE)","CHAMPION_UNIT1","Generation","Not Applicable","RWE CLEAN ENERGY LLC (DME)","1680625407000","N"
"CHAMPION WIND FARM LLC (RE)","CHAMPION_UNIT2","Generation","Not Applicable","RWE CLEAN ENERGY LLC (DME)","1680625407000","N"
"CHAMPION WIND FARM LLC (RE)","CHAMPION_UNIT3","Generation","Not Applicable","RWE CLEAN ENERGY LLC (DME)","1680625407000","N"
"CHAPMAN RANCH WIND I LLC (RE)","SANTACRU_UNIT1","Generation","Not Applicable","CHAPMAN RANCH WIND I LLC (DME)","0791949777000","N"
"CHAPMAN RANCH WIND I LLC (RE)","SANTACRU_UNIT2","Generation","Not Applicable","CHAPMAN RANCH WIND I LLC (DME)","0791949777000","N"
"CHILDRESS SOLAR PARK LLC (RE)","MISAE_UNIT1","Generation","Not Applicable","CHILDRESS SOLAR PARK LLC (DME)","0932313987000","N"
"CHILDRESS SOLAR PARK LLC (RE)","MISAE_UNIT2","Generation","Not Applicable","CHILDRESS SOLAR PARK LLC (DME)","0932313987000","N"
"CHILLINGHAM SOLAR LLC (RE)","CHIL_SLR_SOLAR1","Generation","Not Applicable","ENGIE ENERGY MARKETING NA INC (DME)","9689097397000","N"
"CHILLINGHAM SOLAR LLC (RE)","CHIL_SLR_SOLAR2","Generation","Not Applicable","ENGIE ENERGY MARKETING NA INC (DME)","9689097397000","N"
"CHILLINGHAM STORAGE LLC (RE)","CHIL_SLR_ESR1","Storage","Not Applicable","ENGIE ENERGY MARKETING NA INC (DME)","9689097397000","N"
"CITADEL BESS LLC (RE)","HLY_ESR1","Storage","Not Applicable","HABITAT ENERGY INC (DME)","1186110077000","N"
"CITADEL BESS LLC (RE)","HLY_ESR2","Storage","Not Applicable","HABITAT ENERGY INC (DME)","1186110077000","N"
"CITRUS FLATTS ENERGY CENTER LLC (RE)","CFLAT_ES_ESR1","Storage","Not Applicable","CITRUS FLATTS ENERGY CENTER LLC (DME)","1312848897000","N"
"CITY OF AUSTIN DBA AUSTIN ENERGY (RE)","DECKER_DPGT_1","Generation","Not Applicable","CITY OF AUSTIN DBA AUSTIN ENERGY (DME)","8008717667000","N"
"CITY OF AUSTIN DBA AUSTIN ENERGY (RE)","DECKER_DPGT_2","Generation","Not Applicable","CITY OF AUSTIN DBA AUSTIN ENERGY (DME)","8008717667000","N"
"CITY OF AUSTIN DBA AUSTIN ENERGY (RE)","DECKER_DPGT_3","Generation","Not Applicable","CITY OF AUSTIN DBA AUSTIN ENERGY (DME)","8008717667000","N"
"CITY OF AUSTIN DBA AUSTIN ENERGY (RE)","DECKER_DPGT_4","Generation","Not Applicable","CITY OF AUSTIN DBA AUSTIN ENERGY (DME)","8008717667000","N"
"CITY OF AUSTIN DBA AUSTIN ENERGY (RE)","FPPYD1_FPP_G1","Generation","FPPYD1_FPP_G1_J02","CITY OF AUSTIN DBA AUSTIN ENERGY (DME)","8008717667000","N"
"CITY OF AUSTIN DBA AUSTIN ENERGY (RE)","FPPYD1_FPP_G2","Generation","FPPYD1_FPP_G2_J02","CITY OF AUSTIN DBA AUSTIN ENERGY (DME)","8008717667000","N"
"CITY OF AUSTIN DBA AUSTIN ENERGY (RE)","SANDHSYD_SH1","Generation","Not Applicable","CITY OF AUSTIN DBA AUSTIN ENERGY (DME)","8008717667000","N"
"CITY OF AUSTIN DBA AUSTIN ENERGY (RE)","SANDHSYD_SH2","Generation","Not Applicable","CITY OF AUSTIN DBA AUSTIN ENERGY (DME)","8008717667000","N"
"CITY OF AUSTIN DBA AUSTIN ENERGY (RE)","SANDHSYD_SH3","Generation","Not Applicable","CITY OF AUSTIN DBA AUSTIN ENERGY (DME)","8008717667000","N"
"CITY OF AUSTIN DBA AUSTIN ENERGY (RE)","SANDHSYD_SH4","Generation","Not Applicable","CITY OF AUSTIN DBA AUSTIN ENERGY (DME)","8008717667000","N"
"CITY OF AUSTIN DBA AUSTIN ENERGY (RE)","SANDHSYD_SH6","Generation","Not Applicable","CITY OF AUSTIN DBA AUSTIN ENERGY (DME)","8008717667000","N"
"CITY OF AUSTIN DBA AUSTIN ENERGY (RE)","SANDHSYD_SH7","Generation","Not Applicable","CITY OF AUSTIN DBA AUSTIN ENERGY (DME)","8008717667000","N"
"CITY OF AUSTIN DBA AUSTIN ENERGY (RE)","SANDHSYD_SH_5A","Generation","Not Applicable","CITY OF AUSTIN DBA AUSTIN ENERGY (DME)","8008717667000","N"
"CITY OF AUSTIN DBA AUSTIN ENERGY (RE)","SANDHSYD_SH_5C","Generation","Not Applicable","CITY OF AUSTIN DBA AUSTIN ENERGY (DME)","8008717667000","N"
"CITY OF AUSTIN DBA AUSTIN ENERGY (RE)","STP_STP_G1","Generation","STP_STP_G1_J04","CITY OF AUSTIN DBA AUSTIN ENERGY (DME)","8008717667000","N"
"CITY OF AUSTIN DBA AUSTIN ENERGY (RE)","STP_STP_G2","Generation","STP_STP_G2_J04","CITY OF AUSTIN DBA AUSTIN ENERGY (DME)","8008717667000","N"
"CITY OF GARLAND (RE)","OLINGR_OLING_2","Generation","Not Applicable","CITY OF GARLAND (DME)","6011012567000","N"
"CITY OF GARLAND (RE)","OLINGR_OLING_3","Generation","Not Applicable","CITY OF GARLAND (DME)","6011012567000","N"
"CITY OF GARLAND (RE)","OLINGR_OLING_4","Generation","Not Applicable","CITY OF GARLAND (DME)","6011012567000","N"
"CITY OF GARLAND (RE)","SPNCER_SPNCE_4","Generation","Not Applicable","CITY OF GARLAND (DME)","6011012567000","N"
"CITY OF GARLAND (RE)","SPNCER_SPNCE_5","Generation","Not Applicable","CITY OF GARLAND (DME)","6011012567000","N"
"COLBECKS CORNER LLC (RE)","GRANDVW1_COLA","Generation","Not Applicable","RWE CLEAN ENERGY LLC (DME)","1680625407000","N"
"COLBECKS CORNER LLC (RE)","GRANDVW1_COLB","Generation","Not Applicable","RWE CLEAN ENERGY LLC (DME)","1680625407000","N"
"COLETO CREEK POWER LLC (RE)","COLETO_COLETOG1","Generation","Not Applicable","LUMINANT ENERGY COMPANY LLC (DME)","6062523937000","N"
"COLORADO BEND I POWER LLC (RE)","CBEC_GT1","Generation","Not Applicable","EXGEN TEXAS POWER LLC (DME)","0794357437000","N"
"COLORADO BEND I POWER LLC (RE)","CBEC_GT11","Generation","Not Applicable","EXGEN TEXAS POWER LLC (DME)","0794357437000","N"
"COLORADO BEND I POWER LLC (RE)","CBEC_GT12","Generation","Not Applicable","EXGEN TEXAS POWER LLC (DME)","0794357437000","N"
"COLORADO BEND I POWER LLC (RE)","CBEC_GT2","Generation","Not Applicable","EXGEN TEXAS POWER LLC (DME)","0794357437000","N"
"COLORADO BEND I POWER LLC (RE)","CBEC_GT3","Generation","Not Applicable","EXGEN TEXAS POWER LLC (DME)","0794357437000","N"
"COLORADO BEND I POWER LLC (RE)","CBEC_GT4","Generation","Not Applicable","EXGEN TEXAS POWER LLC (DME)","0794357437000","N"
"COLORADO BEND I POWER LLC (RE)","CBEC_STG1","Generation","Not Applicable","EXGEN TEXAS POWER LLC (DME)","0794357437000","N"
"COLORADO BEND I POWER LLC (RE)","CBEC_STG2","Generation","Not Applicable","EXGEN TEXAS POWER LLC (DME)","0794357437000","N"
"COLORADO BEND II POWER LLC (RE)","CBECII_CT7","Generation","Not Applicable","CONSTELLATION ENERGY GENERATION LLC (DME)","9604589587000","N"
"COLORADO BEND II POWER LLC (RE)","CBECII_CT8","Generation","Not Applicable","CONSTELLATION ENERGY GENERATION LLC (DME)","9604589587000","N"
"COLORADO BEND II POWER LLC (RE)","CBECII_STG9","Generation","Not Applicable","CONSTELLATION ENERGY GENERATION LLC (DME)","9604589587000","N"
"COMANCHE PEAK POWER COMPANY LLC (RE)","CPSES_UNIT1","Generation","Not Applicable","LUMINANT ENERGY COMPANY LLC (DME)","6062523937000","N"
"COMANCHE PEAK POWER COMPANY LLC (RE)","CPSES_UNIT2","Generation","Not Applicable","LUMINANT ENERGY COMPANY LLC (DME)","6062523937000","N"
"COMISION FEDERAL DE ELECTRICIDAD (RES)","BL_BROWN","Generation","Not Applicable","","","N"
"COMISION FEDERAL DE ELECTRICIDAD (RES)","BL_EAGLE","Generation","Not Applicable","","","N"
"COMISION FEDERAL DE ELECTRICIDAD (RES)","BL_GONZA","Generation","Not Applicable","","","N"
"COMISION FEDERAL DE ELECTRICIDAD (RES)","BL_LARED","Generation","Not Applicable","","","N"
"COMISION FEDERAL DE ELECTRICIDAD (RES)","BL_MILIT","Generation","Not Applicable","","","N"
"COMPADRE SOLAR LLC (RE)","TROJ_SLR_PV1","Generation","Not Applicable","NEXTERA ENERGY RESOURCES LLC (DME)","0590069377000","N"
"COMPADRE SOLAR LLC (RE)","TROJ_SLR_PV2","Generation","Not Applicable","NEXTERA ENERGY RESOURCES LLC (DME)","0590069377000","N"
"CONCHO BLUFF LLC (RE)","GREASWOD_UNIT1","Generation","Not Applicable","CONCHO BLUFF LLC (DME)","1169669357000","N"
"CONCHO BLUFF LLC (RE)","GREASWOD_UNIT2","Generation","Not Applicable","CONCHO BLUFF LLC (DME)","1169669357000","N"
"CONCHO VALLEY SOLAR LLC (RE)","RATLIFF_SOLAR1","Generation","Not Applicable","CONCHO VALLEY SOLAR LLC (DME)","1183796027000","N"
"CONDUIT QSE LLC 1 (RE)","CEDRVALE_UNIT1","Generation","Not Applicable","CONDUIT QSE LLC 1 (DME)","1192250387000","N"
"CONDUIT QSE LLC 1 (RE)","COYANOSA_UNIT1","Generation","Not Applicable","CONDUIT QSE LLC 1 (DME)","1192250387000","N"
"CONDUIT QSE LLC 1 (RE)","PYOTE_UNIT1","Generation","Not Applicable","CONDUIT QSE LLC 1 (DME)","1192250387000","N"
"CONDUIT QSE LLC 1 (RE)","STAGHORN_UNIT1","Generation","Not Applicable","CONDUIT QSE LLC 1 (DME)","1192250387000","N"
"CONSTELLATION HANDLEY POWER LLC (RE)","HLSES_UNIT3","Generation","Not Applicable","CONSTELLATION ENERGY GENERATION LLC (DME)","9604589587000","N"
"CONSTELLATION HANDLEY POWER LLC (RE)","HLSES_UNIT4","Generation","Not Applicable","CONSTELLATION ENERGY GENERATION LLC (DME)","9604589587000","N"
"CONSTELLATION HANDLEY POWER LLC (RE)","HLSES_UNIT5","Generation","Not Applicable","CONSTELLATION ENERGY GENERATION LLC (DME)","9604589587000","N"
"CONSTELLATION SOUTH TEXAS LLC (RE)","STP_STP_G1","Generation","STP_STP_G1_J01","CONSTELLATION ENERGY GENERATION LLC (DME)","9604589587000","N"
"CONSTELLATION SOUTH TEXAS LLC (RE)","STP_STP_G2","Generation","STP_STP_G2_J01","CONSTELLATION ENERGY GENERATION LLC (DME)","9604589587000","N"
"COPPERHEAD SOLAR LLC (RE)","CORALSLR_ESR1","Storage","Not Applicable","COPPERHEAD SOLAR LLC (DME)","1177430317000","N"
"COPPERHEAD SOLAR LLC (RE)","CORALSLR_ESR2","Storage","Not Applicable","COPPERHEAD SOLAR LLC (DME)","1177430317000","N"
"COPPERHEAD SOLAR LLC (RE)","CORALSLR_SOLAR1","Generation","Not Applicable","COPPERHEAD SOLAR LLC (DME)","1177430317000","N"
"COPPERHEAD SOLAR LLC (RE)","CORALSLR_SOLAR2","Generation","Not Applicable","COPPERHEAD SOLAR LLC (DME)","1177430317000","N"
"CORAZON ENERGY LLC (RE)","CORAZON_UNIT1","Generation","Not Applicable","CORAZON ENERGY LLC (DME)","1177755257000","N"
"CORPUS BATTERY STORAGE LLC (RE)","LYNX_ESS_ESR1","Storage","Not Applicable","CORPUS BATTERY STORAGE LLC (DME)","1193458397000","N"
"COTTON PLAINS WIND I LLC (RE)","COTPLNS_COTTONPL","Generation","Not Applicable","COTTON PLAINS WIND I LLC (DME)","0793414937000","N"
"COTTONWOOD BAYOU SOLAR LLC (RE)","CTW_SOLAR1","Generation","Not Applicable","TOTALENERGIES RENEWABLES USA LLC (DME)","1185605467000","N"
"COTTONWOOD BAYOU SOLAR LLC (RE)","CTW_SOLAR2","Generation","Not Applicable","TOTALENERGIES RENEWABLES USA LLC (DME)","1185605467000","N"
"COTTONWOOD BAYOU STORAGE LLC (RE)","CTW_ESR1","Storage","Not Applicable","TOTALENERGIES RENEWABLES USA LLC (DME)","1185605467000","N"
"COUNTY RD INFRA LLC (RE)","CNTYRDS_ESR1","Storage","Not Applicable","COUNTY RD INFRA LLC (DME)","1193296607000","N"
"COYOTE WIND LLC (RE)","COYOTE_W_UNIT1","Generation","Not Applicable","EDF RENEWABLES INC (DME)","3302439437000","N"
"COYOTE WIND LLC (RE)","COYOTE_W_UNIT2","Generation","Not Applicable","EDF RENEWABLES INC (DME)","3302439437000","N"
"COYOTE WIND LLC (RE)","COYOTE_W_UNIT3","Generation","Not Applicable","EDF RENEWABLES INC (DME)","3302439437000","N"
"CPS ENERGY (RE)","BRAUNIG_AVR1_CT1","Generation","Not Applicable","CPS ENERGY (DME)","0079360737000","N"
"CPS ENERGY (RE)","BRAUNIG_AVR1_CT2","Generation","Not Applicable","CPS ENERGY (DME)","0079360737000","N"
"CPS ENERGY (RE)","BRAUNIG_AVR1_ST","Generation","Not Applicable","CPS ENERGY (DME)","0079360737000","N"
"CPS ENERGY (RE)","BRAUNIG_VHB3","Generation","","CPS ENERGY (DME)","0079360737000","Y"
"CPS ENERGY (RE)","BRAUNIG_VHB6CT5","Generation","Not Applicable","CPS ENERGY (DME)","0079360737000","N"
"CPS ENERGY (RE)","BRAUNIG_VHB6CT6","Generation","Not Applicable","CPS ENERGY (DME)","0079360737000","N"
"CPS ENERGY (RE)","BRAUNIG_VHB6CT7","Generation","Not Applicable","CPS ENERGY (DME)","0079360737000","N"
"CPS ENERGY (RE)","BRAUNIG_VHB6CT8","Generation","Not Applicable","CPS ENERGY (DME)","0079360737000","N"
"CPS ENERGY (RE)","B_DAVIS_B_DAVIG1","Generation","Not Applicable","CPS ENERGY (DME)","0079360737000","N"
"CPS ENERGY (RE)","B_DAVIS_B_DAVIG2","Generation","Not Applicable","CPS ENERGY (DME)","0079360737000","N"
"CPS ENERGY (RE)","B_DAVIS_B_DAVIG3","Generation","Not Applicable","CPS ENERGY (DME)","0079360737000","N"
"CPS ENERGY (RE)","B_DAVIS_B_DAVIG4","Generation","Not Applicable","CPS ENERGY (DME)","0079360737000","N"
"CPS ENERGY (RE)","CALAVERS_JKS1","Generation","Not Applicable","CPS ENERGY (DME)","0079360737000","N"
"CPS ENERGY (RE)","CALAVERS_JKS2","Generation","Not Applicable","CPS ENERGY (DME)","0079360737000","N"
"CPS ENERGY (RE)","CALAVERS_OWS1","Generation","Not Applicable","CPS ENERGY (DME)","0079360737000","N"
"CPS ENERGY (RE)","CALAVERS_OWS2","Generation","Not Applicable","CPS ENERGY (DME)","0079360737000","N"
"CPS ENERGY (RE)","LARDVFTN_G4","Generation","Not Applicable","CPS ENERGY (DME)","0079360737000","N"
"CPS ENERGY (RE)","LARDVFTN_G5","Generation","Not Applicable","CPS ENERGY (DME)","0079360737000","N"
"CPS ENERGY (RE)","LEON_CRK_LCPCT1","Generation","Not Applicable","CPS ENERGY (DME)","0079360737000","N"
"CPS ENERGY (RE)","LEON_CRK_LCPCT2","Generation","Not Applicable","CPS ENERGY (DME)","0079360737000","N"
"CPS ENERGY (RE)","LEON_CRK_LCPCT3","Generation","Not Applicable","CPS ENERGY (DME)","0079360737000","N"
"CPS ENERGY (RE)","LEON_CRK_LCPCT4","Generation","Not Applicable","CPS ENERGY (DME)","0079360737000","N"
"CPS ENERGY (RE)","NUECES_B_NUECESG7","Generation","Not Applicable","CPS ENERGY (DME)","0079360737000","N"
"CPS ENERGY (RE)","NUECES_B_NUECESG8","Generation","Not Applicable","CPS ENERGY (DME)","0079360737000","N"
"CPS ENERGY (RE)","NUECES_B_NUECESG9","Generation","Not Applicable","CPS ENERGY (DME)","0079360737000","N"
"CPS ENERGY (RE)","STP_STP_G1","Generation","STP_STP_G1_J03","CPS ENERGY (DME)","0079360737000","N"
"CPS ENERGY (RE)","STP_STP_G2","Generation","STP_STP_G2_J03","CPS ENERGY (DME)","0079360737000","N"
"CPS ENERGY (RE)","X4_ESR1","Storage","Not Applicable","CPS ENERGY (DME)","0079360737000","N"
"CPS ENERGY 1 (RE)","RIONOG_CT1","Generation","Not Applicable","CPS ENERGY (DME)","0079360737000","N"
"CPS ENERGY 1 (RE)","RIONOG_CT2","Generation","Not Applicable","CPS ENERGY (DME)","0079360737000","N"
"CPS ENERGY 1 (RE)","RIONOG_CT3","Generation","Not Applicable","CPS ENERGY (DME)","0079360737000","N"
"CPS ENERGY 1 (RE)","RIONOG_ST1","Generation","Not Applicable","CPS ENERGY (DME)","0079360737000","N"
"CRANE 2 BESS LLC (RE)","TBWF_ESS_ESR1","Storage","Not Applicable","CRANE 2 BESS LLC (DME)","1187050257000","N"
"CRANE SOLAR PROJECT LLC (RE)","FWLR_SLR_UNIT1","Generation","Not Applicable","CRANE SOLAR PROJECT LLC (DME)","1171390707000","N"
"CRANELL WIND FARM LLC (RE)","CRANELL_UNIT1","Generation","Not Applicable","RWE CLEAN ENERGY LLC (DME)","1680625407000","N"
"CROSBY CLEAN ENERGY CENTER LLC (RE)","CS_ESR1","Storage","Not Applicable","CROSBY CLEAN ENERGY CENTER LLC (DME)","1267523537000","N"
"CROSS TRAILS ENERGY STORAGE PROJECT LLC (RE)","CROSSTRL_ESR1","Storage","Not Applicable","GRIDMATIC EQUISETUM LLC (DME)","1180455687000","N"
"CROSSETT POWER MANAGEMENT LLC (RE)","CROSSETT_ESR2","Storage","Not Applicable","CROSSETT POWER MANAGEMENT LLC (DME)","1176978127000","N"
"CROSSETT POWER MANAGEMENT LLC 1 (RE)","CROSSETT_ESR1","Storage","Not Applicable","HATCH EQ I LLC (DME)","1192993687000","N"
"CROWNED HERON 2 LLC (RE)","HEN_ESR2","Storage","Not Applicable","RWE CLEAN ENERGY LLC (DME)","1680625407000","N"
"CROWNED HERON LLC (RE)","HEN_ESR1","Storage","Not Applicable","CROWNED HERON LLC (DME)","1191027667000","N"
"CUTLASS SOLAR II LLC (RE)","ROW_UNIT2","Generation","Not Applicable","CUTLASS SOLAR II LLC (DME)","1190003467000","N"
"CUTLASS SOLAR LLC (RE)","ROW_UNIT1","Generation","Not Applicable","CUTLASS SOLAR LLC (DME)","1177556887000","N"
"DANISH FIELDS SOLAR LLC (RE)","DAN_UNIT1","Generation","Not Applicable","TOTALENERGIES RENEWABLES USA LLC (DME)","1185605467000","N"
"DANISH FIELDS SOLAR LLC (RE)","DAN_UNIT2","Generation","Not Applicable","TOTALENERGIES RENEWABLES USA LLC (DME)","1185605467000","N"
"DANISH FIELDS SOLAR LLC (RE)","DAN_UNIT3","Generation","Not Applicable","TOTALENERGIES RENEWABLES USA LLC (DME)","1185605467000","N"
"DANISH FIELDS STORAGE LLC (RE)","DAN_ESR1","Storage","Not Applicable","TOTALENERGIES RENEWABLES USA LLC (DME)","1185605467000","N"
"DANISH FIELDS STORAGE LLC (RE)","DAN_ESR2","Storage","Not Applicable","TOTALENERGIES RENEWABLES USA LLC (DME)","1185605467000","N"
"DECORDOVA BESS LLC (RE)","DCSES_ESR1","Storage","Not Applicable","LUMINANT ENERGY COMPANY LLC (DME)","6062523937000","N"
"DECORDOVA BESS LLC (RE)","DCSES_ESR2","Storage","Not Applicable","LUMINANT ENERGY COMPANY LLC (DME)","6062523937000","N"
"DECORDOVA BESS LLC (RE)","DCSES_ESR3","Storage","Not Applicable","LUMINANT ENERGY COMPANY LLC (DME)","6062523937000","N"
"DECORDOVA BESS LLC (RE)","DCSES_ESR4","Storage","Not Applicable","LUMINANT ENERGY COMPANY LLC (DME)","6062523937000","N"
"DELILAH SOLAR ENERGY II LLC (RE)","DELILA_2_G1","Generation","Not Applicable","DELILAH SOLAR ENERGY II LLC (DME)","1183390187000","N"
"DELILAH SOLAR ENERGY II LLC (RE)","DELILA_2_G2","Generation","Not Applicable","DELILAH SOLAR ENERGY II LLC (DME)","1183390187000","N"
"DELILAH SOLAR ENERGY II LLC (RE)","DELILA_2_G3","Generation","Not Applicable","DELILAH SOLAR ENERGY II LLC (DME)","1183390187000","N"
"DELILAH SOLAR ENERGY LLC (RE)","DELILA_1_G1","Generation","Not Applicable","DELILAH SOLAR ENERGY LLC (DME)","1179851107000","N"
"DELILAH SOLAR ENERGY LLC (RE)","DELILA_1_G2","Generation","Not Applicable","DELILAH SOLAR ENERGY LLC (DME)","1179851107000","N"
"DENISON DAM (RE)","DNDAM_DENISOG1","Generation","Not Applicable","DENISON DAM (RE)","1234567013000","N"
"DENISON DAM (RE)","DNDAM_DENISOG2","Generation","Not Applicable","DENISON DAM (RE)","1234567013000","N"
"DENTON MUNICIPAL ELECTRIC DEC (RE)","DEC_AGR_A","Generation","Not Applicable","DENTON MUNICIPAL ELECTRIC (SQ2) (DME)","0713801907100","N"
"DENTON MUNICIPAL ELECTRIC DEC (RE)","DEC_AGR_B","Generation","Not Applicable","DENTON MUNICIPAL ELECTRIC (SQ2) (DME)","0713801907100","N"
"DENTON MUNICIPAL ELECTRIC DEC (RE)","DEC_AGR_C","Generation","Not Applicable","DENTON MUNICIPAL ELECTRIC (SQ2) (DME)","0713801907100","N"
"DENTON MUNICIPAL ELECTRIC DEC (RE)","DEC_AGR_D","Generation","Not Applicable","DENTON MUNICIPAL ELECTRIC (SQ2) (DME)","0713801907100","N"
"DERMOTT WIND LLC (RE)","DERMOTT_UNIT1","Generation","Not Applicable","DERMOTT WIND LLC (DME)","0803705457000","N"
"DERMOTT WIND LLC (RE)","DERMOTT_UNIT2","Generation","Not Applicable","DERMOTT WIND LLC (DME)","0803705457000","N"
"DESERT SKY WIND FARM LLC (RE)","DSKYWND1_UNIT_1A","Generation","Not Applicable","DESERT SKY WIND FARM LLC (DME)","0394404207000","N"
"DESERT SKY WIND FARM LLC (RE)","DSKYWND1_UNIT_1B","Generation","Not Applicable","DESERT SKY WIND FARM LLC (DME)","0394404207000","N"
"DESERT SKY WIND FARM LLC (RE)","DSKYWND2_UNIT_2A","Generation","Not Applicable","DESERT SKY WIND FARM LLC (DME)","0394404207000","N"
"DESERT SKY WIND FARM LLC (RE)","DSKYWND2_UNIT_2B","Generation","Not Applicable","DESERT SKY WIND FARM LLC (DME)","0394404207000","N"
"DESERT WILLOW ENERGY STORAGE LLC (RE)","DSWL_ESS_ESR1","Storage","Not Applicable","DESERT WILLOW ENERGY STORAGE LLC (DME)","1112345627000","N"
"DESTINY STORAGE LLC (RE)","RHA_ESR1","Storage","Not Applicable","DESTINY STORAGE LLC (DME)","1032934977000","N"
"DGSP2 LLC (RE)","ELMCRK_ESR1","Storage","Not Applicable","DGSP2 LLC (DME)","0796086767000","N"
"DISTRIBUTED GENERATION SOLUTIONS LLC (RE)","ABINDUST_ESR1","Storage","Not Applicable","DISTRIBUTED GENERATION SOLUTIONS LLC (DME)","0786024207000","N"
"DIVER SOLAR LLC (RE)","DIVR_SLR_SOLAR1","Generation","Not Applicable","NEXTERA ENERGY RESOURCES LLC (DME)","0590069377000","N"
"DIVER SOLAR LLC (RE)","DIVR_SLR_SOLAR2","Generation","Not Applicable","NEXTERA ENERGY RESOURCES LLC (DME)","0590069377000","N"
"DOGFISH ESS ASSETS LLC (RE)","DGFS_ESR_ESR1","Storage","Not Applicable","DOGFISH ESS ASSETS LLC (DME)","1193439277000","N"
"EAST BLACKLAND SOLAR PROJECT 1 LLC (RE)","E_BLACK_UNIT_1","Generation","Not Applicable","EAST BLACKLAND SOLAR PROJECT 1 LLC (DME)","1136806927000","N"
"EAST PECOS SOLAR LLC (RE)","BOOTLEG_UNIT1","Generation","Not Applicable","EAST PECOS SOLAR LLC (DME)","0800880427000","N"
"EBONY ENERGY STORAGE LLC (RE)","EBNY_ESS_ESR1","Storage","Not Applicable","PLUS POWER LLC (DME)","0097952567000","N"
"ECTOR COUNTY GENERATION LLC (RE)","ECEC_G1","Generation","Not Applicable","ECTOR COUNTY GENERATION LLC (DME)","1186764427000","N"
"ECTOR COUNTY GENERATION LLC (RE)","ECEC_G2","Generation","Not Applicable","ECTOR COUNTY GENERATION LLC (DME)","1186764427000","N"
"EDINBURG ESS ASSETS LLC (RE)","NEDIN_ESR1","Storage","Not Applicable","INFINITE GRID CAPITAL LLC (DME)","1389356157000","N"
"EIF CHANNELVIEW COGENERATION LLC (RE)","CVC_CVC_G1","Generation","Not Applicable","EIF CHANNELVIEW COGENERATION LLC (DME)","8269657537000","N"
"EIF CHANNELVIEW COGENERATION LLC (RE)","CVC_CVC_G2","Generation","Not Applicable","EIF CHANNELVIEW COGENERATION LLC (DME)","8269657537000","N"
"EIF CHANNELVIEW COGENERATION LLC (RE)","CVC_CVC_G3","Generation","Not Applicable","EIF CHANNELVIEW COGENERATION LLC (DME)","8269657537000","N"
"EIF CHANNELVIEW COGENERATION LLC (RE)","CVC_CVC_G5","Generation","Not Applicable","EIF CHANNELVIEW COGENERATION LLC (DME)","8269657537000","N"
"EIF CHANNELVIEW COGENERATION LLC (RE)","LHM_CVC_G4","Generation","Not Applicable","EIF CHANNELVIEW COGENERATION LLC (DME)","8269657537000","N"
"EL ALGODON ALTO WIND FARM LLC (RE)","ALGODON_UNIT1","Generation","Not Applicable","RWE CLEAN ENERGY LLC (DME)","1680625407000","N"
"EL ALGODON ALTO WIND FARM LLC (RE)","ALGODON_UNIT2","Generation","Not Applicable","RWE CLEAN ENERGY LLC (DME)","1680625407000","N"
"EL CAMPO WIND LLC (RE)","VERAWIND_UNIT1","Generation","Not Applicable","EL CAMPO WIND LLC (DME)","1171532697000","N"
"EL CAMPO WIND LLC (RE)","VERAWIND_UNIT2","Generation","Not Applicable","EL CAMPO WIND LLC (DME)","1171532697000","N"
"EL CAMPO WIND LLC (RE)","VERAWIND_UNIT3","Generation","Not Applicable","EL CAMPO WIND LLC (DME)","1171532697000","N"
"EL CAMPO WIND LLC (RE)","VERAWIND_UNIT4","Generation","Not Applicable","EL CAMPO WIND LLC (DME)","1171532697000","N"
"EL CAMPO WIND LLC (RE)","VERAWIND_UNIT5","Generation","Not Applicable","EL CAMPO WIND LLC (DME)","1171532697000","N"
"EL SAUZ RANCH WIND LLC (RE)","ELSAUZ_UNIT1","Generation","Not Applicable","EL SAUZ RANCH WIND LLC (DME)","1186296237000","N"
"EL SAUZ RANCH WIND LLC (RE)","ELSAUZ_UNIT2","Generation","Not Applicable","EL SAUZ RANCH WIND LLC (DME)","1186296237000","N"
"ELARA ENERGY PROJECT LLC (RE)","ELARA_SL_UNIT1","Generation","Not Applicable","7X DEV LLC (DME)","0810282417000","N"
"ELAWAN DILEO SOLAR LLC (RE)","DILEOSLR_UNIT1","Generation","Not Applicable","ELAWAN DILEO SOLAR LLC (DME)","1044546727000","N"
"ELAWAN PITTS DUDIK SOLAR II LLC (RE)","PITTSDK2_UNIT1","Generation","Not Applicable","ELAWAN PITTS DUDIK SOLAR II LLC (DME)","1191934887000","N"
"ELAWAN PITTS DUDIK SOLAR LLC (RE)","PITTSDDK_UNIT1","Generation","Not Applicable","ELAWAN DILEO SOLAR LLC (DME)","1044546727000","N"
"ELBOW CREEK WIND PROJECT LLC (RE)","ELB_ELBCREEK","Generation","Not Applicable","ELBOW CREEK WIND PROJECT LLC (DME)","8274295107000","N"
"ELECTRA WIND LLC (RE)","DIGBY_UNIT1","Generation","Not Applicable","ELECTRA WIND LLC (DME)","0799783957000","N"
"ELECTRA WIND LLC (RE)","DIGBY_UNIT2","Generation","Not Applicable","ELECTRA WIND LLC (DME)","0799783957000","N"
"ELLIS SOLAR LLC (RE)","ELLISSLR_UNIT1","Generation","Not Applicable","HANWHA TOTAL SOLAR II LLC (DME)","1181946247000","N"
"ELM BRANCH SOLAR 1 LLC (RE)","STRATEGC_UNIT1","Generation","Not Applicable","ELM BRANCH SOLAR 1 LLC (DME)","1175069957000","N"
"ELM ST INFRA LLC (RE)","ELM_ST_ESR1","Storage","Not Applicable","ELM ST INFRA LLC (DME)","1193298667000","N"
"EMERALD GROVE SOLAR LLC (RE)","EGROVESL_UNIT1","Generation","Not Applicable","LUMINANT ENERGY COMPANY LLC (DME)","6062523937000","N"
"ENBRIDGE SOLAR (ORANGE GROVE) LLC (RE)","OGS_SLR_UNIT1","Generation","Not Applicable","ENBRIDGE SOLAR (ORANGE GROVE) LLC (DME)","1175642687000","N"
"ENBRIDGE SOLAR SEQUOIA I LLC (RE)","DORA_SLR_SOLAR1","Generation","Not Applicable","ENBRIDGE SOLAR SEQUOIA I LLC (DME)","1193942567000","N"
"ENBRIDGE SOLAR SEQUOIA I LLC (RE)","DORA_SLR_SOLAR2","Generation","Not Applicable","ENBRIDGE SOLAR SEQUOIA I LLC (DME)","1193942567000","N"
"ENEL GREEN POWER ESTONIAN SOLAR PROJECT LLC (RE)","ESTONIAN_ESR1","Storage","Not Applicable","ENEL TRADING NORTH AMERICA LLC (DME)","0805985627000","N"
"ENEL GREEN POWER ESTONIAN SOLAR PROJECT LLC (RE)","ESTONIAN_SOLAR1","Generation","Not Applicable","ENEL TRADING NORTH AMERICA LLC (DME)","0805985627000","N"
"ENEL GREEN POWER ESTONIAN SOLAR PROJECT LLC (RE)","ESTONIAN_SOLAR2","Generation","Not Applicable","ENEL TRADING NORTH AMERICA LLC (DME)","0805985627000","N"
"ENEL GREEN POWER ROADRUNNER SOLAR PROJECT II LLC (RE)","QUEEN_SL_SOLAR3","Generation","Not Applicable","ENEL TRADING NORTH AMERICA LLC (DME)","0805985627000","N"
"ENEL GREEN POWER ROADRUNNER SOLAR PROJECT II LLC (RE)","QUEEN_SL_SOLAR4","Generation","Not Applicable","ENEL TRADING NORTH AMERICA LLC (DME)","0805985627000","N"
"ENEL GREEN POWER ROSELAND SOLAR LLC (RE)","ROSELAND_ESR1","Storage","Not Applicable","ENEL TRADING NORTH AMERICA LLC (DME)","0805985627000","N"
"ENEL GREEN POWER ROSELAND SOLAR LLC (RE)","ROSELAND_SOLAR1","Generation","Not Applicable","ENEL GREEN POWER ROSELAND SOLAR LLC (DME)","1183409337000","N"
"ENEL GREEN POWER ROSELAND SOLAR LLC (RE)","ROSELAND_SOLAR2","Generation","Not Applicable","ENEL GREEN POWER ROSELAND SOLAR LLC (DME)","1183409337000","N"
"ENEL GREEN POWER ROSELAND SOLAR LLC (RE)","ROSELAND_SOLAR3","Generation","Not Applicable","ENEL GREEN POWER ROSELAND SOLAR LLC (DME)","1183409337000","N"
"ENGIE LONG DRAW SOLAR LLC (RE)","LGDRAW_S_UNIT1_1","Generation","Not Applicable","ENGIE ENERGY MARKETING NA INC (DME)","9689097397000","N"
"ENGIE LONG DRAW SOLAR LLC (RE)","LGDRAW_S_UNIT1_2","Generation","Not Applicable","ENGIE ENERGY MARKETING NA INC (DME)","9689097397000","N"
"ENNIS POWER COMPANY LLC (RE)","ETCCS_CT1","Generation","Not Applicable","LUMINANT ENERGY COMPANY LLC (DME)","6062523937000","N"
"ENNIS POWER COMPANY LLC (RE)","ETCCS_UNIT1","Generation","Not Applicable","LUMINANT ENERGY COMPANY LLC (DME)","6062523937000","N"
"ENTERGY TEXAS INC (BLT RE)","BL_CS1_BLT","Generation","Not Applicable","","","N"
"ENTERGY TEXAS INC (BLT RE)","BL_CSSWC_BLT","Generation","Not Applicable","","","N"
"EQUISTAR CHEMICAL LP (RE)","OXY_CC_OXY_CCG1","Generation","Not Applicable","EQUISTAR CHEMICAL LP (DME)","9695572637000","N"
"ERCOTTEST PRODVER JOU PSHIP (RE) 040223","PRODVER_LD1","Storage","PRODVER_LD1_J01","ERCOTTEST DME","1112223337000","N"
"ERCOTTEST PRODVER PSHIP (RE) 072725","UPGRADE_GT2","Generation","Not Applicable","ERCOTTEST DME","1112223337000","N"
"ERCOTTEST SIEBEL UPGRADE 09292013 RE1 NAME CHANGE (RE)","PRODVER_LD1","Storage","PRODVER_LD1_J02","","","N"
"ESTX PLD ARLINGTON1 LLC (RE)","LIGSW_ESR1","Storage","Not Applicable","ESTX PLD ARLINGTON1 LLC (DME)","1191195987000","N"
"ESTX PLD GRANDPRAIRIE1 LLC (RE)","CNTRY_ESR1","Storage","Not Applicable","ESTX PLD GRANDPRAIRIE1 LLC (DME)","1191071667000","N"
"ESTX PLD HOUSTON1 LLC (RE)","CR_ESR1","Storage","Not Applicable","ESTX PLD HOUSTON1 LLC (DME)","1191058147000","N"
"ESTX PLD HOUSTON2 LLC (RE)","SAH_ESR1","Storage","Not Applicable","ESTX PLD HOUSTON2 LLC (DME)","1195366307000","N"
"ESTX PLD HOUSTON2 LLC (RE)","SAH_ESR2","Storage","Not Applicable","ESTX PLD HOUSTON2 LLC (DME)","1195366307000","N"
"ESTX PLD HOUSTON5 LLC (RE)","LK_ESR1","Storage","Not Applicable","ESTX PLD HOUSTON5 LLC (DME)","1195668377000","N"
"ESTX PLD HOUSTON7 LLC (RE)","GZ_ESR2","Storage","Not Applicable","ESTX PLD HOUSTON7 LLC (DME)","1195372557000","N"
"ESTX PLD HOUSTON8 LLC (RE)","BY_ESR1","Storage","Not Applicable","ESTX PLD HOUSTON8 LLC (DME)","1195077407000","N"
"EXCEL ADVANTAGE SERVICES LLC DBA MISAE SOLAR PARK II (RE)","FAGUSSLR_UNIT2","Generation","Not Applicable","EXCEL ADVANTAGE SERVICES LLC DBA MISAE SOLAR PARK II (DME)","0305141137000","N"
"EXCEL ADVANTAGE SERVICES LLC DBA MISAE SOLAR PARK II (RE)","FAGUSSLR_UNIT3","Generation","Not Applicable","EXCEL ADVANTAGE SERVICES LLC DBA MISAE SOLAR PARK II (DME)","0305141137000","N"
"EXXON MOBIL CORPORATION (RE)","EXN_EXN_G1","Generation","Not Applicable","EXXON MOBIL CORPORATION (DME)","0012132147000","N"
"EXXON MOBIL CORPORATION (RE)","EXN_EXN_G10","Generation","Not Applicable","EXXON MOBIL CORPORATION (DME)","0012132147000","N"
"EXXON MOBIL CORPORATION (RE)","EXN_EXN_G11","Generation","Not Applicable","EXXON MOBIL CORPORATION (DME)","0012132147000","N"
"EXXON MOBIL CORPORATION (RE)","EXN_EXN_G12","Generation","Not Applicable","EXXON MOBIL CORPORATION (DME)","0012132147000","N"
"EXXON MOBIL CORPORATION (RE)","EXN_EXN_G13","Generation","Not Applicable","EXXON MOBIL CORPORATION (DME)","0012132147000","N"
"EXXON MOBIL CORPORATION (RE)","EXN_EXN_G14","Generation","Not Applicable","EXXON MOBIL CORPORATION (DME)","0012132147000","N"
"EXXON MOBIL CORPORATION (RE)","EXN_EXN_G15","Generation","Not Applicable","EXXON MOBIL CORPORATION (DME)","0012132147000","N"
"EXXON MOBIL CORPORATION (RE)","EXN_EXN_G2","Generation","Not Applicable","EXXON MOBIL CORPORATION (DME)","0012132147000","N"
"EXXON MOBIL CORPORATION (RE)","EXN_EXN_G3","Generation","Not Applicable","EXXON MOBIL CORPORATION (DME)","0012132147000","N"
"EXXON MOBIL CORPORATION (RE)","EXN_EXN_G4","Generation","Not Applicable","EXXON MOBIL CORPORATION (DME)","0012132147000","N"
"EXXON MOBIL CORPORATION (RE)","EXN_EXN_G8","Generation","Not Applicable","EXXON MOBIL CORPORATION (DME)","0012132147000","N"
"EXXON MOBIL CORPORATION (RE)","EXN_EXN_G9","Generation","Not Applicable","EXXON MOBIL CORPORATION (DME)","0012132147000","N"
"FENCEPOST SOLAR PROJECT LLC (RE)","FENCESLR_ESR1","Storage","Not Applicable","ENEL TRADING NORTH AMERICA LLC (DME)","0805985627000","N"
"FENCEPOST SOLAR PROJECT LLC (RE)","FENCESLR_SOLAR1","Generation","Not Applicable","ENEL TRADING NORTH AMERICA LLC (DME)","0805985627000","N"
"FENCEPOST SOLAR PROJECT LLC (RE)","FENCESLR_SOLAR2","Generation","Not Applicable","ENEL TRADING NORTH AMERICA LLC (DME)","0805985627000","N"
"FERDINAND GRID LLC (RE)","FERD_ESS_ESR1","Storage","Not Applicable","CPS ENERGY (DME)","0079360737000","N"
"FGE GOODNIGHT I LLC (RE)","GOODNIT1_UNIT1","Generation","Not Applicable","FGE GOODNIGHT I LLC (DME)","1188380817000","N"
"FGE GOODNIGHT I LLC (RE)","GOODNIT1_UNIT2","Generation","Not Applicable","FGE GOODNIGHT I LLC (DME)","1188380817000","N"
"FIVE WELLS SOLAR CENTER LLC (RE)","FIVEWSLR_UNIT1","Generation","Not Applicable","ENGIE ENERGY MARKETING NA INC SQ61 (DME)","9689097397200","N"
"FIVE WELLS SOLAR CENTER LLC (RE)","FIVEWSLR_UNIT2","Generation","Not Applicable","ENGIE ENERGY MARKETING NA INC SQ61 (DME)","9689097397200","N"
"FIVE WELLS STORAGE LLC (RE)","FIVEWSLR_ESR1","Storage","Not Applicable","ENGIE ENERGY MARKETING NA INC SQ61 (DME)","9689097397200","N"
"FLAT TOP WIND I LLC (RE)","FTWIND_UNIT_1","Generation","Not Applicable","FLAT TOP WIND I LLC (DME)","0804462037000","N"
"FLOWER VALLEY II LLC (RE)","FLOWERII_ESR1","Storage","Not Applicable","FLOWER VALLEY II LLC (DME)","1178033247000","N"
"FLOWER VALLEY LLC (RE)","FLAT_TOP_ESR2","Storage","Not Applicable","FLOWER VALLEY LLC (DME)","1174463247000","N"
"FLUVANNA WIND ENERGY 2 LLC (RE)","GOPHER_UNIT1","Generation","Not Applicable","FLUVANNA WIND ENERGY 2 LLC (DME)","0807265687000","N"
"FLUVANNA WIND ENERGY 2 LLC (RE)","GOPHER_UNIT2","Generation","Not Applicable","FLUVANNA WIND ENERGY 2 LLC (DME)","0807265687000","N"
"FLUVANNA WIND ENERGY LLC (RE)","FLUVANNA_UNIT1","Generation","Not Applicable","TERNA DEN LLC (DME)","1170020457000","N"
"FLUVANNA WIND ENERGY LLC (RE)","FLUVANNA_UNIT2","Generation","Not Applicable","TERNA DEN LLC (DME)","1170020457000","N"
"FOARD CITY WIND LLC (RE)","FOARDCTY_UNIT1","Generation","Not Applicable","INNERGEX RENEWABLE ENERGY INC (DME)","2069857517000","N"
"FOARD CITY WIND LLC (RE)","FOARDCTY_UNIT2","Generation","Not Applicable","INNERGEX RENEWABLE ENERGY INC (DME)","2069857517000","N"
"FOREST CREEK WIND FARM LLC (RE)","MCDLD_FCW1","Generation","Not Applicable","RWE CLEAN ENERGY LLC (DME)","1680625407000","N"
"FORMOSA UTILITY VENTURE LTD (RE)","FORMOSA_FORMOSG1","Generation","Not Applicable","FORMOSA UTILITY VENTURE LTD (DME)","9277887867000","N"
"FORMOSA UTILITY VENTURE LTD (RE)","FORMOSA_FORMOSG10","Generation","Not Applicable","FORMOSA UTILITY VENTURE LTD (DME)","9277887867000","N"
"FORMOSA UTILITY VENTURE LTD (RE)","FORMOSA_FORMOSG11","Generation","Not Applicable","FORMOSA UTILITY VENTURE LTD (DME)","9277887867000","N"
"FORMOSA UTILITY VENTURE LTD (RE)","FORMOSA_FORMOSG12","Generation","Not Applicable","FORMOSA UTILITY VENTURE LTD (DME)","9277887867000","N"
"FORMOSA UTILITY VENTURE LTD (RE)","FORMOSA_FORMOSG13","Generation","Not Applicable","FORMOSA UTILITY VENTURE LTD (DME)","9277887867000","N"
"FORMOSA UTILITY VENTURE LTD (RE)","FORMOSA_FORMOSG14","Generation","Not Applicable","FORMOSA UTILITY VENTURE LTD (DME)","9277887867000","N"
"FORMOSA UTILITY VENTURE LTD (RE)","FORMOSA_FORMOSG15","Generation","Not Applicable","FORMOSA UTILITY VENTURE LTD (DME)","9277887867000","N"
"FORMOSA UTILITY VENTURE LTD (RE)","FORMOSA_FORMOSG2","Generation","Not Applicable","FORMOSA UTILITY VENTURE LTD (DME)","9277887867000","N"
"FORMOSA UTILITY VENTURE LTD (RE)","FORMOSA_FORMOSG3","Generation","Not Applicable","FORMOSA UTILITY VENTURE LTD (DME)","9277887867000","N"
"FORMOSA UTILITY VENTURE LTD (RE)","FORMOSA_FORMOSG4","Generation","Not Applicable","FORMOSA UTILITY VENTURE LTD (DME)","9277887867000","N"
"FORMOSA UTILITY VENTURE LTD (RE)","FORMOSA_FORMOSG5","Generation","Not Applicable","FORMOSA UTILITY VENTURE LTD (DME)","9277887867000","N"
"FORMOSA UTILITY VENTURE LTD (RE)","FORMOSA_FORMOSG6","Generation","Not Applicable","FORMOSA UTILITY VENTURE LTD (DME)","9277887867000","N"
"FORMOSA UTILITY VENTURE LTD (RE)","FORMOSA_FORMOSG7","Generation","Not Applicable","FORMOSA UTILITY VENTURE LTD (DME)","9277887867000","N"
"FORMOSA UTILITY VENTURE LTD (RE)","FORMOSA_FORMOSG8","Generation","Not Applicable","FORMOSA UTILITY VENTURE LTD (DME)","9277887867000","N"
"FORMOSA UTILITY VENTURE LTD (RE)","FORMOSA_FORMOSG9","Generation","Not Applicable","FORMOSA UTILITY VENTURE LTD (DME)","9277887867000","N"
"FORT BEND SOLAR LLC (RE)","TAV_UNIT1","Generation","Not Applicable","ACCIONA ENERGY USA GLOBAL LLC (DME)","0797372127000","N"
"FORT BEND SOLAR LLC (RE)","TAV_UNIT2","Generation","Not Applicable","ACCIONA ENERGY USA GLOBAL LLC (DME)","0797372127000","N"
"FORT DUNCAN BESS LLC (RE)","FTDUNCAN_ESR1","Storage","Not Applicable","FORT DUNCAN BESS LLC (DME)","1193076037000","N"
"FORT STOCKTON CLEAN ENERGY CENTER LLC (RE)","TNFS_ESR1","Storage","Not Applicable","FORT STOCKTON CLEAN ENERGY CENTER LLC (DME)","1253417137000","N"
"FRV AE SOLAR LLC (RE)","WEBBER_S_WSP1","Generation","Not Applicable","FRV AE SOLAR LLC (DME)","9683464167000","N"
"FRYE SOLAR LLC (RE)","FRYE_SLR_UNIT1","Generation","Not Applicable","FRYE SOLAR LLC (DME)","1189375487000","N"
"FRYE SOLAR LLC (RE)","FRYE_SLR_UNIT2","Generation","Not Applicable","FRYE SOLAR LLC (DME)","1189375487000","N"
"GAIA SOLAR LLC (RE)","GAIA_SLR_SOLAR1","Generation","Not Applicable","GAIA SOLAR LLC (DME)","1193723477000","N"
"GAIA SOLAR LLC 1 (RE)","GAIA_SLR_ESR1","Storage","Not Applicable","GAIA SOLAR LLC (DME)","1193723477000","N"
"GAMBIT ENERGY STORAGE LLC (RE)","GAMBIT_ESR1","Storage","Not Applicable","PLUS POWER LLC (DME)","0097952567000","N"
"GANADO SOLAR LLC (RE)","MUSTNGCK_ESR1","Storage","Not Applicable","ENEL TRADING NORTH AMERICA LLC (DME)","0805985627000","N"
"GANADO SOLAR LLC (RE)","MUSTNGCK_SOLAR1","Generation","Not Applicable","ENEL TRADING NORTH AMERICA LLC (DME)","0805985627000","N"
"GANADO SOLAR LLC (RE)","MUSTNGCK_SOLAR2","Generation","Not Applicable","ENEL TRADING NORTH AMERICA LLC (DME)","0805985627000","N"
"GEN TEX POWER CORP (RE)","LOSTPI_LOSTPGT1","Generation","Not Applicable","LOWER COLORADO RIVER AUTHORITY (DME)","0432268857000","N"
"GEN TEX POWER CORP (RE)","LOSTPI_LOSTPGT2","Generation","Not Applicable","LOWER COLORADO RIVER AUTHORITY (DME)","0432268857000","N"
"GEN TEX POWER CORP (RE)","LOSTPI_LOSTPST1","Generation","Not Applicable","LOWER COLORADO RIVER AUTHORITY (DME)","0432268857000","N"
"GEUS (RE)","STEAM1A_STEAM_1","Generation","Not Applicable","GEUS (DME)","8062449357000","N"
"GEUS (RE)","STEAM_ENGINE_1","Generation","Not Applicable","GEUS (DME)","8062449357000","N"
"GEUS (RE)","STEAM_ENGINE_2","Generation","Not Applicable","GEUS (DME)","8062449357000","N"
"GEUS (RE)","STEAM_ENGINE_3","Generation","Not Applicable","GEUS (DME)","8062449357000","N"
"GEUS (RE)","STEAM_STEAM_2","Generation","Not Applicable","GEUS (DME)","8062449357000","N"
"GEUS (RE)","STEAM_STEAM_3","Generation","Not Applicable","GEUS (DME)","8062449357000","N"
"GIGA TEXAS ENERGY LLC (RE)","GIGA_ESS_ESR1","Storage","Not Applicable","GIGA TEXAS ENERGY LLC (DME)","1183201317000","N"
"GOLDEN SPREAD ELECTRIC COOPERATIVE INC (RE)","AEEC_ANTLP_1","Generation","Not Applicable","GOLDEN SPREAD ELECTRIC COOPERATIVE INC (DME)","1864707797000","N"
"GOLDEN SPREAD ELECTRIC COOPERATIVE INC (RE)","AEEC_ANTLP_2","Generation","Not Applicable","GOLDEN SPREAD ELECTRIC COOPERATIVE INC (DME)","1864707797000","N"
"GOLDEN SPREAD ELECTRIC COOPERATIVE INC (RE)","AEEC_ANTLP_3","Generation","Not Applicable","GOLDEN SPREAD ELECTRIC COOPERATIVE INC (DME)","1864707797000","N"
"GOLDEN SPREAD ELECTRIC COOPERATIVE INC (RE)","AEEC_ELK_1","Generation","Not Applicable","GOLDEN SPREAD ELECTRIC COOPERATIVE INC (DME)","1864707797000","N"
"GOLDEN SPREAD ELECTRIC COOPERATIVE INC (RE)","AEEC_ELK_2","Generation","Not Applicable","GOLDEN SPREAD ELECTRIC COOPERATIVE INC (DME)","1864707797000","N"
"GOLDEN SPREAD ELECTRIC COOPERATIVE INC (RE)","AEEC_ELK_3","Generation","Not Applicable","GOLDEN SPREAD ELECTRIC COOPERATIVE INC (DME)","1864707797000","N"
"GOLDTHWAITE WIND ENERGY LLC (RE)","GWEC_GWEC_G1","Generation","Not Applicable","GOLDTHWAITE WIND ENERGY LLC (DME)","0787479237000","N"
"GRANDVIEW WIND FARM LLC (RE)","GRANDVW1_GV1A","Generation","Not Applicable","RWE CLEAN ENERGY LLC (DME)","1680625407000","N"
"GRANDVIEW WIND FARM LLC (RE)","GRANDVW1_GV1B","Generation","Not Applicable","RWE CLEAN ENERGY LLC (DME)","1680625407000","N"
"GRANSOLAR TEXAS ONE LLC (RE)","GRAN_SLR_UNIT1","Generation","Not Applicable","GRANSOLAR TEXAS ONE LLC (DME)","1142143557000","N"
"GREASEWOOD II LLC (RE)","TRBT_SLR_PV1","Generation","Not Applicable","GREASEWOOD II LLC (DME)","0687617807000","N"
"GREASEWOOD II LLC (RE)","TRBT_SLR_PV2","Generation","Not Applicable","GREASEWOOD II LLC (DME)","0687617807000","N"
"GREAT KISKADEE STORAGE LLC (RE)","GKS_BESS_ESR1","Storage","Not Applicable","GREAT KISKADEE STORAGE LLC (DME)","1192148257000","N"
"GREATER BRYANT G SOLAR LLC (RE)","HOLZ_SLR_PV1","Generation","Not Applicable","GREATER BRYANT G SOLAR LLC (DME)","1187298657000","N"
"GREEN PASTURES WIND I LLC (RE)","GPASTURE_WIND_I","Generation","Not Applicable","GREEN PASTURES WIND I LLC (DME)","0793386197000","N"
"GREEN PASTURES WIND II LLC (RE)","VERTIGO_WIND_I","Generation","Not Applicable","GREEN PASTURES WIND II LLC (DME)","0794186977000","N"
"GREGORY POWER PARTNERS LLC (RE)","LGE_LGE_GT1","Generation","Not Applicable","NRG TEXAS POWER LLC (DME)","1684560497000","N"
"GREGORY POWER PARTNERS LLC (RE)","LGE_LGE_GT2","Generation","Not Applicable","NRG TEXAS POWER LLC (DME)","1684560497000","N"
"GREGORY POWER PARTNERS LLC (RE)","LGE_LGE_STG","Generation","Not Applicable","NRG TEXAS POWER LLC (DME)","1684560497000","N"
"GRIDSTOR LLC (RE)","EVLN_ESS_ESR1","Storage","Not Applicable","GRIDSTOR LLC (DME)","1188010077000","N"
"GRIFFIN TRAIL WIND LLC (RE)","GRIF_TRL_UNIT1","Generation","Not Applicable","INNERGEX RENEWABLE ENERGY INC (DME)","2069857517000","N"
"GRIFFIN TRAIL WIND LLC (RE)","GRIF_TRL_UNIT2","Generation","Not Applicable","INNERGEX RENEWABLE ENERGY INC (DME)","2069857517000","N"
"GRIMES COUNTY SOLAR PROJECT LLC (RE)","GRIM_SLR_UNIT1","Generation","Not Applicable","GRIMES COUNTY SOLAR PROJECT LLC (DME)","1191519567000","N"
"GRIMES COUNTY SOLAR PROJECT LLC (RE)","GRIM_SLR_UNIT2","Generation","Not Applicable","GRIMES COUNTY SOLAR PROJECT LLC (DME)","1191519567000","N"
"GRIMES COUNTY SOLAR PROJECT LLC (RE)","GRIM_SLR_UNIT3","Generation","Not Applicable","GRIMES COUNTY SOLAR PROJECT LLC (DME)","1191519567000","N"
"GRIZZLY RIDGE SOLAR LLC (RE)","GRIZZLY_ESR1","Storage","Not Applicable","GRIZZLY RIDGE SOLAR LLC (DME)","0992204677000","N"
"GRIZZLY RIDGE SOLAR LLC (RE)","GRIZZLY_SOLAR1","Generation","Not Applicable","GRIZZLY RIDGE SOLAR LLC (DME)","0992204677000","N"
"GSE ONE LLC (RE)","PHOENIX_UNIT1","Generation","Not Applicable","GSE ONE LLC (DME)","0807331027000","N"
"GUAJILLO ENERGY STORAGE LLC (RE)","CORAZON_ESR1","Storage","Not Applicable","GUAJILLO ENERGY STORAGE LLC (DME)","1111582777000","N"
"GULFSTAR POWER LLC (RE)","PHO_ESR1","Storage","Not Applicable","ENEL TRADING NORTH AMERICA LLC (DME)","0805985627000","N"
"GULFSTAR POWER LLC (RE)","PHO_ESR2","Storage","Not Applicable","ENEL TRADING NORTH AMERICA LLC (DME)","0805985627000","N"
"GULFSTAR POWER LLC (RE)","PHO_SOLAR1","Generation","Not Applicable","ENEL TRADING NORTH AMERICA LLC (DME)","0805985627000","N"
"GULFSTAR POWER LLC (RE)","PHO_SOLAR2","Generation","Not Applicable","ENEL TRADING NORTH AMERICA LLC (DME)","0805985627000","N"
"GULFSTAR POWER LLC (RE)","PHO_SOLAR3","Generation","Not Applicable","ENEL TRADING NORTH AMERICA LLC (DME)","0805985627000","N"
"GULFSTAR POWER LLC (RE)","PHO_SOLAR4","Generation","Not Applicable","ENEL TRADING NORTH AMERICA LLC (DME)","0805985627000","N"
"GUNNAR RELIABILITY PROJECT LLC (RE)","GUNR_BES_ESR1","Storage","Not Applicable","GUNNAR RELIABILITY PROJECT LLC (DME)","1448490337000","N"
"GUNSIGHT MOUNTAIN WIND ENERGY LLC (RE)","GUNMTN_G1","Generation","Not Applicable","GUNSIGHT MOUNTAIN WIND ENERGY LLC (DME)","0796659847000","N"
"HACKBERRY WIND LLC (RE)","HWF_HWFG1","Generation","Not Applicable","CITY OF AUSTIN DBA AUSTIN ENERGY (DME)","8008717667000","N"
"HARLINGEN ESS ASSETS LLC (RE)","HARLIN_1_ESR1","Storage","Not Applicable","INFINITE GRID CAPITAL LLC (DME)","1389356157000","N"
"HART WIND PROJECT LLC (RE)","HART_WND_UNIT1","Generation","Not Applicable","NEXTERA ENERGY RESOURCES LLC (DME)","0590069377000","N"
"HAYHURST TEXAS SOLAR LLC (RE)","CHAL_SLR_SOLAR1","Generation","Not Applicable","HAYHURST TEXAS SOLAR LLC (DME)","1187351377000","N"
"HAYS ENERGY LLC (RE)","HAYSEN_HAYSENG1","Generation","Not Applicable","LUMINANT ENERGY COMPANY LLC (DME)","6062523937000","N"
"HAYS ENERGY LLC (RE)","HAYSEN_HAYSENG2","Generation","Not Applicable","LUMINANT ENERGY COMPANY LLC (DME)","6062523937000","N"
"HAYS ENERGY LLC (RE)","HAYSEN_HAYSENG3","Generation","Not Applicable","LUMINANT ENERGY COMPANY LLC (DME)","6062523937000","N"
"HAYS ENERGY LLC (RE)","HAYSEN_HAYSENG4","Generation","Not Applicable","LUMINANT ENERGY COMPANY LLC (DME)","6062523937000","N"
"HEART OF TEXAS WIND LLC (RE)","RTS2_U1","Generation","Not Applicable","HEART OF TEXAS WIND LLC (DME)","1169572277000","N"
"HEART OF TEXAS WIND LLC (RE)","RTS2_U2","Generation","Not Applicable","HEART OF TEXAS WIND LLC (DME)","1169572277000","N"
"HECATE ENERGY RAMSEY LLC (RE)","PLN_UNIT1","Generation","Not Applicable","HECATE ENERGY RAMSEY LLC (DME)","1177866537000","N"
"HECATE ENERGY RAMSEY LLC (RE)","PLN_UNIT2","Generation","Not Applicable","HECATE ENERGY RAMSEY LLC (DME)","1177866537000","N"
"HELENA WIND LLC (RE)","FOXTROT_UNIT1","Generation","Not Applicable","HELENA WIND LLC (DME)","1176273817000","N"
"HELENA WIND LLC (RE)","FOXTROT_UNIT2","Generation","Not Applicable","HELENA WIND LLC (DME)","1176273817000","N"
"HELENA WIND LLC (RE)","FOXTROT_UNIT3","Generation","Not Applicable","HELENA WIND LLC (DME)","1176273817000","N"
"HEN INFRASTRUCTURE LLC (RE)","CATARINA_ESR1","Storage","Not Applicable","HEN INFRASTRUCTURE LLC (DME)","1171437387000","N"
"HEN INFRASTRUCTURE LLC (RE)","CEDRVALE_ESR1","Storage","Not Applicable","HEN INFRASTRUCTURE LLC (DME)","1171437387000","N"
"HEN INFRASTRUCTURE LLC (RE)","COYOTSPR_ESR1","Storage","Not Applicable","HEN INFRASTRUCTURE LLC (DME)","1171437387000","N"
"HEN INFRASTRUCTURE LLC (RE)","HOLCOMB_ESR1","Storage","Not Applicable","HEN INFRASTRUCTURE LLC (DME)","1171437387000","N"
"HEN INFRASTRUCTURE LLC (RE)","LONESTAR_ESR1","Storage","Not Applicable","HEN INFRASTRUCTURE LLC (DME)","1171437387000","N"
"HEN INFRASTRUCTURE LLC (RE)","RTLSNAKE_ESR1","Storage","Not Applicable","HEN INFRASTRUCTURE LLC (DME)","1171437387000","N"
"HEN INFRASTRUCTURE LLC (RE)","SBEAN_ESR1","Storage","Not Applicable","HEN INFRASTRUCTURE LLC (DME)","1171437387000","N"
"HEN INFRASTRUCTURE LLC 1 (RE)","CHERRYCR_ESR1","Storage","Not Applicable","HEN INFRASTRUCTURE LLC 2 (DME)","1171437387100","N"
"HEN INFRASTRUCTURE LLC 1 (RE)","CISC_ESR1","Storage","Not Applicable","HEN INFRASTRUCTURE LLC 1 (DME)","1171437387200","N"
"HEN INFRASTRUCTURE LLC 1 (RE)","COYOTSPR_AGR1","Generation","Not Applicable","HEN INFRASTRUCTURE LLC 1 (DME)","1171437387200","N"
"HEN INFRASTRUCTURE LLC 1 (RE)","DIBOL_ESR1","Storage","Not Applicable","HEN INFRASTRUCTURE LLC 1 (DME)","1171437387200","N"
"HEN INFRASTRUCTURE LLC 1 (RE)","FALFUR_ESR1","Storage","Not Applicable","HEN INFRASTRUCTURE LLC 1 (DME)","1171437387200","N"
"HEN INFRASTRUCTURE LLC 1 (RE)","FAULKNER_ESR1","Storage","Not Applicable","HEN INFRASTRUCTURE LLC 2 (DME)","1171437387100","N"
"HEN INFRASTRUCTURE LLC 1 (RE)","FRMRSVLW_ESR1","Storage","Not Applicable","HEN INFRASTRUCTURE LLC 1 (DME)","1171437387200","N"
"HEN INFRASTRUCTURE LLC 1 (RE)","GOMZ_ESR1","Storage","Not Applicable","HEN INFRASTRUCTURE LLC 1 (DME)","1171437387200","N"
"HEN INFRASTRUCTURE LLC 1 (RE)","GRDNE_ESR1","Storage","Not Applicable","HEN INFRASTRUCTURE LLC 1 (DME)","1171437387200","N"
"HEN INFRASTRUCTURE LLC 1 (RE)","HAMILTON_ESR1","Storage","Not Applicable","HEN INFRASTRUCTURE LLC 1 (DME)","1171437387200","N"
"HEN INFRASTRUCTURE LLC 1 (RE)","JDKNS_ESR1","Storage","Not Applicable","HEN INFRASTRUCTURE LLC 1 (DME)","1171437387200","N"
"HEN INFRASTRUCTURE LLC 1 (RE)","JUNCTION_ESR1","Storage","Not Applicable","HEN INFRASTRUCTURE LLC 1 (DME)","1171437387200","N"
"HEN INFRASTRUCTURE LLC 1 (RE)","LFSTH_ESR1","Storage","Not Applicable","HEN INFRASTRUCTURE LLC 1 (DME)","1171437387200","N"
"HEN INFRASTRUCTURE LLC 1 (RE)","MAINLAND_ESR1","Storage","Not Applicable","HEN INFRASTRUCTURE LLC 1 (DME)","1171437387200","N"
"HEN INFRASTRUCTURE LLC 1 (RE)","MNWLE_ESR1","Storage","Not Applicable","HEN INFRASTRUCTURE LLC 1 (DME)","1171437387200","N"
"HEN INFRASTRUCTURE LLC 1 (RE)","MV_VALV4_ESR1","Storage","Not Applicable","HEN INFRASTRUCTURE LLC 1 (DME)","1171437387200","N"
"HEN INFRASTRUCTURE LLC 1 (RE)","OLNEYTN_AGR1","Generation","Not Applicable","HEN INFRASTRUCTURE LLC 1 (DME)","1171437387200","N"
"HEN INFRASTRUCTURE LLC 1 (RE)","OLNEYTN_ESR1","Storage","Not Applicable","HEN INFRASTRUCTURE LLC 1 (DME)","1171437387200","N"
"HEN INFRASTRUCTURE LLC 1 (RE)","PAULN_ESR1","Storage","Not Applicable","HEN INFRASTRUCTURE LLC 1 (DME)","1171437387200","N"
"HEN INFRASTRUCTURE LLC 1 (RE)","PAVLOV_ESR1","Storage","Not Applicable","HEN INFRASTRUCTURE LLC 1 (DME)","1171437387200","N"
"HEN INFRASTRUCTURE LLC 1 (RE)","POTEETS_ESR1","Storage","Not Applicable","HEN INFRASTRUCTURE LLC 1 (DME)","1171437387200","N"
"HEN INFRASTRUCTURE LLC 1 (RE)","RUSSEKST_ESR1","Storage","Not Applicable","HEN INFRASTRUCTURE LLC 1 (DME)","1171437387200","N"
"HEN INFRASTRUCTURE LLC 1 (RE)","SADLBACK_AGR1","Generation","Not Applicable","HEN INFRASTRUCTURE LLC 1 (DME)","1171437387200","N"
"HEN INFRASTRUCTURE LLC 1 (RE)","SADLBACK_ESR1","Storage","Not Applicable","HEN INFRASTRUCTURE LLC 2 (DME)","1171437387100","N"
"HEN INFRASTRUCTURE LLC 1 (RE)","SANDLAKE_ESR1","Storage","Not Applicable","HEN INFRASTRUCTURE LLC 1 (DME)","1171437387200","N"
"HEN INFRASTRUCTURE LLC 1 (RE)","TYNAN_ESR1","Storage","Not Applicable","HEN INFRASTRUCTURE LLC 1 (DME)","1171437387200","N"
"HEN INFRASTRUCTURE LLC 1 (RE)","WEIL_TRC_ESR1","Storage","Not Applicable","HEN INFRASTRUCTURE LLC 1 (DME)","1171437387200","N"
"HIDALGO WIND FARM II LLC (RE)","MIRASOLE_MIR13","Generation","Not Applicable","EDP RENEWABLES NORTH AMERICA LLC (DME)","0155344697000","N"
"HIDALGO WIND FARM LLC (RE)","MIRASOLE_MIR11","Generation","Not Applicable","EDP RENEWABLES NORTH AMERICA LLC (DME)","0155344697000","N"
"HIDALGO WIND FARM LLC (RE)","MIRASOLE_MIR12","Generation","Not Applicable","EDP RENEWABLES NORTH AMERICA LLC (DME)","0155344697000","N"
"HIDALGO WIND FARM LLC (RE)","MIRASOLE_MIR21","Generation","Not Applicable","EDP RENEWABLES NORTH AMERICA LLC (DME)","0155344697000","N"
"HIGH LONESOME STORAGE LLC (RE)","HI_LONEB_ESR1","Storage","Not Applicable","ENEL TRADING NORTH AMERICA LLC (DME)","0805985627000","N"
"HIGH LONESOME WIND POWER LLC (RE)","HI_LONE_WGR1A","Generation","Not Applicable","ENEL TRADING NORTH AMERICA LLC (DME)","0805985627000","N"
"HIGH LONESOME WIND POWER LLC (RE)","HI_LONE_WGR1B","Generation","Not Applicable","ENEL TRADING NORTH AMERICA LLC (DME)","0805985627000","N"
"HIGH LONESOME WIND POWER LLC (RE)","HI_LONE_WGR1C","Generation","Not Applicable","ENEL TRADING NORTH AMERICA LLC (DME)","0805985627000","N"
"HIGH LONESOME WIND POWER LLC (RE)","HI_LONE_WGR2","Generation","Not Applicable","ENEL TRADING NORTH AMERICA LLC (DME)","0805985627000","N"
"HIGH LONESOME WIND POWER LLC (RE)","HI_LONE_WGR2A","Generation","Not Applicable","ENEL TRADING NORTH AMERICA LLC (DME)","0805985627000","N"
"HIGH LONESOME WIND POWER LLC (RE)","HI_LONE_WGR3","Generation","Not Applicable","ENEL TRADING NORTH AMERICA LLC (DME)","0805985627000","N"
"HIGH LONESOME WIND POWER LLC (RE)","HI_LONE_WGR4","Generation","Not Applicable","ENEL TRADING NORTH AMERICA LLC (DME)","0805985627000","N"
"HILL SOLAR I LLC (RE)","CMPD_SLR_SOLAR1","Generation","Not Applicable","TOTALENERGIES RENEWABLES USA LLC (DME)","1185605467000","N"
"HILL SOLAR I LLC (RE)","CMPD_SLR_SOLAR2","Generation","Not Applicable","TOTALENERGIES RENEWABLES USA LLC (DME)","1185605467000","N"
"HILL SOLAR II LLC (RE)","CMPD_SLR_SOLAR3","Generation","Not Applicable","TOTALENERGIES RENEWABLES USA LLC (DME)","1185605467000","N"
"HO CLARKE GENERATING LLC (RE)","PRO_UNIT1","Generation","Not Applicable","CPS ENERGY (DME)","0079360737000","N"
"HO CLARKE GENERATING LLC (RE)","PRO_UNIT2","Generation","Not Applicable","CPS ENERGY (DME)","0079360737000","N"
"HO CLARKE GENERATING LLC (RE)","PRO_UNIT3","Generation","Not Applicable","CPS ENERGY (DME)","0079360737000","N"
"HO CLARKE GENERATING LLC (RE)","PRO_UNIT4","Generation","Not Applicable","CPS ENERGY (DME)","0079360737000","N"
"HO CLARKE GENERATING LLC (RE)","PRO_UNIT5","Generation","Not Applicable","CPS ENERGY (DME)","0079360737000","N"
"HO CLARKE GENERATING LLC (RE)","PRO_UNIT6","Generation","Not Applicable","CPS ENERGY (DME)","0079360737000","N"
"HO CLARKE II LLC (RE)","PRO_UNIT7","Generation","Not Applicable","CPS ENERGY (DME)","0079360737000","N"
"HO CLARKE II LLC (RE)","PRO_UNIT8","Generation","Not Applicable","CPS ENERGY (DME)","0079360737000","N"
"HONEY MESQUITE WIND FARM LLC (RE)","HONEY_WD_UNIT1","Generation","Not Applicable","RWE CLEAN ENERGY LLC (DME)","1680625407000","N"
"HONEYCOMB SOLAR LLC (RE)","HNY_COMB_ESR1","Storage","Not Applicable","HONEYCOMB SOLAR HOLDCO LLC (DME)","1192961047000","N"
"HONEYCOMB SOLAR LLC (RE)","HNY_COMB_SOLAR1","Generation","Not Applicable","HONEYCOMB SOLAR HOLDCO LLC (DME)","1192961047000","N"
"HOPKINS ENERGY LLC (RE)","HOPKNSLR_UNIT1","Generation","Not Applicable","ENGIE ENERGY MARKETING NA INC SQ33 (DME)","9689097397400","N"
"HOPKINS ENERGY LLC (RE)","HOPKNSLR_UNIT2","Generation","Not Applicable","ENGIE ENERGY MARKETING NA INC SQ33 (DME)","9689097397400","N"
"HORIZON SOLAR LLC (RE)","HRZN_SLR_UNIT1","Generation","Not Applicable","HORIZON SOLAR LLC (DME)","1186273867000","N"
"HORNET SOLAR LLC (RE)","HRNT_SLR_UNIT1","Generation","Not Applicable","HORNET SOLAR LLC (DME)","1112144347000","N"
"HORNET SOLAR LLC (RE)","HRNT_SLR_UNIT2","Generation","Not Applicable","HORNET SOLAR LLC (DME)","1112144347000","N"
"HORNET SOLAR LLC (RE)","HRNT_SLR_UNIT3","Generation","Not Applicable","HORNET SOLAR LLC (DME)","1112144347000","N"
"HORSE CREEK WIND LLC (RE)","HORSECRK_UNIT1","Generation","Not Applicable","HORSE CREEK WIND LLC (DME)","0799801777000","N"
"HORSE CREEK WIND LLC (RE)","HORSECRK_UNIT2","Generation","Not Applicable","HORSE CREEK WIND LLC (DME)","0799801777000","N"
"HORSE HOLLOW GENERATION TIE LLC (RE)","HHGT_HHOLLOW1","Generation","Not Applicable","HORSE HOLLOW GENERATION TIE LLC (DME)","8299549527000","N"
"HORSE HOLLOW GENERATION TIE LLC 2 (RE)","HHGT_HHOLLOW2","Generation","Not Applicable","HORSE HOLLOW GENERATION TIE LLC (DME)","8299549527000","N"
"HORSE HOLLOW GENERATION TIE LLC 3 (RE)","HHGT_HHOLLOW3","Generation","Not Applicable","HORSE HOLLOW GENERATION TIE LLC (DME)","8299549527000","N"
"HORSE HOLLOW GENERATION TIE LLC 4 (RE)","HHGT_HHOLLOW4","Generation","Not Applicable","HORSE HOLLOW GENERATION TIE LLC (DME)","8299549527000","N"
"HORSE HOLLOW GENERATION TIE LLC 5 (RE)","HHGT_CALLAHAN","Generation","Not Applicable","HORSE HOLLOW GENERATION TIE LLC (DME)","8299549527000","N"
"HORSE HOLLOW WIND I LLC (RE)","H_HOLLOW_WND1","Generation","Not Applicable","NEXTERA ENERGY RESOURCES LLC (DME)","0590069377000","N"
"HORSE HOLLOW WIND II LLC (RE)","HHOLLOW2_WIND1","Generation","Not Applicable","NEXTERA ENERGY RESOURCES LLC (DME)","0590069377000","N"
"HORSE HOLLOW WIND III LLC (RE)","HHOLLOW3_WND_1","Generation","Not Applicable","HORSE HOLLOW WIND III LLC (DME)","0806403147000","N"
"HORSE HOLLOW WIND IV LLC (RE)","HHOLLOW4_WND1","Generation","Not Applicable","HORSE HOLLOW WIND IV LLC (DME)","0806403177000","N"
"HOUSE MOUNTAIN LLC (RE)","HOUSEMTN_ESR1","Storage","Not Applicable","HOUSE MOUNTAIN LLC (DME)","1174752247000","N"
"HUBBARD WIND II LLC (RE)","AQLA_WND_UNIT1","Generation","Not Applicable","NEXTERA ENERGY RESOURCES LLC (DME)","0590069377000","N"
"HUBBARD WIND II LLC (RE)","AQLA_WND_UNIT2","Generation","Not Applicable","NEXTERA ENERGY RESOURCES LLC (DME)","0590069377000","N"
"HUBBARD WIND LLC (RE)","AQUILLA_U1_23","Generation","Not Applicable","NEXTERA ENERGY RESOURCES LLC (DME)","0590069377000","N"
"HUBBARD WIND LLC (RE)","AQUILLA_U1_28","Generation","Not Applicable","NEXTERA ENERGY RESOURCES LLC (DME)","0590069377000","N"
"HUBBARD WIND LLC (RE)","AQUILLA_U2_23","Generation","Not Applicable","NEXTERA ENERGY RESOURCES LLC (DME)","0590069377000","N"
"HUBBARD WIND LLC (RE)","AQUILLA_U2_28","Generation","Not Applicable","NEXTERA ENERGY RESOURCES LLC (DME)","0590069377000","N"
"HWY 6 INFRA LLC (RE)","HWY6_ESR1","Storage","Not Applicable","HWY 6 INFRA LLC (DME)","1193300397000","N"
"I EYE STORAGE LLC (RE)","WR_ESR1","Storage","Not Applicable","I EYE STORAGE LLC (DME)","1194853387000","N"
"IEP TEJAS VERDE LLC (RE)","DA_ESR2","Storage","Not Applicable","IEP TEJAS VERDE LLC (DME)","1178346317000","N"
"IEP TEJAS VERDE LLC (RE)","OR_ESR1","Storage","Not Applicable","IEP TEJAS VERDE LLC (DME)","1178346317000","N"
"IGNACIO GRID LLC (RE)","MADERO_ESR2","Storage","Not Applicable","MADERO GRID LLC (DME)","1175233547000","N"
"IMPACT SOLAR 1 LLC (RE)","IMPACT_UNIT1","Generation","Not Applicable","IMPACT SOLAR 1 LLC (DME)","1172250677000","N"
"INADALE WIND FARM LLC (RE)","INDL_ESR1","Storage","Not Applicable","RWE CLEAN ENERGY LLC (DME)","1680625407000","N"
"INADALE WIND FARM LLC (RE)","INDL_INADALE1","Generation","Not Applicable","RWE CLEAN ENERGY LLC (DME)","1680625407000","N"
"INADALE WIND FARM LLC (RE)","INDL_INADALE2","Generation","Not Applicable","RWE CLEAN ENERGY LLC (DME)","1680625407000","N"
"INDIAN MESA WIND LLC (RE)","INDNNWP_INDNNWP2","Generation","Not Applicable","INDIAN MESA WIND LLC (DME)","0154539187000","N"
"INERTIA ENERGY STORAGE LLC (RE)","INRT_W_ESR1","Storage","Not Applicable","NEXTERA ENERGY RESOURCES LLC (DME)","0590069377000","N"
"INERTIA WIND PROJECT LLC (RE)","INRT_W_UNIT1","Generation","Not Applicable","NEXTERA ENERGY RESOURCES LLC (DME)","0590069377000","N"
"INERTIA WIND PROJECT LLC (RE)","INRT_W_UNIT2","Generation","Not Applicable","NEXTERA ENERGY RESOURCES LLC (DME)","0590069377000","N"
"INERTIA WIND PROJECT LLC (RE)","INRT_W_UNIT3","Generation","Not Applicable","NEXTERA ENERGY RESOURCES LLC (DME)","0590069377000","N"
"INGLESIDE COGENERATION LIMITED PARTNERSHIP (RE)","INGLCOSW_CTG1","Generation","Not Applicable","OCCIDENTAL ENERGY VENTURES CORP (DME)","1431755327000","N"
"INGLESIDE COGENERATION LIMITED PARTNERSHIP (RE)","INGLCOSW_CTG2","Generation","Not Applicable","OCCIDENTAL ENERGY VENTURES CORP (DME)","1431755327000","N"
"INGLESIDE COGENERATION LIMITED PARTNERSHIP (RE)","INGLCOSW_STG","Generation","Not Applicable","OCCIDENTAL ENERGY VENTURES CORP (DME)","1431755327000","N"
"INTERNATIONAL BOUNDARY AND WATER COMMISSION US SECTION (RE)","AMISTAD_AMISTAG1","Generation","Not Applicable","INTERNATIONAL BOUNDARY AND WATER COMMISSION US SECTION (DME)","0793319897000","N"
"INTERNATIONAL BOUNDARY AND WATER COMMISSION US SECTION (RE)","AMISTAD_AMISTAG2","Generation","Not Applicable","INTERNATIONAL BOUNDARY AND WATER COMMISSION US SECTION (DME)","0793319897000","N"
"INTERNATIONAL BOUNDARY AND WATER COMMISSION US SECTION (RE)","FALCON_FALCONG1","Generation","Not Applicable","INTERNATIONAL BOUNDARY AND WATER COMMISSION US SECTION (DME)","0793319897000","N"
"INTERNATIONAL BOUNDARY AND WATER COMMISSION US SECTION (RE)","FALCON_FALCONG2","Generation","Not Applicable","INTERNATIONAL BOUNDARY AND WATER COMMISSION US SECTION (DME)","0793319897000","N"
"INTERNATIONAL BOUNDARY AND WATER COMMISSION US SECTION (RE)","FALCON_FALCONG3","Generation","Not Applicable","INTERNATIONAL BOUNDARY AND WATER COMMISSION US SECTION (DME)","0793319897000","N"
"IP LUMINA II LLC (RE)","ANDMDSLR_ESR1","Storage","Not Applicable","IPX POWER USA LLC (DME)","1449492487000","N"
"IP LUMINA II LLC (RE)","ANDMDSLR_ESR2","Storage","Not Applicable","IPX POWER USA LLC (DME)","1449492487000","N"
"IP LUMINA II LLC (RE)","ANDMDSLR_UNIT1","Generation","Not Applicable","IPX POWER USA LLC (DME)","1449492487000","N"
"IP LUMINA II LLC (RE)","ANDMDSLR_UNIT2","Generation","Not Applicable","IPX POWER USA LLC (DME)","1449492487000","N"
"IP LUMINA LLC (RE)","JADE_SLR_ESR1","Storage","Not Applicable","IPX POWER USA LLC (DME)","1449492487000","N"
"IP LUMINA LLC (RE)","JADE_SLR_ESR2","Storage","Not Applicable","IPX POWER USA LLC (DME)","1449492487000","N"
"IP LUMINA LLC (RE)","JADE_SLR_UNIT1","Generation","Not Applicable","IPX POWER USA LLC (DME)","1449492487000","N"
"IP LUMINA LLC (RE)","JADE_SLR_UNIT2","Generation","Not Applicable","IPX POWER USA LLC (DME)","1449492487000","N"
"IP QUANTUM BESS LLC (RE)","SOLC_SLR_ESR1","Storage","Not Applicable","IP QUANTUM BESS LLC (DME)","1195125997000","N"
"IP QUANTUM BESS LLC (RE)","SOLC_SLR_ESR2","Storage","Not Applicable","IP QUANTUM BESS LLC (DME)","1195125997000","N"
"IP QUANTUM II BESS LLC (RE)","QTUM_SLR_ESR1","Storage","Not Applicable","IP QUANTUM II BESS LLC (DME)","1195126007000","N"
"IP QUANTUM II BESS LLC (RE)","QTUM_SLR_ESR2","Storage","Not Applicable","IP QUANTUM II BESS LLC (DME)","1195126007000","N"
"IP QUANTUM II LLC (RE)","QTUM_SLR_UNIT1","Generation","Not Applicable","IP QUANTUM II LLC (DME)","1195125967000","N"
"IP QUANTUM II LLC (RE)","QTUM_SLR_UNIT2","Generation","Not Applicable","IP QUANTUM II LLC (DME)","1195125967000","N"
"IP QUANTUM LLC (RE)","SOLC_SLR_UNIT1","Generation","Not Applicable","IP QUANTUM LLC (DME)","1123677217000","N"
"IP QUANTUM LLC (RE)","SOLC_SLR_UNIT2","Generation","Not Applicable","IP QUANTUM LLC (DME)","1123677217000","N"
"IP RADIAN LLC (RE)","RADN_SLR_ESR1","Storage","Not Applicable","IPX POWER USA LLC (DME)","1449492487000","N"
"IP RADIAN LLC (RE)","RADN_SLR_ESR2","Storage","Not Applicable","IPX POWER USA LLC (DME)","1449492487000","N"
"IP RADIAN LLC (RE)","RADN_SLR_UNIT1","Generation","Not Applicable","IPX POWER USA LLC (DME)","1449492487000","N"
"IP RADIAN LLC (RE)","RADN_SLR_UNIT2","Generation","Not Applicable","IPX POWER USA LLC (DME)","1449492487000","N"
"JACK COUNTY POWER LLC (RE)","JACKCNTY_CT1","Generation","Not Applicable","NRG TEXAS POWER LLC (DME)","1684560497000","N"
"JACK COUNTY POWER LLC (RE)","JACKCNTY_CT2","Generation","Not Applicable","NRG TEXAS POWER LLC (DME)","1684560497000","N"
"JACK COUNTY POWER LLC (RE)","JACKCNTY_STG","Generation","Not Applicable","NRG TEXAS POWER LLC (DME)","1684560497000","N"
"JACK COUNTY POWER LLC (RE)","JCKCNTY2_CT3","Generation","Not Applicable","NRG TEXAS POWER LLC (DME)","1684560497000","N"
"JACK COUNTY POWER LLC (RE)","JCKCNTY2_CT4","Generation","Not Applicable","NRG TEXAS POWER LLC (DME)","1684560497000","N"
"JACK COUNTY POWER LLC (RE)","JCKCNTY2_ST2","Generation","Not Applicable","NRG TEXAS POWER LLC (DME)","1684560497000","N"
"JAVELINA WIND ENERGY II LLC (RE)","BORDAS2_JAVEL2_A","Generation","Not Applicable","JAVELINA WIND ENERGY II LLC (DME)","0803004637000","N"
"JAVELINA WIND ENERGY II LLC (RE)","BORDAS2_JAVEL2_C","Generation","Not Applicable","JAVELINA WIND ENERGY II LLC (DME)","0803004637000","N"
"JAVELINA WIND ENERGY II LLC B (RE)","BORDAS2_JAVEL2_B","Generation","Not Applicable","SOUTH TEXAS ELECTRIC CO OP INC (DME)","0038663327000","N"
"JAVELINA WIND ENERGY LLC (RE)","BORDAS_JAVEL18","Generation","Not Applicable","JAVELINA WIND ENERGY LLC (DME)","0798787477000","N"
"JAVELINA WIND ENERGY LLC (RE)","BORDAS_JAVEL20","Generation","Not Applicable","JAVELINA WIND ENERGY LLC (DME)","0798787477000","N"
"JOHNSON COUNTY POWER LLC (RE)","TEN_CT1","Generation","Not Applicable","NRG TEXAS POWER LLC (DME)","1684560497000","N"
"JOHNSON COUNTY POWER LLC (RE)","TEN_STG","Generation","Not Applicable","NRG TEXAS POWER LLC (DME)","1684560497000","N"
"JONES CITY SOLAR II LLC (RE)","CST2_SLR_SOLAR1","Generation","Not Applicable","JONES CITY SOLAR II LLC (DME)","1194664947000","N"
"JONES CITY SOLAR II LLC (RE)","CST2_SLR_SOLAR2","Generation","Not Applicable","JONES CITY SOLAR II LLC (DME)","1194664947000","N"
"JONES CITY SOLAR LLC (RE)","CST1_SLR_SOLAR1","Generation","Not Applicable","JONES CITY SOLAR LLC (DME)","1194664677000","N"
"JUMBO HILL WIND PROJECT LLC (RE)","BARROW_UNIT1","Generation","Not Applicable","ENGIE ENERGY MARKETING NA INC (DME)","9689097397000","N"
"JUMBO HILL WIND PROJECT LLC (RE)","BARROW_UNIT2","Generation","Not Applicable","ENGIE ENERGY MARKETING NA INC (DME)","9689097397000","N"
"KARANKAWA WIND LLC (RE)","KARAKAW2_UNIT3","Generation","Not Applicable","KARANKAWA WIND LLC (DME)","1169550217000","N"
"KARANKAWA WIND LLC B (RE)","KARAKAW1_UNIT1","Generation","Not Applicable","KARANKAWA WIND LLC (DME)","1169550217000","N"
"KARANKAWA WIND LLC B (RE)","KARAKAW1_UNIT2","Generation","Not Applicable","KARANKAWA WIND LLC (DME)","1169550217000","N"
"KAUFMAN SOLAR LLC (RE)","ERKA_SLR_UNIT1","Generation","Not Applicable","NEXTERA ENERGY RESOURCES LLC (DME)","0590069377000","N"
"KEECHI WIND LLC (RE)","KEECHI_U1","Generation","Not Applicable","KEECHI WIND LLC (DME)","0794344897000","N"
"KEY CAPTURE ENERGY LLC (RE)","FLAT_TOP_ESR1","Storage","Not Applicable","KEY CAPTURE ENERGY LLC (DME)","0812969117000","N"
"KEY CAPTURE ENERGY LLC (RE)","LMO_ESR1","Storage","Not Applicable","KEY CAPTURE ENERGY LLC (DME)","0812969117000","N"
"KEY CAPTURE ENERGY LLC (RE)","NCO_ESR1","Storage","Not Applicable","KEY CAPTURE ENERGY LLC (DME)","0812969117000","N"
"KEY CAPTURE ENERGY LLC (RE)","RPUBRDS_ESR1","Storage","Not Applicable","KEY CAPTURE ENERGY LLC (DME)","0812969117000","N"
"KEY CAPTURE ENERGY LLC (RE)","RVRVLYS_ESR1","Storage","Not Applicable","KEY CAPTURE ENERGY LLC (DME)","0812969117000","N"
"KEY CAPTURE ENERGY LLC (RE)","RVRVLYS_ESR2","Storage","Not Applicable","KEY CAPTURE ENERGY LLC (DME)","0812969117000","N"
"KEY CAPTURE ENERGY LLC (RE)","SLCNHLS_ESR1","Storage","Not Applicable","KEY CAPTURE ENERGY LLC (DME)","0812969117000","N"
"KEY CAPTURE ENERGY LLC (RE)","SLCNHLS_ESR2","Storage","Not Applicable","KEY CAPTURE ENERGY LLC (DME)","0812969117000","N"
"KEY CAPTURE ENERGY LLC (RE)","WORSHAM_ESR1","Storage","Not Applicable","KEY CAPTURE ENERGY LLC (DME)","0812969117000","N"
"KEY CAPTURE ENERGY LLC 2 (RE)","PRTLAVS_ESR1","Storage","Not Applicable","KEY CAPTURE ENERGY LLC 2 (DME)","0812969117100","N"
"KEY CAPTURE ENERGY LLC 3 (RE)","ENDPARKS_ESR1","Storage","Not Applicable","GRIDMATIC EQUISETUM LLC (DME)","1180455687000","N"
"KEY CAPTURE ENERGY LLC 4 (RE)","HMNG_ESS_ESR1","Storage","Not Applicable","MERCURIA ENERGY AMERICA LLC (DME)","8317491277000","N"
"KING CREEK WIND FARM 1 LLC (RE)","APOGEE_UNIT1","Generation","Not Applicable","EDF RENEWABLES INC (DME)","3302439437000","N"
"KING CREEK WIND FARM 1 LLC (RE)","APOGEE_UNIT2","Generation","Not Applicable","EDF RENEWABLES INC (DME)","3302439437000","N"
"KING CREEK WIND FARM 1 LLC (RE)","APOGEE_UNIT3","Generation","Not Applicable","EDF RENEWABLES INC (DME)","3302439437000","N"
"KING CREEK WIND FARM 1 LLC (RE)","APOGEE_UNIT4","Generation","Not Applicable","EDF RENEWABLES INC (DME)","3302439437000","N"
"KING CREEK WIND FARM 2 LLC (RE)","APOGEE_UNIT5","Generation","Not Applicable","EDF RENEWABLES INC (DME)","3302439437000","N"
"KING CREEK WIND FARM 2 LLC (RE)","APOGEE_UNIT6","Generation","Not Applicable","EDF RENEWABLES INC (DME)","3302439437000","N"
"KING CREEK WIND FARM 2 LLC (RE)","APOGEE_UNIT7","Generation","Not Applicable","EDF RENEWABLES INC (DME)","3302439437000","N"
"KING MOUNTAIN SOLAR LLC (RE)","GRND_SLR_UNIT1","Generation","Not Applicable","NEXTERA ENERGY RESOURCES LLC (DME)","0590069377000","N"
"KING MOUNTAIN UPTON WIND LLC NE (RE)","KING_NE_KINGNE","Generation","Not Applicable","NEXTERA ENERGY RESOURCES LLC (DME)","0590069377000","N"
"KING MOUNTAIN UPTON WIND LLC NW (RE)","KING_NW_KINGNW","Generation","Not Applicable","NEXTERA ENERGY RESOURCES LLC (DME)","0590069377000","N"
"KING MOUNTAIN UPTON WIND LLC SE (RE)","KING_SE_KINGSE","Generation","Not Applicable","NEXTERA ENERGY RESOURCES LLC (DME)","0590069377000","N"
"KING MOUNTAIN UPTON WIND LLC SW (RE)","KING_SW_KINGSW","Generation","Not Applicable","NEXTERA ENERGY RESOURCES LLC (DME)","0590069377000","N"
"KIOWA POWER PARTNERS LLC (RE)","KMCHI_1CT101","Generation","Not Applicable","KIOWA POWER PARTNERS LLC (DME)","1127528657000","N"
"KIOWA POWER PARTNERS LLC (RE)","KMCHI_1CT201","Generation","Not Applicable","KIOWA POWER PARTNERS LLC (DME)","1127528657000","N"
"KIOWA POWER PARTNERS LLC (RE)","KMCHI_1ST","Generation","Not Applicable","KIOWA POWER PARTNERS LLC (DME)","1127528657000","N"
"KIOWA POWER PARTNERS LLC (RE)","KMCHI_2CT101","Generation","Not Applicable","KIOWA POWER PARTNERS LLC (DME)","1127528657000","N"
"KIOWA POWER PARTNERS LLC (RE)","KMCHI_2CT201","Generation","Not Applicable","KIOWA POWER PARTNERS LLC (DME)","1127528657000","N"
"KIOWA POWER PARTNERS LLC (RE)","KMCHI_2ST","Generation","Not Applicable","KIOWA POWER PARTNERS LLC (DME)","1127528657000","N"
"KNAPP ESS ASSETS LLC (RE)","KNAPP_ESR1","Storage","Not Applicable","KNAPP ESS ASSETS LLC (DME)","1194747627000","N"
"LA CASA WIND LLC (RE)","LACASAWD_UNIT1","Generation","Not Applicable","NEXTERA ENERGY RESOURCES LLC (DME)","0590069377000","N"
"LA CASA WIND LLC (RE)","LACASAWD_UNIT2","Generation","Not Applicable","NEXTERA ENERGY RESOURCES LLC (DME)","0590069377000","N"
"LA CASA WIND LLC (RE)","LACASAWD_UNIT3","Generation","Not Applicable","NEXTERA ENERGY RESOURCES LLC (DME)","0590069377000","N"
"LA CHALUPA LLC (RE)","CHALUPA_UNIT1","Generation","Not Applicable","ACCIONA ENERGY USA GLOBAL LLC (DME)","0797372127000","N"
"LA CHALUPA LLC (RE)","CHALUPA_UNIT2","Generation","Not Applicable","ACCIONA ENERGY USA GLOBAL LLC (DME)","0797372127000","N"
"LA FRONTERA HOLDINGS LLC (RE)","FRNYPP_GT11","Generation","Not Applicable","LUMINANT ENERGY COMPANY LLC (DME)","6062523937000","N"
"LA FRONTERA HOLDINGS LLC (RE)","FRNYPP_GT12","Generation","Not Applicable","LUMINANT ENERGY COMPANY LLC (DME)","6062523937000","N"
"LA FRONTERA HOLDINGS LLC (RE)","FRNYPP_GT13","Generation","Not Applicable","LUMINANT ENERGY COMPANY LLC (DME)","6062523937000","N"
"LA FRONTERA HOLDINGS LLC (RE)","FRNYPP_GT21","Generation","Not Applicable","LUMINANT ENERGY COMPANY LLC (DME)","6062523937000","N"
"LA FRONTERA HOLDINGS LLC (RE)","FRNYPP_GT22","Generation","Not Applicable","LUMINANT ENERGY COMPANY LLC (DME)","6062523937000","N"
"LA FRONTERA HOLDINGS LLC (RE)","FRNYPP_GT23","Generation","Not Applicable","LUMINANT ENERGY COMPANY LLC (DME)","6062523937000","N"
"LA FRONTERA HOLDINGS LLC (RE)","FRNYPP_ST10","Generation","Not Applicable","LUMINANT ENERGY COMPANY LLC (DME)","6062523937000","N"
"LA FRONTERA HOLDINGS LLC (RE)","FRNYPP_ST20","Generation","Not Applicable","LUMINANT ENERGY COMPANY LLC (DME)","6062523937000","N"
"LA FRONTERA HOLDINGS LLC (RE)","LPCCS_CT11","Generation","Not Applicable","LUMINANT ENERGY COMPANY LLC (DME)","6062523937000","N"
"LA FRONTERA HOLDINGS LLC (RE)","LPCCS_CT12","Generation","Not Applicable","LUMINANT ENERGY COMPANY LLC (DME)","6062523937000","N"
"LA FRONTERA HOLDINGS LLC (RE)","LPCCS_CT21","Generation","Not Applicable","LUMINANT ENERGY COMPANY LLC (DME)","6062523937000","N"
"LA FRONTERA HOLDINGS LLC (RE)","LPCCS_CT22","Generation","Not Applicable","LUMINANT ENERGY COMPANY LLC (DME)","6062523937000","N"
"LA FRONTERA HOLDINGS LLC (RE)","LPCCS_UNIT1","Generation","Not Applicable","LUMINANT ENERGY COMPANY LLC (DME)","6062523937000","N"
"LA FRONTERA HOLDINGS LLC (RE)","LPCCS_UNIT2","Generation","Not Applicable","LUMINANT ENERGY COMPANY LLC (DME)","6062523937000","N"
"LA FRONTERA HOLDINGS LLC (RE)","OECCS_CT11","Generation","Not Applicable","LUMINANT ENERGY COMPANY LLC (DME)","6062523937000","N"
"LA FRONTERA HOLDINGS LLC (RE)","OECCS_CT12","Generation","Not Applicable","LUMINANT ENERGY COMPANY LLC (DME)","6062523937000","N"
"LA FRONTERA HOLDINGS LLC (RE)","OECCS_CT21","Generation","Not Applicable","LUMINANT ENERGY COMPANY LLC (DME)","6062523937000","N"
"LA FRONTERA HOLDINGS LLC (RE)","OECCS_CT22","Generation","Not Applicable","LUMINANT ENERGY COMPANY LLC (DME)","6062523937000","N"
"LA FRONTERA HOLDINGS LLC (RE)","OECCS_UNIT1","Generation","Not Applicable","LUMINANT ENERGY COMPANY LLC (DME)","6062523937000","N"
"LA FRONTERA HOLDINGS LLC (RE)","OECCS_UNIT2","Generation","Not Applicable","LUMINANT ENERGY COMPANY LLC (DME)","6062523937000","N"
"LACY CREEK WIND LLC (RE)","LACY_CRK_UNIT1","Generation","Not Applicable","NEXTERA ENERGY RESOURCES LLC (DME)","0590069377000","N"
"LACY CREEK WIND LLC (RE)","LACY_CRK_UNIT2","Generation","Not Applicable","NEXTERA ENERGY RESOURCES LLC (DME)","0590069377000","N"
"LACY CREEK WIND LLC (RE)","LACY_CRK_UNIT3","Generation","Not Applicable","NEXTERA ENERGY RESOURCES LLC (DME)","0590069377000","N"
"LACY CREEK WIND LLC (RE)","LACY_CRK_UNIT4","Generation","Not Applicable","NEXTERA ENERGY RESOURCES LLC (DME)","0590069377000","N"
"LAMESA SOLAR II LLC (RE)","LMESASLR_IVORY","Generation","Not Applicable","LAMESA SOLAR II LLC (DME)","0809463477000","N"
"LANE CITY WIND LLC (RE)","MAG_UNIT1","Generation","Not Applicable","RWE CLEAN ENERGY LLC (DME)","1680625407000","N"
"LANE CITY WIND LLC (RE)","MAG_UNIT2","Generation","Not Applicable","RWE CLEAN ENERGY LLC (DME)","1680625407000","N"
"LANGFORD WIND POWER LLC (RE)","LGD_LANGFORD","Generation","Not Applicable","BOSTON ENERGY TRADING AND MARKETING LLC (DME)","0748829577100","N"
"LAPETUS ENERGY PROJECT LLC (RE)","LAPETUS_UNIT_1","Generation","Not Applicable","LAPETUS ENERGY PROJECT LLC (DME)","1171120907000","N"
"LAPORTE POWER LLC (RE)","AZ_AZ_G1","Generation","Not Applicable","EXGEN TEXAS POWER LLC (DME)","0794357437000","N"
"LAPORTE POWER LLC (RE)","AZ_AZ_G2","Generation","Not Applicable","EXGEN TEXAS POWER LLC (DME)","0794357437000","N"
"LAPORTE POWER LLC (RE)","AZ_AZ_G3","Generation","Not Applicable","EXGEN TEXAS POWER LLC (DME)","0794357437000","N"
"LAPORTE POWER LLC (RE)","AZ_AZ_G4","Generation","Not Applicable","EXGEN TEXAS POWER LLC (DME)","0794357437000","N"
"LAS LOMAS WIND PROJECT LLC (RE)","VENADO_UNIT1","Generation","Not Applicable","ENGIE ENERGY MARKETING NA INC (DME)","9689097397000","N"
"LAS LOMAS WIND PROJECT LLC (RE)","VENADO_UNIT2","Generation","Not Applicable","ENGIE ENERGY MARKETING NA INC (DME)","9689097397000","N"
"LAS MAJADAS WIND FARM LLC (RE)","LMAJADAS_UNIT1","Generation","Not Applicable","EDF RENEWABLES INC (DME)","3302439437000","N"
"LAS MAJADAS WIND FARM LLC (RE)","LMAJADAS_UNIT2","Generation","Not Applicable","EDF RENEWABLES INC (DME)","3302439437000","N"
"LAS MAJADAS WIND FARM LLC (RE)","LMAJADAS_UNIT3","Generation","Not Applicable","EDF RENEWABLES INC (DME)","3302439437000","N"
"LIBERTY 1 SOLAR LLC (RE)","ADL_ESR1","Storage","Not Applicable","LIBERTY 1 SOLAR LLC (DME)","1117379547000","N"
"LIBERTY 1 SOLAR LLC (RE)","ADL_SOLAR1","Generation","Not Applicable","LIBERTY 1 SOLAR LLC (DME)","1117379547000","N"
"LIBRA STORAGE LLC (RE)","LBRA_ESS_ESR1","Storage","Not Applicable","ENGIE ENERGY MARKETING NA INC SQ48 (DME)","9689097397500","N"
"LILY SOLAR LLC (RE)","LILY_ESR1","Storage","Not Applicable","ENEL TRADING NORTH AMERICA LLC (DME)","0805985627000","N"
"LILY SOLAR LLC (RE)","LILY_SOLAR1","Generation","Not Applicable","ENEL TRADING NORTH AMERICA LLC (DME)","0805985627000","N"
"LIMESTONE WIND PROJECT LLC (RE)","BOARDCRK_UNIT1","Generation","Not Applicable","ENGIE ENERGY MARKETING NA INC (DME)","9689097397000","N"
"LIMESTONE WIND PROJECT LLC (RE)","BOARDCRK_UNIT2","Generation","Not Applicable","ENGIE ENERGY MARKETING NA INC (DME)","9689097397000","N"
"LIMEWOOD BELL RENEWABLES LLC (RE)","LMWD_SLR_SOLAR1","Generation","Not Applicable","LIMEWOOD BELL RENEWABLES LLC (DME)","1193637417000","N"
"LIVE OAK WIND PROJECT LLC (RE)","WL_RANCH_UNIT1","Generation","Not Applicable","ENGIE ENERGY MARKETING NA INC (DME)","9689097397000","N"
"LOCKETT WINDFARM LLC (RE)","LOCKETT_UNIT1","Generation","Not Applicable","ORSTED ONSHORE NORTH AMERICA LLC (DME)","0802191967000","N"
"LOGANS GAP WIND LLC (RE)","LGW_UNIT1","Generation","Not Applicable","LOGANS GAP WIND LLC (DME)","0792529647000","N"
"LOGANS GAP WIND LLC (RE)","LGW_UNIT2","Generation","Not Applicable","LOGANS GAP WIND LLC (DME)","0792529647000","N"
"LONG POINT SOLAR LLC (RE)","LNP_SOLAR1","Generation","Not Applicable","LONG POINT SOLAR LLC (DME)","1194869117000","N"
"LONGBOW BESS LLC (RE)","LON_ESR1","Storage","Not Applicable","LONGBOW BESS LLC (DME)","1263158277000","N"
"LONGBOW SOLAR LLC (RE)","LON_SOLAR1","Generation","Not Applicable","LONGBOW SOLAR LLC (DME)","1224994757000","N"
"LONGHORN STORAGE LLC (RE)","SHEEPCRK_ESR1","Storage","Not Applicable","ENGIE ENERGY MARKETING NA INC (DME)","9689097397000","N"
"LONGHORN WIND PROJECT LLC (RE)","LHORN_N_UNIT1","Generation","Not Applicable","CONSTELLATION ENERGY GENERATION LLC (DME)","9604589587000","N"
"LONGHORN WIND PROJECT LLC (RE)","LHORN_N_UNIT2","Generation","Not Applicable","CONSTELLATION ENERGY GENERATION LLC (DME)","9604589587000","N"
"LORAINE WINDPARK PROJECT LLC (RE)","LONEWOLF_G1","Generation","Not Applicable","LORAINE WINDPARK PROJECT LLC (DME)","8317486087000","N"
"LORAINE WINDPARK PROJECT LLC (RE)","LONEWOLF_G2","Generation","Not Applicable","LORAINE WINDPARK PROJECT LLC (DME)","8317486087000","N"
"LORAINE WINDPARK PROJECT LLC (RE)","LONEWOLF_G3","Generation","Not Applicable","LORAINE WINDPARK PROJECT LLC (DME)","8317486087000","N"
"LORAINE WINDPARK PROJECT LLC (RE)","LONEWOLF_G4","Generation","Not Applicable","LORAINE WINDPARK PROJECT LLC (DME)","8317486087000","N"
"LOS VIENTOS WINDPOWER IA LLC (RE)","LV1_LV1A","Generation","Not Applicable","CITY OF AUSTIN DBA AUSTIN ENERGY (DME)","8008717667000","N"
"LOS VIENTOS WINDPOWER IB LLC (RE)","LV2_LV2","Generation","Not Applicable","LOS VIENTOS WINDPOWER IB LLC (DME)","0785000547000","N"
"LOS VIENTOS WINDPOWER III LLC (RE)","LV3_UNIT_1","Generation","Not Applicable","CITY OF AUSTIN DBA AUSTIN ENERGY (DME)","8008717667000","N"
"LOS VIENTOS WINDPOWER IV LLC (RE)","LV4_UNIT_1","Generation","Not Applicable","LOS VIENTOS WINDPOWER IV LLC (DME)","0794041757000","N"
"LOS VIENTOS WINDPOWER V LLC (RE)","LV5_UNIT_1","Generation","Not Applicable","LOS VIENTOS WINDPOWER V LLC (DME)","0797730827000","N"
"LOWER COLORADO RIVER AUTHORITY (RE)","AUSTPL_AUSTING1","Generation","Not Applicable","LOWER COLORADO RIVER AUTHORITY (DME)","0432268857000","N"
"LOWER COLORADO RIVER AUTHORITY (RE)","AUSTPL_AUSTING2","Generation","Not Applicable","LOWER COLORADO RIVER AUTHORITY (DME)","0432268857000","N"
"LOWER COLORADO RIVER AUTHORITY (RE)","BUCHAN_BUCHANG1","Generation","Not Applicable","LOWER COLORADO RIVER AUTHORITY (DME)","0432268857000","N"
"LOWER COLORADO RIVER AUTHORITY (RE)","BUCHAN_BUCHANG2","Generation","Not Applicable","LOWER COLORADO RIVER AUTHORITY (DME)","0432268857000","N"
"LOWER COLORADO RIVER AUTHORITY (RE)","BUCHAN_BUCHANG3","Generation","Not Applicable","LOWER COLORADO RIVER AUTHORITY (DME)","0432268857000","N"
"LOWER COLORADO RIVER AUTHORITY (RE)","FERGCC_FERGGT1","Generation","Not Applicable","LOWER COLORADO RIVER AUTHORITY (DME)","0432268857000","N"
"LOWER COLORADO RIVER AUTHORITY (RE)","FERGCC_FERGGT2","Generation","Not Applicable","LOWER COLORADO RIVER AUTHORITY (DME)","0432268857000","N"
"LOWER COLORADO RIVER AUTHORITY (RE)","FERGCC_FERGST1","Generation","Not Applicable","LOWER COLORADO RIVER AUTHORITY (DME)","0432268857000","N"
"LOWER COLORADO RIVER AUTHORITY (RE)","FPPYD1_FPP_G1","Generation","FPPYD1_FPP_G1_J01","LOWER COLORADO RIVER AUTHORITY (DME)","0432268857000","N"
"LOWER COLORADO RIVER AUTHORITY (RE)","FPPYD1_FPP_G2","Generation","FPPYD1_FPP_G2_J01","LOWER COLORADO RIVER AUTHORITY (DME)","0432268857000","N"
"LOWER COLORADO RIVER AUTHORITY (RE)","FPPYD2_FPP_G3","Generation","Not Applicable","LOWER COLORADO RIVER AUTHORITY (DME)","0432268857000","N"
"LOWER COLORADO RIVER AUTHORITY (RE)","GIDEON_GIDEONG1","Generation","Not Applicable","LOWER COLORADO RIVER AUTHORITY (DME)","0432268857000","N"
"LOWER COLORADO RIVER AUTHORITY (RE)","GIDEON_GIDEONG2","Generation","Not Applicable","LOWER COLORADO RIVER AUTHORITY (DME)","0432268857000","N"
"LOWER COLORADO RIVER AUTHORITY (RE)","GIDEON_GIDEONG3","Generation","Not Applicable","LOWER COLORADO RIVER AUTHORITY (DME)","0432268857000","N"
"LOWER COLORADO RIVER AUTHORITY (RE)","INKSDA_INKS_G1","Generation","Not Applicable","LOWER COLORADO RIVER AUTHORITY (DME)","0432268857000","N"
"LOWER COLORADO RIVER AUTHORITY (RE)","MARBFA_MARBFAG1","Generation","Not Applicable","LOWER COLORADO RIVER AUTHORITY (DME)","0432268857000","N"
"LOWER COLORADO RIVER AUTHORITY (RE)","MARBFA_MARBFAG2","Generation","Not Applicable","LOWER COLORADO RIVER AUTHORITY (DME)","0432268857000","N"
"LOWER COLORADO RIVER AUTHORITY (RE)","MARSFO_MARSFOG1","Generation","Not Applicable","LOWER COLORADO RIVER AUTHORITY (DME)","0432268857000","N"
"LOWER COLORADO RIVER AUTHORITY (RE)","MARSFO_MARSFOG2","Generation","Not Applicable","LOWER COLORADO RIVER AUTHORITY (DME)","0432268857000","N"
"LOWER COLORADO RIVER AUTHORITY (RE)","MARSFO_MARSFOG3","Generation","Not Applicable","LOWER COLORADO RIVER AUTHORITY (DME)","0432268857000","N"
"LOWER COLORADO RIVER AUTHORITY (RE)","SCES_UNIT1","Generation","SCES_UNIT1_J04","LOWER COLORADO RIVER AUTHORITY (DME)","0432268857000","N"
"LOWER COLORADO RIVER AUTHORITY (RE)","TIMPP_AGR1","Generation","Not Applicable","LOWER COLORADO RIVER AUTHORITY (DME)","0432268857000","N"
"LOWER COLORADO RIVER AUTHORITY (RE)","TIMPP_AGR2","Generation","Not Applicable","LOWER COLORADO RIVER AUTHORITY (DME)","0432268857000","N"
"LOWER COLORADO RIVER AUTHORITY (RE)","TIMPP_AGR3","Generation","Not Applicable","LOWER COLORADO RIVER AUTHORITY (DME)","0432268857000","N"
"LOWER COLORADO RIVER AUTHORITY (RE)","TIMPP_AGR4","Generation","Not Applicable","LOWER COLORADO RIVER AUTHORITY (DME)","0432268857000","N"
"LOWER COLORADO RIVER AUTHORITY (RE)","TIMPP_AGR5","Generation","Not Applicable","LOWER COLORADO RIVER AUTHORITY (DME)","0432268857000","N"
"LOWER COLORADO RIVER AUTHORITY (RE)","TIMPP_AGR6","Generation","Not Applicable","LOWER COLORADO RIVER AUTHORITY (DME)","0432268857000","N"
"LOWER COLORADO RIVER AUTHORITY (RE)","TIMPP_AGR7","Generation","Not Applicable","LOWER COLORADO RIVER AUTHORITY (DME)","0432268857000","N"
"LOWER COLORADO RIVER AUTHORITY (RE)","TIMPP_AGR8","Generation","Not Applicable","LOWER COLORADO RIVER AUTHORITY (DME)","0432268857000","N"
"LOWER COLORADO RIVER AUTHORITY (RE)","WIPOPA_WPP_G1","Generation","Not Applicable","LOWER COLORADO RIVER AUTHORITY (DME)","0432268857000","N"
"LOWER COLORADO RIVER AUTHORITY (RE)","WIPOPA_WPP_G2","Generation","Not Applicable","LOWER COLORADO RIVER AUTHORITY (DME)","0432268857000","N"
"LOWER COLORADO RIVER AUTHORITY (RE)","WIPOPA_WPP_G3","Generation","Not Applicable","LOWER COLORADO RIVER AUTHORITY (DME)","0432268857000","N"
"LOWER COLORADO RIVER AUTHORITY (RE)","WIPOPA_WPP_G4","Generation","Not Applicable","LOWER COLORADO RIVER AUTHORITY (DME)","0432268857000","N"
"LOWER COLORADO RIVER AUTHORITY (RE)","WIRTZ_WIRTZ_G1","Generation","Not Applicable","LOWER COLORADO RIVER AUTHORITY (DME)","0432268857000","N"
"LOWER COLORADO RIVER AUTHORITY (RE)","WIRTZ_WIRTZ_G2","Generation","Not Applicable","LOWER COLORADO RIVER AUTHORITY (DME)","0432268857000","N"
"LUCKY BLUFF BESS LLC (RE)","LUCKYBLU_ESR1","Storage","Not Applicable","LUCKY BLUFF BESS LLC (DME)","1194083077000","N"
"LUMINANT GENERATION COMPANY LLC (RE)","DCSES_CT10","Generation","Not Applicable","LUMINANT ENERGY COMPANY LLC (DME)","6062523937000","N"
"LUMINANT GENERATION COMPANY LLC (RE)","DCSES_CT20","Generation","Not Applicable","LUMINANT ENERGY COMPANY LLC (DME)","6062523937000","N"
"LUMINANT GENERATION COMPANY LLC (RE)","DCSES_CT30","Generation","Not Applicable","LUMINANT ENERGY COMPANY LLC (DME)","6062523937000","N"
"LUMINANT GENERATION COMPANY LLC (RE)","DCSES_CT40","Generation","Not Applicable","LUMINANT ENERGY COMPANY LLC (DME)","6062523937000","N"
"LUMINANT GENERATION COMPANY LLC (RE)","GRSES_UNIT1","Generation","Not Applicable","LUMINANT ENERGY COMPANY LLC (DME)","6062523937000","N"
"LUMINANT GENERATION COMPANY LLC (RE)","GRSES_UNIT2","Generation","Not Applicable","LUMINANT ENERGY COMPANY LLC (DME)","6062523937000","N"
"LUMINANT GENERATION COMPANY LLC (RE)","LHSES_UNIT1","Generation","Not Applicable","LUMINANT ENERGY COMPANY LLC (DME)","6062523937000","N"
"LUMINANT GENERATION COMPANY LLC (RE)","LHSES_UNIT2A","Generation","Not Applicable","LUMINANT ENERGY COMPANY LLC (DME)","6062523937000","N"
"LUMINANT GENERATION COMPANY LLC (RE)","MGSES_CT1","Generation","Not Applicable","LUMINANT ENERGY COMPANY LLC (DME)","6062523937000","N"
"LUMINANT GENERATION COMPANY LLC (RE)","MGSES_CT2","Generation","Not Applicable","LUMINANT ENERGY COMPANY LLC (DME)","6062523937000","N"
"LUMINANT GENERATION COMPANY LLC (RE)","MGSES_CT3","Generation","Not Applicable","LUMINANT ENERGY COMPANY LLC (DME)","6062523937000","N"
"LUMINANT GENERATION COMPANY LLC (RE)","MGSES_CT4","Generation","Not Applicable","LUMINANT ENERGY COMPANY LLC (DME)","6062523937000","N"
"LUMINANT GENERATION COMPANY LLC (RE)","MGSES_CT5","Generation","Not Applicable","LUMINANT ENERGY COMPANY LLC (DME)","6062523937000","N"
"LUMINANT GENERATION COMPANY LLC (RE)","MGSES_CT6","Generation","Not Applicable","LUMINANT ENERGY COMPANY LLC (DME)","6062523937000","N"
"LUMINANT GENERATION COMPANY LLC (RE)","MLSES_UNIT1","Generation","Not Applicable","LUMINANT ENERGY COMPANY LLC (DME)","6062523937000","N"
"LUMINANT GENERATION COMPANY LLC (RE)","MLSES_UNIT2","Generation","Not Applicable","LUMINANT ENERGY COMPANY LLC (DME)","6062523937000","N"
"LUMINANT GENERATION COMPANY LLC (RE)","MLSES_UNIT3","Generation","Not Applicable","LUMINANT ENERGY COMPANY LLC (DME)","6062523937000","N"
"LUMINANT GENERATION COMPANY LLC (RE)","PB2SES_CT1","Generation","Not Applicable","LUMINANT ENERGY COMPANY LLC (DME)","6062523937000","N"
"LUMINANT GENERATION COMPANY LLC (RE)","PB2SES_CT2","Generation","Not Applicable","LUMINANT ENERGY COMPANY LLC (DME)","6062523937000","N"
"LUMINANT GENERATION COMPANY LLC (RE)","PB2SES_CT3","Generation","Not Applicable","LUMINANT ENERGY COMPANY LLC (DME)","6062523937000","N"
"LUMINANT GENERATION COMPANY LLC (RE)","PB2SES_CT4","Generation","Not Applicable","LUMINANT ENERGY COMPANY LLC (DME)","6062523937000","N"
"LUMINANT GENERATION COMPANY LLC (RE)","PB2SES_CT5","Generation","Not Applicable","LUMINANT ENERGY COMPANY LLC (DME)","6062523937000","N"
"LUMINANT GENERATION COMPANY LLC (RE)","SCSES_UNIT1A","Generation","Not Applicable","LUMINANT ENERGY COMPANY LLC (DME)","6062523937000","N"
"LUMINANT GENERATION COMPANY LLC (RE)","SCSES_UNIT2","Generation","Not Applicable","LUMINANT ENERGY COMPANY LLC (DME)","6062523937000","N"
"LUMINANT GENERATION COMPANY LLC (RE)","TRSES_UNIT6","Generation","Not Applicable","LUMINANT ENERGY COMPANY LLC (DME)","6062523937000","N"
"MADERO GRID LLC (RE)","MADERO_ESR1","Storage","Not Applicable","MADERO GRID LLC (DME)","1175233547000","N"
"MAGIC VALLEY WIND FARM I LLC (RE)","REDFISH_MV1A","Generation","Not Applicable","RWE CLEAN ENERGY LLC (DME)","1680625407000","N"
"MAGIC VALLEY WIND FARM I LLC (RE)","REDFISH_MV1B","Generation","Not Applicable","RWE CLEAN ENERGY LLC (DME)","1680625407000","N"
"MAJOR OAK POWER LLC (RE)","TNP_ONE_TNP_O_1","Generation","Not Applicable","MAJOR OAK POWER LLC (DME)","0795103077000","N"
"MAJOR OAK POWER LLC (RE)","TNP_ONE_TNP_O_2","Generation","Not Applicable","MAJOR OAK POWER LLC (DME)","0795103077000","N"
"MALLARD ENERGY STORAGE LLC (RE)","DRAK_ESS_ESR1","Storage","Not Applicable","MALLARD ENERGY STORAGE LLC (DME)","1448488377000","N"
"MALLARD ENERGY STORAGE LLC (RE)","DRAK_ESS_ESR2","Storage","Not Applicable","MALLARD ENERGY STORAGE LLC (DME)","1448488377000","N"
"MARIAH DEL NORTE LLC (RE)","MARIAH_NORTE1","Generation","Not Applicable","MARIAH DEL NORTE LLC (DME)","0798110287000","N"
"MARIAH DEL NORTE LLC (RE)","MARIAH_NORTE2","Generation","Not Applicable","MARIAH DEL NORTE LLC (DME)","0798110287000","N"
"MARK ONE GENERATING LLC (RE)","BCH_UNIT1","Generation","Not Applicable","CPS ENERGY (DME)","0079360737000","N"
"MARK ONE GENERATING LLC (RE)","BCH_UNIT2","Generation","Not Applicable","CPS ENERGY (DME)","0079360737000","N"
"MARK ONE GENERATING LLC (RE)","BCH_UNIT3","Generation","Not Applicable","CPS ENERGY (DME)","0079360737000","N"
"MARK ONE GENERATING LLC (RE)","BCH_UNIT4","Generation","Not Applicable","CPS ENERGY (DME)","0079360737000","N"
"MARK ONE GENERATING LLC (RE)","BCH_UNIT5","Generation","Not Applicable","CPS ENERGY (DME)","0079360737000","N"
"MARK ONE GENERATING LLC (RE)","BCH_UNIT6","Generation","Not Applicable","CPS ENERGY (DME)","0079360737000","N"
"MARK ONE II LLC (RE)","BCH_UNIT7","Generation","Not Applicable","CPS ENERGY (DME)","0079360737000","N"
"MARK ONE II LLC (RE)","BCH_UNIT8","Generation","Not Applicable","CPS ENERGY (DME)","0079360737000","N"
"MARKUM SOLAR FARM LLC (RE)","MRKM_SLR_PV1","Generation","Not Applicable","MARKUM SOLAR FARM LLC (DME)","0165795737000","N"
"MARYNEAL WINDPOWER LLC (RE)","MARYNEAL_UNIT1","Generation","Not Applicable","DERIVA ENERGY SERVICES LLC (DME)","0786769747000","N"
"MATTA POWER STATION LLC (RE)","SGSA_ESR1","Storage","Not Applicable","MATTA POWER STATION LLC (DME)","1287044957000","N"
"MAVERICK CLEAN ENERGY CENTER LLC (RE)","MU_ESR1","Storage","Not Applicable","MAVERICK CLEAN ENERGY CENTER LLC (DME)","1192474997000","N"
"MAVERICK CREEK WIND LLC (RE)","MAVCRK_E_UNIT5","Generation","Not Applicable","MAVERICK CREEK WIND LLC (DME)","1172245047000","N"
"MAVERICK CREEK WIND LLC (RE)","MAVCRK_E_UNIT6","Generation","Not Applicable","MAVERICK CREEK WIND LLC (DME)","1172245047000","N"
"MAVERICK CREEK WIND LLC (RE)","MAVCRK_E_UNIT7","Generation","Not Applicable","MAVERICK CREEK WIND LLC (DME)","1172245047000","N"
"MAVERICK CREEK WIND LLC (RE)","MAVCRK_E_UNIT8","Generation","Not Applicable","MAVERICK CREEK WIND LLC (DME)","1172245047000","N"
"MAVERICK CREEK WIND LLC (RE)","MAVCRK_E_UNIT9","Generation","Not Applicable","MAVERICK CREEK WIND LLC (DME)","1172245047000","N"
"MAVERICK CREEK WIND LLC (RE)","MAVCRK_W_UNIT1","Generation","Not Applicable","MAVERICK CREEK WIND LLC (DME)","1172245047000","N"
"MAVERICK CREEK WIND LLC (RE)","MAVCRK_W_UNIT2","Generation","Not Applicable","MAVERICK CREEK WIND LLC (DME)","1172245047000","N"
"MAVERICK CREEK WIND LLC (RE)","MAVCRK_W_UNIT3","Generation","Not Applicable","MAVERICK CREEK WIND LLC (DME)","1172245047000","N"
"MAVERICK CREEK WIND LLC (RE)","MAVCRK_W_UNIT4","Generation","Not Applicable","MAVERICK CREEK WIND LLC (DME)","1172245047000","N"
"MCADOO WIND ENERGY LLC (RE)","MWEC_G1","Generation","Not Applicable","INVENERGY WIND DEVELOPMENT LLC (DME)","8085531717000","N"
"MCCRAE WIND ENERGY II LLC (RE)","HARALD_UNIT1","Generation","Not Applicable","MCCRAE WIND ENERGY II LLC (DME)","0805426797000","N"
"MENDOZA TRAIL BESS LLC (RE)","SLK_BESS_ESR1","Storage","Not Applicable","MENDOZA TRAIL BESS LLC (DME)","1194360917000","N"
"MEP COTULLA BESS LLC (RE)","COTULLA_ESR1","Storage","Not Applicable","SBESS TX19 LLC (DME)","1192725627000","N"
"MEP EDINBURG BESS LLC (RE)","SE_EDINB_ESR1","Storage","Not Applicable","MEP EDINBURG BESS LLC (DME)","1192722577000","N"
"MEP PALMVIEW BESS LLC (RE)","PALMVIEW_ESR1","Storage","Not Applicable","SBESS TX14 LLC (DME)","1192710867000","N"
"MESQUITE CLEAN ENERGY CENTER LLC (RE)","MESQUITE_ESR2","Storage","Not Applicable","MESQUITE CLEAN ENERGY CENTER LLC (DME)","1253395957000","N"
"MESQUITE CREEK WIND LLC (RE)","MESQCRK_WND1","Generation","Not Applicable","MP2 MESQUITE CREEK WIND LLC (DME)","0793768947000","N"
"MESQUITE CREEK WIND LLC (RE)","MESQCRK_WND2","Generation","Not Applicable","MP2 MESQUITE CREEK WIND LLC (DME)","0793768947000","N"
"MESQUITE STAR SPECIAL LLC (RE)","WH_WIND_UNIT1","Generation","Not Applicable","MESQUITE STAR SPECIAL LLC (DME)","0810599807000","N"
"MESQUITE STAR SPECIAL LLC (RE)","WH_WIND_UNIT2","Generation","Not Applicable","MESQUITE STAR SPECIAL LLC (DME)","0810599807000","N"
"MESQUITE WIND LLC (RE)","LNCRK_G83","Generation","Not Applicable","DIRECT ENERGY LP (DME)","0397133547000","N"
"MESTENO WINDPOWER LLC (RE)","MESTENO_UNIT_1","Generation","Not Applicable","MESTENO WINDPOWER LLC (DME)","1154912957000","N"
"MIAMI WIND I LLC (RE)","MIAM1_G1","Generation","Not Applicable","MIAMI WIND I LLC (DME)","0790948677000","N"
"MIAMI WIND I LLC (RE)","MIAM1_G2","Generation","Not Applicable","MIAMI WIND I LLC (DME)","0790948677000","N"
"MIDLOTHIAN ENERGY LLC (RE)","MDANP_CT1","Generation","Not Applicable","LUMINANT ENERGY COMPANY LLC (DME)","6062523937000","N"
"MIDLOTHIAN ENERGY LLC (RE)","MDANP_CT2","Generation","Not Applicable","LUMINANT ENERGY COMPANY LLC (DME)","6062523937000","N"
"MIDLOTHIAN ENERGY LLC (RE)","MDANP_CT3","Generation","Not Applicable","LUMINANT ENERGY COMPANY LLC (DME)","6062523937000","N"
"MIDLOTHIAN ENERGY LLC (RE)","MDANP_CT4","Generation","Not Applicable","LUMINANT ENERGY COMPANY LLC (DME)","6062523937000","N"
"MIDLOTHIAN ENERGY LLC (RE)","MDANP_CT5","Generation","Not Applicable","LUMINANT ENERGY COMPANY LLC (DME)","6062523937000","N"
"MIDLOTHIAN ENERGY LLC (RE)","MDANP_CT6","Generation","Not Applicable","LUMINANT ENERGY COMPANY LLC (DME)","6062523937000","N"
"MIDPOINT SOLAR LLC (RE)","MIDP_SLR_SOLAR1","Generation","Not Applicable","MIDPOINT SOLAR LLC (DME)","1193696997000","N"
"MIDPOINT SOLAR LLC 1 (RE)","MIDP_SLR_ESR1","Storage","Not Applicable","MIDPOINT SOLAR LLC (DME)","1193696997000","N"
"MIDWAY BESS STATION LLC (RE)","MIDWY_ESR1","Storage","Not Applicable","MIDWAY BESS STATION LLC (DME)","1206309797000","N"
"MIDWAY SOLAR LLC (RE)","WAYMARK_UNIT1","Generation","Not Applicable","MIDWAY SOLAR LLC (DME)","0810130437000","N"
"MIDWAY WIND LLC (RE)","MIDWIND_UNIT1","Generation","Not Applicable","MIDWAY WIND LLC (DME)","0793416707000","N"
"MILLERS BRANCH SOLAR LLC (RE)","MLB_SLR_SOLAR1","Generation","Not Applicable","MILLERS BRANCH SOLAR LLC (DME)","1193200487000","N"
"MILLERS BRANCH SOLAR LLC (RE)","MLB_SLR_SOLAR2","Generation","Not Applicable","MILLERS BRANCH SOLAR LLC (DME)","1193200487000","N"
"MILLERS BRANCH SOLAR LLC (RE)","MLB_SLR_SOLAR3","Generation","Not Applicable","MILLERS BRANCH SOLAR LLC (DME)","1193200487000","N"
"MISAE SOLAR IV LLC (RE)","LEON_SLR_UNIT1","Generation","Not Applicable","MISAE SOLAR IV LLC (DME)","1188242387000","N"
"MISAE SOLAR IV LLC (RE)","LEON_SLR_UNIT2","Generation","Not Applicable","MISAE SOLAR IV LLC (DME)","1188242387000","N"
"MOCKINGBIRD SOLAR CENTER LLC (RE)","BAKE_SLR_UNIT1","Generation","Not Applicable","MOCKINGBIRD SOLAR CENTER LLC (DME)","1186976817000","N"
"MOCKINGBIRD SOLAR CENTER LLC (RE)","BAKE_SLR_UNIT2","Generation","Not Applicable","MOCKINGBIRD SOLAR CENTER LLC (DME)","1186976817000","N"
"MOMENTUM HEADCAMP LLC (RE)","HEADCAMP_ESR1","Storage","Not Applicable","MOMENTUM HEADCAMP LLC (DME)","1194361047000","N"
"MONTE CRISTO WINDPOWER LLC (RE)","MONTECR1_WIND1","Generation","Not Applicable","MONTE CRISTO WINDPOWER LLC (DME)","1123575407000","N"
"MONTGOMERY RANCH WIND FARM LLC (RE)","MONT_WND_UNIT1","Generation","Not Applicable","RWE CLEAN ENERGY LLC (DME)","1680625407000","N"
"MONTGOMERY RANCH WIND FARM LLC (RE)","MONT_WND_UNIT2","Generation","Not Applicable","RWE CLEAN ENERGY LLC (DME)","1680625407000","N"
"MORROW LAKE SOLAR LLC (RE)","MROW_SLR_SOLAR1","Generation","Not Applicable","MORROW LAKE SOLAR LLC (DME)","1190085297000","N"
"MOUNTAIN CREEK POWER LLC (RE)","MCSES_UNIT6","Generation","Not Applicable","MOUNTAIN CREEK POWER LLC (DME)","0794983557000","N"
"MOUNTAIN CREEK POWER LLC (RE)","MCSES_UNIT7","Generation","Not Applicable","MOUNTAIN CREEK POWER LLC (DME)","0794983557000","N"
"MOUNTAIN CREEK POWER LLC (RE)","MCSES_UNIT8","Generation","Not Applicable","MOUNTAIN CREEK POWER LLC (DME)","0794983557000","N"
"MOZART WIND LLC (RE)","MOZART_WIND_1","Generation","Not Applicable","MOZART WIND LLC (DME)","0598773667000","N"
"MRG GOODY SOLAR PROJECT LLC (RE)","GODY_SLR_SOLAR1","Generation","Not Applicable","MRG GOODY SOLAR PROJECT LLC (DME)","1195407807000","N"
"MRG GOODY SOLAR PROJECT LLC (RE)","GODY_SLR_SOLAR2","Generation","Not Applicable","MRG GOODY SOLAR PROJECT LLC (DME)","1195407807000","N"
"MRG GOODY STORAGE LLC (RE)","GODY_SLR_ESR1","Storage","Not Applicable","MRG GOODY SOLAR PROJECT LLC (DME)","1195407807000","N"
"MYRTLE SOLAR LLC (RE)","MYR_UNIT1","Generation","Not Applicable","TOTALENERGIES RENEWABLES USA LLC (DME)","1185605467000","N"
"MYRTLE SOLAR LLC (RE)","MYR_UNIT2","Generation","Not Applicable","TOTALENERGIES RENEWABLES USA LLC (DME)","1185605467000","N"
"MYRTLE STORAGE LLC (RE)","MYR_ESR1","Storage","Not Applicable","TOTALENERGIES RENEWABLES USA LLC (DME)","1185605467000","N"
"MYRTLE STORAGE LLC (RE)","MYR_ESR2","Storage","Not Applicable","TOTALENERGIES RENEWABLES USA LLC (DME)","1185605467000","N"
"NACOGDOCHES POWER LLC (RE)","NACPW_UNIT1","Generation","Not Applicable","CITY OF AUSTIN DBA AUSTIN ENERGY (DME)","8008717667000","N"
"NET POWER LLC (RE)","MIRAGE_GEN_0001","Generation","Not Applicable","CONSTELLATION ENERGY GENERATION LLC (DME)","9604589587000","N"
"NEW FRONTERA HOLDINGS LLC (RE)","FRONT_EC_CT1","Generation","Not Applicable","NEW FRONTERA HOLDINGS LLC (DME)","1187858577000","N"
"NEW FRONTERA HOLDINGS LLC (RE)","FRONT_EC_CT2","Generation","Not Applicable","NEW FRONTERA HOLDINGS LLC (DME)","1187858577000","N"
"NEW FRONTERA HOLDINGS LLC (RE)","FRONT_EC_ST","Generation","Not Applicable","NEW FRONTERA HOLDINGS LLC (DME)","1187858577000","N"
"NEW HICKORY SOLAR LLC (RE)","NHKY_SLR_UNIT1","Generation","Not Applicable","NEW HICKORY SOLAR LLC (DME)","1448442337000","N"
"NEW HICKORY SOLAR LLC (RE)","NHKY_SLR_UNIT2","Generation","Not Applicable","NEW HICKORY SOLAR LLC (DME)","1448442337000","N"
"NORTH PECOS CLEAN ENERGY CENTER LLC (RE)","ELM_ST_ESR2","Storage","Not Applicable","NORTH PECOS CLEAN ENERGY CENTER LLC (DME)","1253544867000","N"
"NOTREES WINDPOWER LP (RE)","NWF_ESR1","Storage","Not Applicable","NOTREES WINDPOWER LP (DME)","8251689467000","N"
"NOTREES WINDPOWER LP (RE)","NWF_NWF1","Generation","Not Applicable","NOTREES WINDPOWER LP (DME)","8251689467000","N"
"NOTREES WINDPOWER LP (RE)","NWF_NWF2","Generation","Not Applicable","NOTREES WINDPOWER LP (DME)","8251689467000","N"
"NRG CEDAR BAYOU DEVELOPMENT COMPANY LLC (RE)","CBY4_CT41","Generation","Not Applicable","NRG TEXAS POWER LLC (DME)","1684560497000","N"
"NRG CEDAR BAYOU DEVELOPMENT COMPANY LLC (RE)","CBY4_CT42","Generation","Not Applicable","NRG TEXAS POWER LLC (DME)","1684560497000","N"
"NRG CEDAR BAYOU DEVELOPMENT COMPANY LLC (RE)","CBY4_ST04","Generation","Not Applicable","NRG TEXAS POWER LLC (DME)","1684560497000","N"
"NRG TEXAS POWER LLC (RE)","CBY_CBY_G1","Generation","Not Applicable","NRG TEXAS POWER LLC (DME)","1684560497000","N"
"NRG TEXAS POWER LLC (RE)","CBY_CBY_G2","Generation","Not Applicable","NRG TEXAS POWER LLC (DME)","1684560497000","N"
"NRG TEXAS POWER LLC (RE)","GBY_GBYGT73","Generation","Not Applicable","NRG TEXAS POWER LLC (DME)","1684560497000","N"
"NRG TEXAS POWER LLC (RE)","GBY_GBYGT74","Generation","Not Applicable","NRG TEXAS POWER LLC (DME)","1684560497000","N"
"NRG TEXAS POWER LLC (RE)","GBY_GBYGT81","Generation","Not Applicable","NRG TEXAS POWER LLC (DME)","1684560497000","N"
"NRG TEXAS POWER LLC (RE)","GBY_GBYGT82","Generation","Not Applicable","NRG TEXAS POWER LLC (DME)","1684560497000","N"
"NRG TEXAS POWER LLC (RE)","GBY_GBYGT83","Generation","Not Applicable","NRG TEXAS POWER LLC (DME)","1684560497000","N"
"NRG TEXAS POWER LLC (RE)","GBY_GBYGT84","Generation","Not Applicable","NRG TEXAS POWER LLC (DME)","1684560497000","N"
"NRG TEXAS POWER LLC (RE)","LEG_LEG_G1","Generation","Not Applicable","NRG TEXAS POWER LLC (DME)","1684560497000","N"
"NRG TEXAS POWER LLC (RE)","LEG_LEG_G2","Generation","Not Applicable","NRG TEXAS POWER LLC (DME)","1684560497000","N"
"NRG TEXAS POWER LLC (RE)","THW_THWGT31","Generation","Not Applicable","NRG TEXAS POWER LLC (DME)","1684560497000","N"
"NRG TEXAS POWER LLC (RE)","THW_THWGT32","Generation","Not Applicable","NRG TEXAS POWER LLC (DME)","1684560497000","N"
"NRG TEXAS POWER LLC (RE)","THW_THWGT33","Generation","Not Applicable","NRG TEXAS POWER LLC (DME)","1684560497000","N"
"NRG TEXAS POWER LLC (RE)","THW_THWGT34","Generation","Not Applicable","NRG TEXAS POWER LLC (DME)","1684560497000","N"
"NRG TEXAS POWER LLC (RE)","THW_THWGT41","Generation","Not Applicable","NRG TEXAS POWER LLC (DME)","1684560497000","N"
"NRG TEXAS POWER LLC (RE)","THW_THWGT42","Generation","Not Applicable","NRG TEXAS POWER LLC (DME)","1684560497000","N"
"NRG TEXAS POWER LLC (RE)","THW_THWGT43","Generation","Not Applicable","NRG TEXAS POWER LLC (DME)","1684560497000","N"
"NRG TEXAS POWER LLC (RE)","THW_THWGT44","Generation","Not Applicable","NRG TEXAS POWER LLC (DME)","1684560497000","N"
"NRG TEXAS POWER LLC (RE)","THW_THWGT51","Generation","Not Applicable","NRG TEXAS POWER LLC (DME)","1684560497000","N"
"NRG TEXAS POWER LLC (RE)","THW_THWGT52","Generation","Not Applicable","NRG TEXAS POWER LLC (DME)","1684560497000","N"
"NRG TEXAS POWER LLC (RE)","THW_THWGT53","Generation","Not Applicable","NRG TEXAS POWER LLC (DME)","1684560497000","N"
"NRG TEXAS POWER LLC (RE)","THW_THWGT54","Generation","Not Applicable","NRG TEXAS POWER LLC (DME)","1684560497000","N"
"NRG TEXAS POWER LLC (RE)","THW_THWGT55","Generation","Not Applicable","NRG TEXAS POWER LLC (DME)","1684560497000","N"
"NRG TEXAS POWER LLC (RE)","THW_THWGT56","Generation","Not Applicable","NRG TEXAS POWER LLC (DME)","1684560497000","N"
"NRG TEXAS POWER LLC (RE)","THW_THWGT_1","Generation","Not Applicable","NRG TEXAS POWER LLC (DME)","1684560497000","N"
"NRG TEXAS POWER LLC (RE)","THW_THWST_3","Generation","Not Applicable","NRG TEXAS POWER LLC (DME)","1684560497000","N"
"NRG TEXAS POWER LLC (RE)","THW_THWST_4","Generation","Not Applicable","NRG TEXAS POWER LLC (DME)","1684560497000","N"
"NRG TEXAS POWER LLC (RE)","WAP_WAPGT_1","Generation","Not Applicable","NRG TEXAS POWER LLC (DME)","1684560497000","N"
"NRG TEXAS POWER LLC (RE)","WAP_WAP_G1","Generation","Not Applicable","NRG TEXAS POWER LLC (DME)","1684560497000","N"
"NRG TEXAS POWER LLC (RE)","WAP_WAP_G2","Generation","Not Applicable","NRG TEXAS POWER LLC (DME)","1684560497000","N"
"NRG TEXAS POWER LLC (RE)","WAP_WAP_G3","Generation","Not Applicable","NRG TEXAS POWER LLC (DME)","1684560497000","N"
"NRG TEXAS POWER LLC (RE)","WAP_WAP_G4","Generation","Not Applicable","NRG TEXAS POWER LLC (DME)","1684560497000","N"
"NRG TEXAS POWER LLC (RE)","WAP_WAP_G5","Generation","Not Applicable","NRG TEXAS POWER LLC (DME)","1684560497000","N"
"NRG TEXAS POWER LLC (RE)","WAP_WAP_G6","Generation","Not Applicable","NRG TEXAS POWER LLC (DME)","1684560497000","N"
"NRG TEXAS POWER LLC (RE)","WAP_WAP_G7","Generation","Not Applicable","NRG TEXAS POWER LLC (DME)","1684560497000","N"
"NRG TEXAS POWER LLC (RE)","WAP_WAP_G8","Generation","Not Applicable","NRG TEXAS POWER LLC (DME)","1684560497000","N"
"NRG THW GT LLC (RE)","THW_GT61","Generation","Not Applicable","NRG TEXAS POWER LLC (DME)","1684560497000","N"
"NRG THW GT LLC (RE)","THW_GT62","Generation","Not Applicable","NRG TEXAS POWER LLC (DME)","1684560497000","N"
"OAK GROVE MANAGEMENT COMPANY LLC (RE)","OGSES_UNIT1A","Generation","Not Applicable","LUMINANT ENERGY COMPANY LLC (DME)","6062523937000","N"
"OAK GROVE MANAGEMENT COMPANY LLC (RE)","OGSES_UNIT2","Generation","Not Applicable","LUMINANT ENERGY COMPANY LLC (DME)","6062523937000","N"
"OAK HILL SOLAR LLC (RE)","DRCK_SLR_SOLAR1","Generation","Not Applicable","LUMINANT ENERGY COMPANY LLC (DME)","6062523937000","N"
"OBERON SOLAR IA LLC (RE)","OBERON_UNIT_1","Generation","OBERON_UNIT_1_J01","HANWHA ENERGY USA HOLDINGS CORP (DME)","0806881857000","N"
"OBERON SOLAR IB LLC (RE)","OBERON_UNIT_1","Generation","OBERON_UNIT_1_J02","HANWHA ENERGY USA HOLDINGS CORP (DME)","0806881857000","N"
"OCI ALAMO 1 LLC (RE)","OCI_ALM1_UNIT1","Generation","Not Applicable","OCI ALAMO 1 LLC (DME)","0787322647000","N"
"OCI ALAMO 4 LLC (RE)","ECLIPSE_UNIT1","Generation","Not Applicable","RWE CLEAN ENERGY LLC (DME)","1680625407000","N"
"OCOTILLO WINDPOWER LP (RE)","OWF_OWF","Generation","Not Applicable","OCOTILLO WINDPOWER LP (DME)","8251691007000","N"
"ODYSSEY ENERGY ALTURA COGEN LLC (RE)","PSA_PSA_G1","Generation","Not Applicable","OPTIM ENERGY MARKETING LLC (DME)","8014376387000","N"
"ODYSSEY ENERGY ALTURA COGEN LLC (RE)","PSA_PSA_G2","Generation","Not Applicable","OPTIM ENERGY MARKETING LLC (DME)","8014376387000","N"
"ODYSSEY ENERGY ALTURA COGEN LLC (RE)","PSA_PSA_G3","Generation","Not Applicable","OPTIM ENERGY MARKETING LLC (DME)","8014376387000","N"
"ODYSSEY ENERGY ALTURA COGEN LLC (RE)","PSA_PSA_G4","Generation","Not Applicable","OPTIM ENERGY MARKETING LLC (DME)","8014376387000","N"
"ODYSSEY ENERGY ALTURA COGEN LLC (RE)","PSA_PSA_G5","Generation","Not Applicable","OPTIM ENERGY MARKETING LLC (DME)","8014376387000","N"
"ODYSSEY ENERGY ALTURA COGEN LLC (RE)","PSA_PSA_G6","Generation","Not Applicable","OPTIM ENERGY MARKETING LLC (DME)","8014376387000","N"
"ODYSSEY ENERGY ALTURA COGEN LLC (RE)","PSA_PSA_G7","Generation","Not Applicable","OPTIM ENERGY MARKETING LLC (DME)","8014376387000","N"
"OLD 300 SOLAR CENTER LLC (RE)","BCK_UNIT1","Generation","Not Applicable","OLD 300 SOLAR CENTER LLC  (DME)","1179977417000","N"
"OLD 300 SOLAR CENTER LLC (RE)","BCK_UNIT2","Generation","Not Applicable","OLD 300 SOLAR CENTER LLC  (DME)","1179977417000","N"
"OLD 300 STORAGE CENTER LLC (RE)","BCK_ESR1","Storage","Not Applicable","OLD 300 STORAGE CENTER LLC (DME)","1194956437000","N"
"OLD 300 STORAGE CENTER LLC (RE)","BCK_ESR2","Storage","Not Applicable","OLD 300 STORAGE CENTER LLC (DME)","1194956437000","N"
"OLD SETTLER WIND LLC (RE)","COTPLNS_OLDSETLR","Generation","Not Applicable","OLD SETTLER WIND LLC (DME)","0799076947000","N"
"ORIANA SOLAR LLC (RE)","ORIANA_UNIT1","Generation","Not Applicable","ORIANA SOLAR LLC (DME)","1111703227000","N"
"OUTPOST SOLAR LLC (RE)","OUTP_SLR_UNIT1","Generation","Not Applicable","OUTPOST SOLAR LLC (DME)","1189375627000","N"
"OUTPOST SOLAR LLC (RE)","OUTP_SLR_UNIT2","Generation","Not Applicable","OUTPOST SOLAR LLC (DME)","1189375627000","N"
"OXY VINYLS LP (RE)","DIB_DIB_G1","Generation","Not Applicable","OXY VINYLS LP (DME)","0618050037000","N"
"OXY VINYLS LP (RE)","DIB_DIB_G2","Generation","Not Applicable","OXY VINYLS LP (DME)","0618050037000","N"
"OXY VINYLS LP (RE)","DIB_DIB_G3","Generation","Not Applicable","OXY VINYLS LP (DME)","0618050037000","N"
"OXY VINYLS LP (RE)","DIB_DIB_G4","Generation","Not Applicable","OXY VINYLS LP (DME)","0618050037000","N"
"OYSTERCATCHER SOLAR LLC (RE)","OYST_SLR_UNIT1","Generation","Not Applicable","OYSTERCATCHER SOLAR LLC (DME)","1175786807000","N"
"OYSTERCATCHER SOLAR LLC (RE)","OYST_SLR_UNIT2","Generation","Not Applicable","OYSTERCATCHER SOLAR LLC (DME)","1175786807000","N"
"PADUA GRID 2 LLC (RE)","PAD2_ESS_ESR2","Storage","Not Applicable","CPS ENERGY (DME)","0079360737000","N"
"PADUA GRID 3 LLC (RE)","PAD3_ESS_ESR3","Storage","Not Applicable","PADUA GRID 3 LLC (DME)","1194828777000","N"
"PADUA GRID LLC (RE)","PAD1_ESS_ESR1","Storage","Not Applicable","CPS ENERGY (DME)","0079360737000","N"
"PALMAS WIND LLC (RE)","PALMWIND_UNIT1","Generation","Not Applicable","ACCIONA ENERGY USA GLOBAL LLC (DME)","0797372127000","N"
"PAMELA HEIGHTS I ENERGY CENTER LLC (RE)","CLO_ESR3","Storage","Not Applicable","NRG TEXAS POWER LLC (DME)","1684560497000","N"
"PANTHER CREEK WIND FARM I AND II LLC (RE)","PC_NORTH_PANTHER1","Generation","Not Applicable","RWE CLEAN ENERGY LLC (DME)","1680625407000","N"
"PANTHER CREEK WIND FARM I AND II LLC (RE)","PC_SOUTH_PANTHER2","Generation","Not Applicable","RWE CLEAN ENERGY LLC (DME)","1680625407000","N"
"PANTHER CREEK WIND FARM THREE LLC (RE)","PC_SOUTH_PANTH31","Generation","Not Applicable","RWE CLEAN ENERGY LLC (DME)","1680625407000","N"
"PANTHER CREEK WIND FARM THREE LLC (RE)","PC_SOUTH_PANTH32","Generation","Not Applicable","RWE CLEAN ENERGY LLC (DME)","1680625407000","N"
"PANTHER CREEK WIND FARM THREE LLC (RE)","PC_SOUTH_PANTHER3","Generation","Not Applicable","RWE CLEAN ENERGY LLC (DME)","1680625407000","N"
"PAPALOTE CREEK I LLC (RE)","PAP1_PAP1","Generation","Not Applicable","RWE CLEAN ENERGY LLC (DME)","1680625407000","N"
"PAPALOTE CREEK II LLC (RE)","COTTON_PAP2","Generation","Not Applicable","RWE CLEAN ENERGY LLC (DME)","1680625407000","N"
"PARIS FARM SOLAR LLC (RE)","EIFSLR_UNIT1","Generation","Not Applicable","SB ENERGY DEVCO (US) INC (DME)","1176517237000","N"
"PARIS GENERATION LP (RE)","TNSKA_GT1","Generation","Not Applicable","MPH MESQUITE LLC (DME)","1190003507000","N"
"PARIS GENERATION LP (RE)","TNSKA_GT2","Generation","Not Applicable","MPH MESQUITE LLC (DME)","1190003507000","N"
"PARIS GENERATION LP (RE)","TNSKA_STG","Generation","Not Applicable","MPH MESQUITE LLC (DME)","1190003507000","N"
"PARLIAMENT SOLAR LLC (RE)","PAR_UNIT1","Generation","Not Applicable","MERCURIA ENERGY AMERICA LLC (DME)","8317491277000","N"
"PARLIAMENT SOLAR LLC (RE)","PAR_UNIT2","Generation","Not Applicable","MERCURIA ENERGY AMERICA LLC (DME)","8317491277000","N"
"PATRIOT WIND FARM LLC (RE)","SHAFFER_UNIT1","Generation","Not Applicable","PATRIOT WIND FARM LLC (DME)","0798290757000","N"
"PATTERN GULF WIND LLC (RE)","TGW_T1","Generation","Not Applicable","PATTERN GULF WIND LLC (DME)","8328495617000","N"
"PATTERN GULF WIND LLC (RE)","TGW_T2","Generation","Not Applicable","PATTERN GULF WIND LLC (DME)","8328495617000","N"
"PATTERN PANHANDLE WIND 2 LLC (RE)","PH2_UNIT1","Generation","Not Applicable","PATTERN PANHANDLE WIND 2 LLC (DME)","0792237377000","N"
"PATTERN PANHANDLE WIND 2 LLC (RE)","PH2_UNIT2","Generation","Not Applicable","PATTERN PANHANDLE WIND 2 LLC (DME)","0792237377000","N"
"PATTERN PANHANDLE WIND LLC (RE)","PH1_UNIT1","Generation","Not Applicable","PATTERN PANHANDLE WIND LLC (DME)","0792236957000","N"
"PATTERN PANHANDLE WIND LLC (RE)","PH1_UNIT2","Generation","Not Applicable","PATTERN PANHANDLE WIND LLC (DME)","0792236957000","N"
"PEACOCK ENERGY PROJECT LLC (RE)","JKLP_SLR_PV1","Generation","Not Applicable","PEACOCK ENERGY PROJECT LLC (DME)","0914921937000","N"
"PEACOCK ENERGY PROJECT LLC (RE)","JKLP_SLR_PV2","Generation","Not Applicable","PEACOCK ENERGY PROJECT LLC (DME)","0914921937000","N"
"PEDERNALES ELECTRIC COOPERATIVE INC (RE)","JOHNCI_ESR1","Storage","Not Applicable","PEDERNALES ELECTRIC CO OP INC (DME)","0079241117000","N"
"PETRA NOVA POWER I LLC (RE)","PNPI_GT2","Generation","Not Applicable","NRG TEXAS POWER LLC (DME)","1684560497000","N"
"PEYTON CREEK WIND FARM II LLC (RE)","PCT_UNIT1","Generation","Not Applicable","RWE CLEAN ENERGY LLC (DME)","1680625407000","N"
"PEYTON CREEK WIND FARM LLC (RE)","PEY_UNIT1","Generation","Not Applicable","RWE CLEAN ENERGY LLC (DME)","1680625407000","N"
"PHOEBE ENERGY PROJECT LLC (RE)","PHOEBE_UNIT1","Generation","Not Applicable","PHOEBE ENERGY PROJECT LLC (DME)","1168142337000","N"
"PHOEBE ENERGY PROJECT LLC (RE)","PHOEBE_UNIT2","Generation","Not Applicable","PHOEBE ENERGY PROJECT LLC (DME)","1168142337000","N"
"PHR HOLDINGS LLC (RE)","BAC_CTG1","Generation","Not Applicable","PHR HOLDINGS LLC (DME)","0798931217000","N"
"PHR HOLDINGS LLC (RE)","BAC_CTG2","Generation","Not Applicable","PHR HOLDINGS LLC (DME)","0798931217000","N"
"PHR HOLDINGS LLC (RE)","BAC_CTG3","Generation","Not Applicable","PHR HOLDINGS LLC (DME)","0798931217000","N"
"PHR HOLDINGS LLC (RE)","BAC_CTG4","Generation","Not Applicable","PHR HOLDINGS LLC (DME)","0798931217000","N"
"PHR HOLDINGS LLC (RE)","BAC_CTG5","Generation","Not Applicable","PHR HOLDINGS LLC (DME)","0798931217000","N"
"PHR HOLDINGS LLC (RE)","BAC_CTG6","Generation","Not Applicable","PHR HOLDINGS LLC (DME)","0798931217000","N"
"PIEDRA SOLAR LLC (RE)","PDRA_SLR_SOLAR1","Generation","Not Applicable","TOTALENERGIES RENEWABLES USA LLC (DME)","1185605467000","N"
"PIEDRA SOLAR LLC (RE)","PDRA_SLR_SOLAR2","Generation","Not Applicable","TOTALENERGIES RENEWABLES USA LLC (DME)","1185605467000","N"
"PIN OAK CREEK ENERGY CENTER LLC (RE)","PPEC_GT7","Generation","Not Applicable","CALPINE POWER MANAGEMENT LLC (DME)","1127108767000","N"
"PIN OAK CREEK ENERGY CENTER LLC (RE)","PPEC_GT8","Generation","Not Applicable","CALPINE POWER MANAGEMENT LLC (DME)","1127108767000","N"
"PINE FOREST HYBRID I LLC (RE)","PINEFRST_ESR1","Storage","Not Applicable","PINE FOREST HYBRID I LLC (DME)","1185487807000","N"
"PINE FOREST SOLAR I LLC (RE)","PINEFRST_UNIT1","Generation","Not Applicable","PINE FOREST SOLAR I LLC (DME)","1185418147000","N"
"PINE FOREST SOLAR I LLC (RE)","PINEFRST_UNIT2","Generation","Not Applicable","PINE FOREST SOLAR I LLC (DME)","1185418147000","N"
"PINNINGTON SOLAR LLC (RE)","PINN_SLR_UNIT1","Generation","Not Applicable","PINNINGTON SOLAR LLC (DME)","1189375307000","N"
"PINNINGTON SOLAR LLC (RE)","PINN_SLR_UNIT2","Generation","Not Applicable","PINNINGTON SOLAR LLC (DME)","1189375307000","N"
"PINNINGTON SOLAR LLC (RE)","PINN_SLR_UNIT3","Generation","Not Applicable","PINNINGTON SOLAR LLC (DME)","1189375307000","N"
"PINTAIL PASS BESS LLC (RE)","PIN_BESS_ESR1","Storage","Not Applicable","PINTAIL PASS BESS LLC (DME)","1112812337000","N"
"PIONEER HUTT WIND ENERGY LLC (RE)","PIONR_DJ_UNIT1","Generation","Not Applicable","NEXTERA ENERGY RESOURCES LLC (DME)","0590069377000","N"
"PIONEER HUTT WIND ENERGY LLC (RE)","PIONR_DJ_UNIT2","Generation","Not Applicable","NEXTERA ENERGY RESOURCES LLC (DME)","0590069377000","N"
"PISGAH RIDGE SOLAR LLC (RE)","PISGAH_SOLAR1","Generation","Not Applicable","PISGAH RIDGE SOLAR LLC (DME)","1184638657000","N"
"PISGAH RIDGE SOLAR LLC (RE)","PISGAH_SOLAR2","Generation","Not Applicable","PISGAH RIDGE SOLAR LLC (DME)","1184638657000","N"
"PLATINUM ENERGY STORAGE LLC (RE)","PLATINUM_ESR1","Storage","Not Applicable","ENGIE ENERGY MARKETING NA INC (DME)","9689097397000","N"
"PLATINUM ENERGY STORAGE LLC (RE)","PLATINUM_ESR2","Storage","Not Applicable","ENGIE ENERGY MARKETING NA INC (DME)","9689097397000","N"
"PORT COMFORT POWER LLC (RE)","CALHOUN_UNIT1","Generation","Not Applicable","NRG TEXAS POWER LLC (DME)","1684560497000","N"
"PORT COMFORT POWER LLC (RE)","CALHOUN_UNIT2","Generation","Not Applicable","NRG TEXAS POWER LLC (DME)","1684560497000","N"
"PORTER SOLAR LLC (RE)","PORT_SLR_UNIT1","Generation","Not Applicable","PORTER SOLAR LLC (DME)","1172476057000","N"
"POST OAK WIND LLC (RE)","LNCRK2_G871","Generation","Not Applicable","EDP RENEWABLES NORTH AMERICA LLC (DME)","0155344697000","N"
"POST OAK WIND LLC (RE)","LNCRK2_G872","Generation","Not Applicable","EDP RENEWABLES NORTH AMERICA LLC (DME)","0155344697000","N"
"POST WIND LLC (RE)","RDCANYON_RDCNY1","Generation","Not Applicable","NEXTERA ENERGY RESOURCES LLC (DME)","0590069377000","N"
"PP JAGUAR BESS LLC (RE)","JAG_SLR_ESR1","Storage","Not Applicable","LOWER COLORADO RIVER AUTHORITY (DME)","0432268857000","N"
"PP JAGUAR BESS LLC 1 (RE)","JAG_SLR_ESR2","Storage","Not Applicable","MITSUI AND CO ENERGY MARKETING AND SERVICES (USA) INC (DME)","9682166017000","N"
"PRAIRIE HILL WIND PROJECT LLC (RE)","PHILLWND_UNIT1","Generation","Not Applicable","ENGIE ENERGY MARKETING NA INC (DME)","9689097397000","N"
"PRAIRIE HILL WIND PROJECT LLC (RE)","PHILLWND_UNIT2","Generation","Not Applicable","ENGIE ENERGY MARKETING NA INC (DME)","9689097397000","N"
"PRAIRIE SWITCH WIND LLC (RE)","CRAWFISH_UNIT1","Generation","Not Applicable","TYR ENERGY LLC (DME)","1177058867000","N"
"PRIDDY WIND PROJECT LLC (RE)","PRIDDY_UNIT1","Generation","Not Applicable","ENGIE ENERGY MARKETING NA INC (DME)","9689097397000","N"
"PRIDDY WIND PROJECT LLC (RE)","PRIDDY_UNIT2","Generation","Not Applicable","ENGIE ENERGY MARKETING NA INC (DME)","9689097397000","N"
"PRIME POWER SOLUTIONS LLC DBA LIFE CYCLE POWER (RE)","A4_DGR1","Generation","","PRIME POWER SOLUTIONS LLC DBA LIFE CYCLE POWER (DME)","0412906187000","Y"
"PRIME POWER SOLUTIONS LLC DBA LIFE CYCLE POWER (RE)","A4_DGR2","Generation","","PRIME POWER SOLUTIONS LLC DBA LIFE CYCLE POWER (DME)","0412906187000","Y"
"PRIME POWER SOLUTIONS LLC DBA LIFE CYCLE POWER (RE)","K2_DGR1","Generation","","PRIME POWER SOLUTIONS LLC DBA LIFE CYCLE POWER (DME)","0412906187000","Y"
"PRIME POWER SOLUTIONS LLC DBA LIFE CYCLE POWER (RE)","K2_DGR2","Generation","","PRIME POWER SOLUTIONS LLC DBA LIFE CYCLE POWER (DME)","0412906187000","Y"
"PRIME POWER SOLUTIONS LLC DBA LIFE CYCLE POWER (RE)","P2_DGR1","Generation","","PRIME POWER SOLUTIONS LLC DBA LIFE CYCLE POWER (DME)","0412906187000","Y"
"PRIME POWER SOLUTIONS LLC DBA LIFE CYCLE POWER (RE)","P2_DGR2","Generation","","PRIME POWER SOLUTIONS LLC DBA LIFE CYCLE POWER (DME)","0412906187000","Y"
"PRIME POWER SOLUTIONS LLC DBA LIFE CYCLE POWER (RE)","Q1_DGR1","Generation","","PRIME POWER SOLUTIONS LLC DBA LIFE CYCLE POWER (DME)","0412906187000","Y"
"PRIME POWER SOLUTIONS LLC DBA LIFE CYCLE POWER (RE)","V2_DGR1","Generation","","PRIME POWER SOLUTIONS LLC DBA LIFE CYCLE POWER (DME)","0412906187000","Y"
"PRIME POWER SOLUTIONS LLC DBA LIFE CYCLE POWER (RE)","V2_DGR2","Generation","","PRIME POWER SOLUTIONS LLC DBA LIFE CYCLE POWER (DME)","0412906187000","Y"
"PRIME POWER SOLUTIONS LLC DBA LIFE CYCLE POWER (RE)","V2_DGR3","Generation","","PRIME POWER SOLUTIONS LLC DBA LIFE CYCLE POWER (DME)","0412906187000","Y"
"PRIME POWER SOLUTIONS LLC DBA LIFE CYCLE POWER (RE)","V4_DGR1","Generation","","PRIME POWER SOLUTIONS LLC DBA LIFE CYCLE POWER (DME)","0412906187000","Y"
"PRIME POWER SOLUTIONS LLC DBA LIFE CYCLE POWER (RE)","X1_DGR1","Generation","","PRIME POWER SOLUTIONS LLC DBA LIFE CYCLE POWER (DME)","0412906187000","Y"
"PRIME POWER SOLUTIONS LLC DBA LIFE CYCLE POWER (RE)","Z0_DGR1","Generation","","PRIME POWER SOLUTIONS LLC DBA LIFE CYCLE POWER (DME)","0412906187000","Y"
"PRIME POWER SOLUTIONS LLC DBA LIFE CYCLE POWER (RE)","Z0_DGR2","Generation","","PRIME POWER SOLUTIONS LLC DBA LIFE CYCLE POWER (DME)","0412906187000","Y"
"PRIME POWER SOLUTIONS LLC DBA LIFE CYCLE POWER (RE)","Z5_DGR1","Generation","","PRIME POWER SOLUTIONS LLC DBA LIFE CYCLE POWER (DME)","0412906187000","Y"
"PROSPERO ENERGY PROJECT LLC (RE)","PROSPERO_UNIT1","Generation","Not Applicable","PROSPERO ENERGY PROJECT LLC (DME)","1171778617000","N"
"PROSPERO ENERGY PROJECT LLC (RE)","PROSPERO_UNIT2","Generation","Not Applicable","PROSPERO ENERGY PROJECT LLC (DME)","1171778617000","N"
"PROSPERO SOLAR II LLC (RE)","PRSPERO2_UNIT1","Generation","Not Applicable","PROSPERO SOLAR II LLC (DME)","1175580047000","N"
"PROSPERO SOLAR II LLC (RE)","PRSPERO2_UNIT2","Generation","Not Applicable","PROSPERO SOLAR II LLC (DME)","1175580047000","N"
"PYRON WIND FARM LLC (RE)","PYR_PYRON1","Generation","Not Applicable","RWE CLEAN ENERGY LLC (DME)","1680625407000","N"
"PYRON WIND FARM LLC (RE)","PYR_PYRON2","Generation","Not Applicable","RWE CLEAN ENERGY LLC (DME)","1680625407000","N"
"QUAIL RUN ENERGY PARTNERS LP (RE)","QALSW_GT1","Generation","Not Applicable","CALPINE POWER MANAGEMENT LLC (DME)","1127108767000","N"
"QUAIL RUN ENERGY PARTNERS LP (RE)","QALSW_GT2","Generation","Not Applicable","CALPINE POWER MANAGEMENT LLC (DME)","1127108767000","N"
"QUAIL RUN ENERGY PARTNERS LP (RE)","QALSW_GT3","Generation","Not Applicable","CALPINE POWER MANAGEMENT LLC (DME)","1127108767000","N"
"QUAIL RUN ENERGY PARTNERS LP (RE)","QALSW_GT4","Generation","Not Applicable","CALPINE POWER MANAGEMENT LLC (DME)","1127108767000","N"
"QUAIL RUN ENERGY PARTNERS LP (RE)","QALSW_STG1","Generation","Not Applicable","CALPINE POWER MANAGEMENT LLC (DME)","1127108767000","N"
"QUAIL RUN ENERGY PARTNERS LP (RE)","QALSW_STG2","Generation","Not Applicable","CALPINE POWER MANAGEMENT LLC (DME)","1127108767000","N"
"RANCHERO WIND FARM LLC (RE)","RANCHERO_UNIT1","Generation","Not Applicable","RANCHERO WIND FARM LLC (DME)","0808476027000","N"
"RANCHERO WIND FARM LLC (RE)","RANCHERO_UNIT2","Generation","Not Applicable","RANCHERO WIND FARM LLC (DME)","0808476027000","N"
"RANCHLAND WIND PROJECT II LLC (RE)","ANCHOR_WIND3","Generation","Not Applicable","ENEL TRADING NORTH AMERICA LLC (DME)","0805985627000","N"
"RANCHLAND WIND PROJECT II LLC (RE)","ANCHOR_WIND4","Generation","Not Applicable","ENEL TRADING NORTH AMERICA LLC (DME)","0805985627000","N"
"RANCHLAND WIND PROJECT II LLC (RE)","ANCHOR_WIND5","Generation","Not Applicable","ENEL TRADING NORTH AMERICA LLC (DME)","0805985627000","N"
"RANCHLAND WIND PROJECT LLC (RE)","ANCHOR_WIND1","Generation","Not Applicable","ENEL TRADING NORTH AMERICA LLC (DME)","0805985627000","N"
"RANCHLAND WIND PROJECT LLC (RE)","ANCHOR_WIND2","Generation","Not Applicable","ENEL TRADING NORTH AMERICA LLC (DME)","0805985627000","N"
"RANCHLAND WIND STORAGE LLC (RE)","ANCHOR_ESR1","Storage","Not Applicable","ENEL TRADING NORTH AMERICA LLC (DME)","0805985627000","N"
"RANCHLAND WIND STORAGE LLC (RE)","ANCHOR_ESR2","Storage","Not Applicable","ENEL TRADING NORTH AMERICA LLC (DME)","0805985627000","N"
"RATTLESNAKE POWER LLC (RE)","RTS_U1","Generation","Not Applicable","RATTLESNAKE POWER LLC (DME)","0804692057000","N"
"RATTLESNAKE WIND I LLC (RE)","RSNAKE_G1","Generation","Not Applicable","RATTLESNAKE WIND I LLC (DME)","0795228317000","N"
"RATTLESNAKE WIND I LLC (RE)","RSNAKE_G2","Generation","Not Applicable","RATTLESNAKE WIND I LLC (DME)","0795228317000","N"
"RAVEN STORAGE LLC (RE)","RVN_ESR1","Storage","Not Applicable","RAVEN STORAGE LLC (DME)","1384368777000","N"
"RAY RANCH SOLAR LLC (RE)","TUL_SLR_UNIT1","Generation","Not Applicable","ENGIE ENERGY MARKETING NA INC (DME)","9689097397000","N"
"RAY RANCH SOLAR LLC (RE)","TUL_SLR_UNIT2","Generation","Not Applicable","ENGIE ENERGY MARKETING NA INC (DME)","9689097397000","N"
"RAYBURN ENERGY STATION LLC (RE)","PANDA_S_SHER1CT1","Generation","Not Applicable","RAYBURN ENERGY STATION LLC (DME)","1189999917000","N"
"RAYBURN ENERGY STATION LLC (RE)","PANDA_S_SHER1CT2","Generation","Not Applicable","RAYBURN ENERGY STATION LLC (DME)","1189999917000","N"
"RAYBURN ENERGY STATION LLC (RE)","PANDA_S_SHER1ST1","Generation","Not Applicable","RAYBURN ENERGY STATION LLC (DME)","1189999917000","N"
"RAYMOND WIND FARM LLC (RE)","EL_RAYO_UNIT1","Generation","Not Applicable","RWE CLEAN ENERGY LLC (DME)","1680625407000","N"
"RAYMOND WIND FARM LLC (RE)","EL_RAYO_UNIT2","Generation","Not Applicable","RWE CLEAN ENERGY LLC (DME)","1680625407000","N"
"RAYOS DEL SOL SOLAR PROJECT LLC (RE)","NEBULA_UNIT1","Generation","Not Applicable","HANWHA TOTAL SOLAR II LLC (DME)","1181946247000","N"
"RAYOS DEL SOL SOLAR PROJECT LLC (RE)","VANCOURT_UNIT1","Generation","Not Applicable","HANWHA TOTAL SOLAR II LLC (DME)","1181946247000","N"
"RE MAPLEWOOD 2 LLC (RE)","REDBARN_UNIT_2","Generation","Not Applicable","RE MAPLEWOOD 2 LLC (DME)","1172508497000","N"
"RE MAPLEWOOD LLC (RE)","REDBARN_UNIT_1","Generation","Not Applicable","RE MAPLEWOOD LLC (DME)","0802693797000","N"
"RE RAMBLER LLC (RE)","RAMBLER_UNIT1","Generation","Not Applicable","RE RAMBLER LLC (DME)","1171975947000","N"
"RE ROSEROCK LLC (RE)","REROCK_UNIT1","Generation","Not Applicable","RE ROSEROCK LLC (DME)","0795262357000","N"
"RE ROSEROCK LLC (RE)","REROCK_UNIT2","Generation","Not Applicable","RE ROSEROCK LLC (DME)","0795262357000","N"
"RED TAILED HAWK SOLAR LLC (RE)","HOL_UNIT1","Generation","Not Applicable","ACCIONA ENERGY USA GLOBAL LLC (DME)","0797372127000","N"
"RED TAILED HAWK SOLAR LLC (RE)","HOL_UNIT2","Generation","Not Applicable","ACCIONA ENERGY USA GLOBAL LLC (DME)","0797372127000","N"
"REGIS CARRIZO SPRINGS LLC (RE)","CARRIZO_ESR1","Storage","Not Applicable","REGIS CARRIZO SPRINGS LLC (DME)","1189980267000","N"
"REGIS CONTINENTAL LLC (RE)","CONTINEN_ESR1","Storage","Not Applicable","REGIS CONTINENTAL LLC (DME)","1187480267000","N"
"REGIS ESCONDIDO LLC (RE)","ESCONDID_ESR1","Storage","Not Applicable","REGIS ESCONDIDO LLC (DME)","1189980277000","N"
"REGIS FALFURRIAS LLC (RE)","FALFUR_ESR2","Storage","Not Applicable","REGIS FALFURRIAS LLC (DME)","1189980327000","N"
"REGIS GEARS-HARRIS LLC (RE)","GZ_ESR1","Storage","Not Applicable","REGIS GEARS-HARRIS LLC (DME)","1189975377000","N"
"REGIS GOODWIN LLC (RE)","GOODWIN_ESR1","Storage","Not Applicable","REGIS GOODWIN LLC (DME)","1189980357000","N"
"REGIS GREGORY LLC (RE)","GREGORY_ESR1","Storage","Not Applicable","REGIS GREGORY LLC (DME)","1187480357000","N"
"REGIS HEARN LLC (RE)","HEARN_RD_ESR1","Storage","Not Applicable","REGIS HEARN LLC (DME)","1189397127000","N"
"REGIS HIDDEN VALLEY LLC (RE)","HV_ESR1","Storage","Not Applicable","REGIS HIDDEN VALLEY LLC (DME)","1189915357000","N"
"REGIS LAURELES LLC (RE)","LAURELES_ESR1","Storage","Not Applicable","REGIS LAURELES LLC (DME)","1187479537000","N"
"REGIS LEAKEY LLC (RE)","LEAKEY_ESR1","Storage","Not Applicable","REGIS LEAKEY LLC (DME)","1188270807000","N"
"REGIS LYSSY LLC (RE)","LYSSY_ESR1","Storage","Not Applicable","REGIS LYSSY LLC (DME)","1188361207000","N"
"REGIS MASON LLC (RE)","FORTMA_ESR1","Storage","Not Applicable","REGIS MASON LLC (DME)","1187479517000","N"
"REGIS MEDINA LAKE LLC (RE)","MEDILA_ESR1","Storage","Not Applicable","REGIS MEDINA LAKE LLC (DME)","1188262857000","N"
"REGIS MEDINA LLC (RE)","MEDINA1_ESR1","Storage","Not Applicable","REGIS MEDINA LLC (DME)","1188262777000","N"
"REGIS MILTON LLC (RE)","MILTON_ESR1","Storage","Not Applicable","REGIS MILTON LLC (DME)","1188422637000","N"
"REGIS MONTE CRISTO LLC (RE)","MOORE_FL_ESR1","Storage","Not Applicable","REGIS MONTE CRISTO LLC (DME)","1187479737000","N"
"REGIS MUENSTER LLC (RE)","MUENSTER_ESR1","Storage","Not Applicable","REGIS MUENSTER LLC (DME)","1187479827000","N"
"REGIS PALACIOS LLC (RE)","PALACIOS_ESR1","Storage","Not Applicable","REGIS PALACIOS LLC (DME)","1187480047000","N"
"REGIS SINTON PIRATE LLC (RE)","PIRATE_ESR1","Storage","Not Applicable","REGIS SINTON PIRATE LLC (DME)","1189408697000","N"
"REGIS UTOPIA LLC (RE)","UTOPIA_ESR1","Storage","Not Applicable","REGIS UTOPIA LLC (DME)","1188249627000","N"
"RELOJ DEL SOL WIND FARM LLC (RE)","RELOJ_UNIT1","Generation","Not Applicable","EDP RENEWABLES NORTH AMERICA LLC (DME)","0155344697000","N"
"RELOJ DEL SOL WIND FARM LLC (RE)","RELOJ_UNIT2","Generation","Not Applicable","EDP RENEWABLES NORTH AMERICA LLC (DME)","0155344697000","N"
"RELOJ DEL SOL WIND FARM LLC (RE)","RELOJ_UNIT3","Generation","Not Applicable","EDP RENEWABLES NORTH AMERICA LLC (DME)","0155344697000","N"
"RELOJ DEL SOL WIND FARM LLC (RE)","RELOJ_UNIT4","Generation","Not Applicable","EDP RENEWABLES NORTH AMERICA LLC (DME)","0155344697000","N"
"REMY JADE GENERATING LLC (RE)","JAD_UNIT1","Generation","Not Applicable","CPS ENERGY (DME)","0079360737000","N"
"REMY JADE GENERATING LLC (RE)","JAD_UNIT2","Generation","Not Applicable","CPS ENERGY (DME)","0079360737000","N"
"REMY JADE GENERATING LLC (RE)","JAD_UNIT3","Generation","Not Applicable","CPS ENERGY (DME)","0079360737000","N"
"REMY JADE GENERATING LLC (RE)","JAD_UNIT4","Generation","Not Applicable","CPS ENERGY (DME)","0079360737000","N"
"REMY JADE GENERATING LLC (RE)","JAD_UNIT5","Generation","Not Applicable","CPS ENERGY (DME)","0079360737000","N"
"REMY JADE GENERATING LLC (RE)","JAD_UNIT6","Generation","Not Applicable","CPS ENERGY (DME)","0079360737000","N"
"REMY JADE II LLC (RE)","JAD_UNIT7","Generation","Not Applicable","CPS ENERGY (DME)","0079360737000","N"
"REMY JADE II LLC (RE)","JAD_UNIT8","Generation","Not Applicable","CPS ENERGY (DME)","0079360737000","N"
"RIESEL HOLDCO LLC (RE)","SCES_UNIT1","Generation","SCES_UNIT1_J02","RIESEL HOLDCO LLC (DME)","1188553417000","N"
"RIO BRAVO WINDPOWER LLC (RE)","CABEZON_WIND1","Generation","Not Applicable","RIO BRAVO WINDPOWER LLC (DME)","0812607447000","N"
"RIO BRAVO WINDPOWER LLC (RE)","CABEZON_WIND2","Generation","Not Applicable","RIO BRAVO WINDPOWER LLC (DME)","0812607447000","N"
"RIO LAGO SOLAR LLC (RE)","SHAW_SLR_UNIT1","Generation","Not Applicable","RIO LAGO SOLAR LLC (DME)","1009429467000","N"
"ROADRUNNER CROSSING WIND FARM LLC (RE)","RRC_WIND_ESR1","Storage","Not Applicable","NEXTERA ENERGY RESOURCES LLC (DME)","0590069377000","N"
"ROADRUNNER CROSSING WIND FARM LLC (RE)","RRC_WIND_ESR2","Storage","Not Applicable","NEXTERA ENERGY RESOURCES LLC (DME)","0590069377000","N"
"ROADRUNNER CROSSING WIND FARM LLC (RE)","RRC_WIND_UNIT1","Generation","Not Applicable","NEXTERA ENERGY RESOURCES LLC (DME)","0590069377000","N"
"ROADRUNNER CROSSING WIND FARM LLC (RE)","RRC_WIND_UNIT2","Generation","Not Applicable","NEXTERA ENERGY RESOURCES LLC (DME)","0590069377000","N"
"ROADRUNNER CROSSING WIND FARM LLC (RE)","RRC_WIND_UNIT3","Generation","Not Applicable","NEXTERA ENERGY RESOURCES LLC (DME)","0590069377000","N"
"ROADRUNNER SOLAR PROJECT LLC (RE)","QUEEN_SL_SOLAR1","Generation","Not Applicable","ENEL TRADING NORTH AMERICA LLC (DME)","0805985627000","N"
"ROADRUNNER SOLAR PROJECT LLC (RE)","QUEEN_SL_SOLAR2","Generation","Not Applicable","ENEL TRADING NORTH AMERICA LLC (DME)","0805985627000","N"
"ROADRUNNER STORAGE LLC (RE)","QUEEN_BA_ESR1","Storage","Not Applicable","ENEL TRADING NORTH AMERICA LLC (DME)","0805985627000","N"
"ROARING SPRINGS SOLAR LLC (RE)","BUZI_SLR_UNIT1","Generation","Not Applicable","NEXTERA ENERGY RESOURCES LLC (DME)","0590069377000","N"
"ROARING SPRINGS SOLAR LLC (RE)","BUZI_SLR_UNIT2","Generation","Not Applicable","NEXTERA ENERGY RESOURCES LLC (DME)","0590069377000","N"
"ROARING SPRINGS SOLAR LLC (RE)","BUZI_SLR_UNIT3","Generation","Not Applicable","NEXTERA ENERGY RESOURCES LLC (DME)","0590069377000","N"
"ROARING SPRINGS SOLAR LLC (RE)","BUZI_SLR_UNIT4","Generation","Not Applicable","NEXTERA ENERGY RESOURCES LLC (DME)","0590069377000","N"
"ROCKHOUND SOLAR 2 LLC DBA GREYHOUND SOLAR (RE)","GRYH_SLR_SOLAR1","Generation","Not Applicable","ROCKHOUND SOLAR 2 LLC DBA GREYHOUND SOLAR (DME)","1169595837000","N"
"ROCKHOUND SOLAR 2 LLC DBA GREYHOUND SOLAR (RE)","GRYH_SLR_SOLAR2","Generation","Not Applicable","ROCKHOUND SOLAR 2 LLC DBA GREYHOUND SOLAR (DME)","1169595837000","N"
"ROCKHOUND SOLAR 2 LLC DBA GREYHOUND SOLAR (RE)","GRYH_SLR_SOLAR3","Generation","Not Applicable","ROCKHOUND SOLAR 2 LLC DBA GREYHOUND SOLAR (DME)","1169595837000","N"
"ROCKHOUND SOLAR 2 LLC DBA GREYHOUND SOLAR (RE)","GRYH_SLR_SOLAR4","Generation","Not Applicable","ROCKHOUND SOLAR 2 LLC DBA GREYHOUND SOLAR (DME)","1169595837000","N"
"ROCKHOUND SOLAR 2 LLC DBA GREYHOUND SOLAR (RE)","GRYH_SLR_SOLAR5","Generation","Not Applicable","ROCKHOUND SOLAR 2 LLC DBA GREYHOUND SOLAR (DME)","1169595837000","N"
"ROCKHOUND SOLAR 2 LLC DBA GREYHOUND SOLAR (RE)","GRYH_SLR_SOLAR6","Generation","Not Applicable","ROCKHOUND SOLAR 2 LLC DBA GREYHOUND SOLAR (DME)","1169595837000","N"
"ROCKHOUND SOLAR 2 LLC DBA GREYHOUND SOLAR (RE)","GRYH_SLR_SOLAR7","Generation","Not Applicable","ROCKHOUND SOLAR 2 LLC DBA GREYHOUND SOLAR (DME)","1169595837000","N"
"ROCKHOUND SOLAR 2 LLC DBA GREYHOUND SOLAR (RE)","GRYH_SLR_SOLAR8","Generation","Not Applicable","ROCKHOUND SOLAR 2 LLC DBA GREYHOUND SOLAR (DME)","1169595837000","N"
"ROCKSPRINGS VAL VERDE WIND LLC (RE)","FERMI_WIND1","Generation","Not Applicable","ROCKSPRINGS VAL VERDE WIND LLC (DME)","0801241447000","N"
"ROCKSPRINGS VAL VERDE WIND LLC (RE)","FERMI_WIND2","Generation","Not Applicable","ROCKSPRINGS VAL VERDE WIND LLC (DME)","0801241447000","N"
"RODEO RANCH ENERGY STORAGE LLC (RE)","RRANCHES_ESR1","Storage","Not Applicable","PLUS POWER LLC (DME)","0097952567000","N"
"RODEO RANCH ENERGY STORAGE LLC (RE)","RRANCHES_ESR2","Storage","Not Applicable","PLUS POWER LLC (DME)","0097952567000","N"
"ROSCOE WIND FARM LLC (RE)","TKWSW1_ROSCOE","Generation","Not Applicable","RWE CLEAN ENERGY LLC (DME)","1680625407000","N"
"ROSCOE WIND FARM LLC (RE)","TKWSW1_ROSCOE2A","Generation","Not Applicable","RWE CLEAN ENERGY LLC (DME)","1680625407000","N"
"ROUTE 66 WIND POWER LLC (RE)","ROUTE_66_WIND1","Generation","Not Applicable","ROUTE 66 WIND POWER LLC (DME)","0794201337000","N"
"RW MILLER POWER LLC (RE)","MIL_MILLERG2","Generation","Not Applicable","NRG TEXAS POWER LLC (DME)","1684560497000","N"
"RW MILLER POWER LLC (RE)","MIL_MILLERG3","Generation","Not Applicable","NRG TEXAS POWER LLC (DME)","1684560497000","N"
"RW MILLER POWER LLC (RE)","MIL_MILLERG4","Generation","Not Applicable","NRG TEXAS POWER LLC (DME)","1684560497000","N"
"RW MILLER POWER LLC (RE)","MIL_MILLERG5","Generation","Not Applicable","NRG TEXAS POWER LLC (DME)","1684560497000","N"
"SAGE DRAW WIND LLC (RE)","SAGEDRAW_UNIT1","Generation","Not Applicable","ORSTED ONSHORE NORTH AMERICA LLC (DME)","0802191967000","N"
"SAGE DRAW WIND LLC (RE)","SAGEDRAW_UNIT2","Generation","Not Applicable","ORSTED ONSHORE NORTH AMERICA LLC (DME)","0802191967000","N"
"SALT FORK WIND LLC (RE)","SALTFORK_UNIT1","Generation","Not Applicable","SALT FORK WIND LLC (DME)","0797475737000","N"
"SALT FORK WIND LLC (RE)","SALTFORK_UNIT2","Generation","Not Applicable","SALT FORK WIND LLC (DME)","0797475737000","N"
"SAMSON SOLAR ENERGY II LLC (RE)","SAMSON_1_G3","Generation","Not Applicable","SAMSON SOLAR ENERGY II LLC (DME)","1183390037000","N"
"SAMSON SOLAR ENERGY II LLC (RE)","SAMSON_1_G4","Generation","Not Applicable","SAMSON SOLAR ENERGY II LLC (DME)","1183390037000","N"
"SAMSON SOLAR ENERGY III LLC (RE)","SAMSON_3_G1","Generation","Not Applicable","SAMSON SOLAR ENERGY III LLC (DME)","1176660697000","N"
"SAMSON SOLAR ENERGY III LLC (RE)","SAMSON_3_G2","Generation","Not Applicable","SAMSON SOLAR ENERGY III LLC (DME)","1176660697000","N"
"SAMSON SOLAR ENERGY LLC (RE)","SAMSON_1_G1","Generation","Not Applicable","SAMSON SOLAR ENERGY LLC (DME)","1176660847000","N"
"SAMSON SOLAR ENERGY LLC (RE)","SAMSON_1_G2","Generation","Not Applicable","SAMSON SOLAR ENERGY LLC (DME)","1176660847000","N"
"SAN JACINTO COGENERATION LLC (RE)","SJS_SJS_G1","Generation","Not Applicable","NRG TEXAS POWER LLC (DME)","1684560497000","N"
"SAN JACINTO COGENERATION LLC (RE)","SJS_SJS_G2","Generation","Not Applicable","NRG TEXAS POWER LLC (DME)","1684560497000","N"
"SAN MIGUEL ELECTRIC CO OP INC (RES)","SANMIGL_G1","Generation","Not Applicable","SAN MIGUEL ELECTRIC CO OP INC (DME)","0884848527000","N"
"SAN ROMAN WIND I LLC (RE)","SANROMAN_WIND_1","Generation","Not Applicable","SAN ROMAN WIND I LLC (DME)","0798524527000","N"
"SAND BLUFF WIND FARM LLC (RE)","MCDLD_SB1_2","Generation","Not Applicable","RWE CLEAN ENERGY LLC (DME)","1680625407000","N"
"SAND BLUFF WIND FARM LLC (RE)","MCDLD_SB3_282","Generation","Not Applicable","RWE CLEAN ENERGY LLC (DME)","1680625407000","N"
"SAND BLUFF WIND FARM LLC (RE)","MCDLD_SB4_G87","Generation","Not Applicable","RWE CLEAN ENERGY LLC (DME)","1680625407000","N"
"SAND BLUFF WIND FARM LLC (RE)","MCDLD_SBW1","Generation","Not Applicable","RWE CLEAN ENERGY LLC (DME)","1680625407000","N"
"SANDY CREEK ENERGY ASSOCIATES LP (RE)","SCES_UNIT1","Generation","SCES_UNIT1_J01","SANDY CREEK ENERGY ASSOCIATES LP (DME)","1390201557000","N"
"SANDY CREEK ENERGY ASSOCIATES LP FOR MASTER QSE (RE)","SCES_UNIT1","Generation","SCES_UNIT1_J05","ERCOT DME FOR MASTER QSE (DME)","1112223337300","N"
"SANDY CREEK ENERGY ASSOCIATES LP TWO (RE)","SCES_UNIT1","Generation","SCES_UNIT1_J03","SANDY CREEK ENERGY ASSOCIATES LP (DME)","1390201557000","N"
"SANTA RITA EAST WIND ENERGY LLC (RE)","OVEJA_G1","Generation","Not Applicable","SANTA RITA EAST WIND ENERGY LLC (DME)","0804110667000","N"
"SANTA RITA EAST WIND ENERGY LLC (RE)","OVEJA_G2","Generation","Not Applicable","SANTA RITA EAST WIND ENERGY LLC (DME)","0804110667000","N"
"SANTA RITA WIND ENERGY LLC (RE)","HICKMAN_G1","Generation","HICKMAN_G1_J01","SANTA RITA WIND ENERGY LLC (DME)","0801880877000","N"
"SANTA RITA WIND ENERGY LLC (RE)","HICKMAN_G2","Generation","HICKMAN_G2_J01","SANTA RITA WIND ENERGY LLC (DME)","0801880877000","N"
"SANTA RITA WIND ENERGY LLC 2 (RE)","HICKMAN_G1","Generation","HICKMAN_G1_J02","SANTA RITA WIND ENERGY LLC (DME)","0801880877000","N"
"SANTA RITA WIND ENERGY LLC 2 (RE)","HICKMAN_G2","Generation","HICKMAN_G2_J02","SANTA RITA WIND ENERGY LLC (DME)","0801880877000","N"
"SBESS TX 10 LLC (RE)","CITRUSCY_ESR1","Storage","Not Applicable","SBESS TX10 LLC (DME)","1192456397000","N"
"SBESS TX 12 LLC (RE)","RIO_GRAN_ESR2","Storage","Not Applicable","SBESS TX12 LLC (DME)","1192475067000","N"
"SBESS TX 5 LLC (RE)","JUNORTH_ESR1","Storage","Not Applicable","SBESS TX 5 LLC (DME)","1192310937000","N"
"SBESS TX 7 LLC (RE)","FRMRSVLW_ESR2","Storage","Not Applicable","SBESS TX 7 LLC (DME)","1192306437000","N"
"SCURRY COUNTY WIND II LLC (RE)","CSEC_CSECG2","Generation","Not Applicable","INVENERGY WIND DEVELOPMENT LLC (DME)","8085531717000","N"
"SCURRY COUNTY WIND LP (RE)","CSEC_CSECG1","Generation","Not Applicable","INVENERGY WIND DEVELOPMENT LLC (DME)","8085531717000","N"
"SE ARAGORN LLC (RE)","ARAGORN_UNIT1","Generation","Not Applicable","SB ENERGY DEVCO (US) INC (DME)","1176517237000","N"
"SE JUNO LLC (RE)","JUNO_UNIT1","Generation","Not Applicable","MITSUI AND CO ENERGY MARKETING AND SERVICES (USA) INC (DME)","9682166017000","N"
"SE JUNO LLC 2 (RE)","JUNO_UNIT2","Generation","Not Applicable","SB ENERGY DEVCO (US) INC (DME)","1176517237000","N"
"SE TITAN LLC (RE)","TI_SOLAR_UNIT1","Generation","Not Applicable","CALPINE POWER MANAGEMENT LLC (DME)","1127108767000","N"
"SE TITAN LLC (RE)","TI_SOLAR_UNIT2","Generation","Not Applicable","CALPINE POWER MANAGEMENT LLC (DME)","1127108767000","N"
"SEALY POWER LLC (RE)","WAL_ESR1","Storage","Not Applicable","SEALY POWER LLC (DME)","1168424547000","N"
"SENATE WIND LLC (RE)","SENATEWD_UNIT1","Generation","Not Applicable","SENATE WIND LLC (DME)","8322475847000","N"
"SENDERO WIND ENERGY LLC (RE)","EXGNSND_WIND_1","Generation","Not Applicable","BROWNSVILLE PUBLIC UTILITIES BOARD (DME)","6063470377000","N"
"SEVEN FLAGS BESS LLC (RE)","SEVNF_ES_ESR1","Storage","Not Applicable","SEVEN FLAGS BESS LLC (DME)","0992183927000","N"
"SEYMOUR HILLS WIND PROJECT LLC (RE)","S_HILLS_UNIT1","Generation","Not Applicable","ENGIE ENERGY MARKETING NA INC (DME)","9689097397000","N"
"SHAKES SOLAR LLC (RE)","MCLNSLR_UNIT1","Generation","Not Applicable","SHAKES SOLAR LLC (DME)","1224975837000","N"
"SHAMROCK ENERGY STORAGE LLC (RE)","SHAMROCK_ESR1","Storage","Not Applicable","NEXTERA ENERGY RESOURCES LLC (DME)","0590069377000","N"
"SHAMROCK WIND LLC (RE)","SHAMROCK_UNIT1","Generation","Not Applicable","NEXTERA ENERGY RESOURCES LLC (DME)","0590069377000","N"
"SHAMROCK WIND LLC (RE)","SHAMROCK_UNIT2","Generation","Not Applicable","NEXTERA ENERGY RESOURCES LLC (DME)","0590069377000","N"
"SHERBINO II WIND FARM LLC (RE)","KEO_SHRBINO2","Generation","Not Applicable","SHERBINO II WIND FARM LLC (DME)","9680300937000","N"
"SIGNAL HILL GENERATING LLC (RE)","WFCOGEN_UNIT1","Generation","Not Applicable","CASTLETON COMMODITIES MERCHANT TRADING LP (DME)","0387147837000","N"
"SIGNAL HILL GENERATING LLC (RE)","WFCOGEN_UNIT2","Generation","Not Applicable","CASTLETON COMMODITIES MERCHANT TRADING LP (DME)","0387147837000","N"
"SIGNAL HILL GENERATING LLC (RE)","WFCOGEN_UNIT3","Generation","Not Applicable","CASTLETON COMMODITIES MERCHANT TRADING LP (DME)","0387147837000","N"
"SILVER STAR I POWER PARTNERS LLC (RE)","FLTCK_SSI","Generation","Not Applicable","SILVER STAR I POWER PARTNERS LLC (DME)","8084727527000","N"
"SJRR POWER LLC (RE)","LIG_UNIT1","Generation","Not Applicable","NRG TEXAS POWER LLC (DME)","1684560497000","N"
"SJRR POWER LLC (RE)","LIG_UNIT2","Generation","Not Applicable","NRG TEXAS POWER LLC (DME)","1684560497000","N"
"SKY GLOBAL POWER ONE LLC (RE)","SKY1_SKY1A","Generation","Not Applicable","SKY GLOBAL POWER ONE LLC (DME)","0799865237000","N"
"SKY GLOBAL POWER ONE LLC (RE)","SKY1_SKY1B","Generation","Not Applicable","SKY GLOBAL POWER ONE LLC (DME)","0799865237000","N"
"SMT IRONMAN BESS LLC (RE)","JAR_ESR1","Storage","Not Applicable","HABITAT ENERGY INC (DME)","1186110077000","N"
"SMT IRONMAN BESS LLC (RE)","JAR_ESR2","Storage","Not Applicable","HABITAT ENERGY INC (DME)","1186110077000","N"
"SMT MCALLEN II LLC (RE)","CARA_ESS_ESR1","Storage","Not Applicable","HEI8 LLC (DME)","1194697397000","N"
"SMT TX MANAGEMENT II LLC (RE)","EMPCT_ESR1","Storage","Not Applicable","SMT TX MANAGEMENT II LLC (DME)","1192457537000","N"
"SMT TX MANAGEMENT II LLC (RE)","MAYBERRY_ESR2","Storage","Not Applicable","SMT TX MANAGEMENT II LLC (DME)","1192457537000","N"
"SMT TX MANAGEMENT II LLC (RE)","PRCRK_ESR1","Storage","Not Applicable","SMT TX MANAGEMENT II LLC (DME)","1192457537000","N"
"SMT TX MANAGEMENT III LLC (RE)","KEG_ESR1","Storage","Not Applicable","SMT TX MANAGEMENT III LLC (DME)","1194992657000","N"
"SMT TX MANAGEMENT LLC (RE)","BAY_CITY_ESR1","Storage","Not Applicable","SMT TX MANAGEMENT LLC (DME)","1188458497000","N"
"SMT TX MANAGEMENT LLC (RE)","ELSA_ESR1","Storage","Not Applicable","SMT TX MANAGEMENT LLC (DME)","1188458497000","N"
"SMT TX MANAGEMENT LLC (RE)","GARCENO_ESR1","Storage","Not Applicable","SMT TX MANAGEMENT LLC (DME)","1188458497000","N"
"SMT TX MANAGEMENT LLC (RE)","L_FRESNO_ESR1","Storage","Not Applicable","SMT TX MANAGEMENT LLC (DME)","1188458497000","N"
"SMT TX MANAGEMENT LLC (RE)","MAYBERRY_ESR1","Storage","Not Applicable","SMT TX MANAGEMENT LLC (DME)","1188458497000","N"
"SMT TX MANAGEMENT LLC (RE)","N_ALAMO_ESR1","Storage","Not Applicable","SMT TX MANAGEMENT LLC (DME)","1188458497000","N"
"SMT TX MANAGEMENT LLC (RE)","N_MERCED_ESR1","Storage","Not Applicable","SMT TX MANAGEMENT LLC (DME)","1188458497000","N"
"SMT TX MANAGEMENT LLC (RE)","RIO_GRAN_ESR1","Storage","Not Applicable","SMT TX MANAGEMENT LLC (DME)","1188458497000","N"
"SMT TX MANAGEMENT LLC (RE)","S_SNROSA_ESR1","Storage","Not Applicable","SMT TX MANAGEMENT LLC (DME)","1188458497000","N"
"SMT TX MANAGEMENT LLC (RE)","W_HARLIN_ESR1","Storage","Not Applicable","SMT TX MANAGEMENT LLC (DME)","1188458497000","N"
"SNYDER ESS ASSETS LLC (RE)","DPCRK_ESR1","Storage","Not Applicable","SNYDER ESS ASSETS LLC (DME)","1177841097000","N"
"SOLAIREHOLMAN 1 LLC (RE)","LASSO_UNIT1","Generation","Not Applicable","ENGIE ENERGY MARKETING NA INC (DME)","9689097397000","N"
"SOUTH HOUSTON GREEN POWER LLC (RE)","AMOCOOIL_AMOCO_1","Generation","Not Applicable","SOUTH HOUSTON GREEN POWER LP (DME)","8097886727000","N"
"SOUTH HOUSTON GREEN POWER LLC (RE)","AMOCOOIL_AMOCO_2","Generation","Not Applicable","SOUTH HOUSTON GREEN POWER LP (DME)","8097886727000","N"
"SOUTH HOUSTON GREEN POWER LLC (RE)","AMOCOOIL_AMOCO_G1","Generation","Not Applicable","SOUTH HOUSTON GREEN POWER LP (DME)","8097886727000","N"
"SOUTH HOUSTON GREEN POWER LLC (RE)","AMOCOOIL_AMOCO_G2","Generation","Not Applicable","SOUTH HOUSTON GREEN POWER LP (DME)","8097886727000","N"
"SOUTH HOUSTON GREEN POWER LLC (RE)","AMOCOOIL_AMOCO_G3","Generation","Not Applicable","SOUTH HOUSTON GREEN POWER LP (DME)","8097886727000","N"
"SOUTH HOUSTON GREEN POWER LLC (RE)","AMOCOOIL_AMOCO_S1","Generation","Not Applicable","SOUTH HOUSTON GREEN POWER LP (DME)","8097886727000","N"
"SOUTH HOUSTON GREEN POWER LLC (RE)","AMOCOOIL_AMOCO_S2","Generation","Not Applicable","SOUTH HOUSTON GREEN POWER LP (DME)","8097886727000","N"
"SOUTH PLAINS WIND ENERGY II LLC (RE)","SPLAIN2_WIND21","Generation","Not Applicable","SOUTH PLAINS WIND ENERGY II LLC (DME)","0796798937000","N"
"SOUTH PLAINS WIND ENERGY II LLC (RE)","SPLAIN2_WIND22","Generation","Not Applicable","SOUTH PLAINS WIND ENERGY II LLC (DME)","0796798937000","N"
"SOUTH PLAINS WIND ENERGY LLC (RE)","SPLAIN1_WIND1","Generation","Not Applicable","SOUTH PLAINS WIND ENERGY LLC (DME)","0795544887000","N"
"SOUTH PLAINS WIND ENERGY LLC (RE)","SPLAIN1_WIND2","Generation","Not Applicable","SOUTH PLAINS WIND ENERGY LLC (DME)","0795544887000","N"
"SOUTH TEXAS ELECTRIC CO OP INC (RE)","PEARSAL2_AGR_A","Generation","Not Applicable","SOUTH TEXAS ELECTRIC CO OP INC (DME)","0038663327000","N"
"SOUTH TEXAS ELECTRIC CO OP INC (RE)","PEARSAL2_AGR_B","Generation","Not Applicable","SOUTH TEXAS ELECTRIC CO OP INC (DME)","0038663327000","N"
"SOUTH TEXAS ELECTRIC CO OP INC (RE)","PEARSAL2_AGR_C","Generation","Not Applicable","SOUTH TEXAS ELECTRIC CO OP INC (DME)","0038663327000","N"
"SOUTH TEXAS ELECTRIC CO OP INC (RE)","PEARSAL2_AGR_D","Generation","Not Applicable","SOUTH TEXAS ELECTRIC CO OP INC (DME)","0038663327000","N"
"SOUTH TEXAS ELECTRIC CO OP INC (RE)","RAYBURN_RAYBURG10","Generation","Not Applicable","SOUTH TEXAS ELECTRIC CO OP INC (DME)","0038663327000","N"
"SOUTH TEXAS ELECTRIC CO OP INC (RE)","RAYBURN_RAYBURG7","Generation","Not Applicable","SOUTH TEXAS ELECTRIC CO OP INC (DME)","0038663327000","N"
"SOUTH TEXAS ELECTRIC CO OP INC (RE)","RAYBURN_RAYBURG8","Generation","Not Applicable","SOUTH TEXAS ELECTRIC CO OP INC (DME)","0038663327000","N"
"SOUTH TEXAS ELECTRIC CO OP INC (RE)","RAYBURN_RAYBURG9","Generation","Not Applicable","SOUTH TEXAS ELECTRIC CO OP INC (DME)","0038663327000","N"
"SOUTH TEXAS ELECTRIC CO OP INC (RE)","REDGATE_AGR_A","Generation","Not Applicable","SOUTH TEXAS ELECTRIC CO OP INC (DME)","0038663327000","N"
"SOUTH TEXAS ELECTRIC CO OP INC (RE)","REDGATE_AGR_B","Generation","Not Applicable","SOUTH TEXAS ELECTRIC CO OP INC (DME)","0038663327000","N"
"SOUTH TEXAS ELECTRIC CO OP INC (RE)","REDGATE_AGR_C","Generation","Not Applicable","SOUTH TEXAS ELECTRIC CO OP INC (DME)","0038663327000","N"
"SOUTH TEXAS ELECTRIC CO OP INC (RE)","REDGATE_AGR_D","Generation","Not Applicable","SOUTH TEXAS ELECTRIC CO OP INC (DME)","0038663327000","N"
"SOUTH TRENT WIND LLC (RE)","STWF_T1","Generation","Not Applicable","SOUTH TRENT WIND LLC (DME)","8261794217000","N"
"SOUTHWESTERN ELECTRIC POWER COMPANY BLT (RE)","BL_CHILD","Generation","Not Applicable","","","N"
"SOUTHWESTERN ELECTRIC POWER COMPANY BLT (RE)","BL_LAKEP","Generation","Not Applicable","","","N"
"SOUTHWESTERN ELECTRIC POWER COMPANY BLT (RE)","BL_TURKE","Generation","Not Applicable","","","N"
"SP CACTUS FLATS WIND ENERGY LLC (RE)","CFLATS_U1","Generation","Not Applicable","SP CACTUS FLATS WIND ENERGY LLC (DME)","0808719517000","N"
"SPARTA SOLAR LLC (RE)","SPARTA_UNIT1","Generation","Not Applicable","SPARTA SOLAR LLC (DME)","1177961577000","N"
"SPARTA SOLAR LLC (RE)","SPARTA_UNIT2","Generation","Not Applicable","SPARTA SOLAR LLC (DME)","1177961577000","N"
"SPENCER CLEAN ENERGY CENTER LLC (RE)","SP_ESR1","Storage","Not Applicable","SPENCER CLEAN ENERGY CENTER LLC (DME)","0695130877000","N"
"SPINNING SPUR WIND THREE LLC (RE)","SSPURTWO_SS3WIND1","Generation","Not Applicable","EDF TRADING NORTH AMERICA INC (DME)","1091142517000","N"
"SPINNING SPUR WIND THREE LLC (RE)","SSPURTWO_SS3WIND2","Generation","Not Applicable","EDF TRADING NORTH AMERICA INC (DME)","1091142517000","N"
"SPINNING SPUR WIND TWO LLC (RE)","SSPURTWO_WIND_1","Generation","Not Applicable","SPUR TWO SPONSOR LLC (DME)","0792235837000","N"
"ST GALL ENERGY STORAGE I LLC (RE)","SGAL_BES_ESR1","Storage","Not Applicable","ST GALL ENERGY STORAGE I LLC (DME)","1189325957000","N"
"ST GALL ENERGY STORAGE II LLC (RE)","SGAL_BES_ESR2","Storage","Not Applicable","ST GALL ENERGY STORAGE II LLC (DME)","1125938817000","N"
"STAMPEDE SOLAR PROJECT LLC (RE)","STAM_SLR_ESR1","Storage","Not Applicable","ENEL TRADING NORTH AMERICA LLC (DME)","0805985627000","N"
"STAMPEDE SOLAR PROJECT LLC (RE)","STAM_SLR_SOLAR1","Generation","Not Applicable","ENEL TRADING NORTH AMERICA LLC (DME)","0805985627000","N"
"STAMPEDE SOLAR PROJECT LLC (RE)","STAM_SLR_SOLAR2","Generation","Not Applicable","ENEL TRADING NORTH AMERICA LLC (DME)","0805985627000","N"
"STANTON WIND ENERGY LLC (RE)","SWEC_G1","Generation","Not Applicable","INVENERGY WIND DEVELOPMENT LLC (DME)","8085531717000","N"
"STARR SOLAR RANCH 1 LLC (RE)","STAR_SLR_UNIT1","Generation","Not Applicable","STARR SOLAR RANCH 1 LLC (DME)","1191486627000","N"
"STARR SOLAR RANCH 1 LLC (RE)","STAR_SLR_UNIT2","Generation","Not Applicable","STARR SOLAR RANCH 1 LLC (DME)","1191486627000","N"
"STELLA WIND FARM LLC (RE)","STELLA_UNIT1","Generation","Not Applicable","RWE CLEAN ENERGY LLC (DME)","1680625407000","N"
"STEPHENS RANCH WIND ENERGY II LLC (RE)","SRWE1_SRWE2","Generation","Not Applicable","STEPHENS RANCH WIND ENERGY II LLC (DME)","0794207857000","N"
"STEPHENS RANCH WIND ENERGY LLC (RE)","SRWE1_UNIT1","Generation","Not Applicable","STEPHENS RANCH WIND ENERGY LLC (DME)","0792802637000","N"
"STILLHOUSE SOLAR LLC (RE)","STLHS_SL_PV1","Generation","Not Applicable","STILLHOUSE SOLAR LLC (DME)","1192168007000","N"
"STONERIDGE SOLAR LLC (RE)","STRG_SLR_ESR1","Storage","Not Applicable","RWE CLEAN ENERGY LLC (DME)","1680625407000","N"
"STONERIDGE SOLAR LLC (RE)","STRG_SLR_UNIT1","Generation","Not Applicable","RWE CLEAN ENERGY LLC (DME)","1680625407000","N"
"STONERIDGE SOLAR LLC (RE)","STRG_SLR_UNIT2","Generation","Not Applicable","RWE CLEAN ENERGY LLC (DME)","1680625407000","N"
"SUN VALLEY SOLAR LLC (RE)","SUNVASLR_UNIT1","Generation","Not Applicable","ENGIE ENERGY MARKETING NA INC (DME)","9689097397000","N"
"SUN VALLEY SOLAR LLC (RE)","SUNVASLR_UNIT2","Generation","Not Applicable","ENGIE ENERGY MARKETING NA INC (DME)","9689097397000","N"
"SUN VALLEY STORAGE LLC (RE)","SUNVASLR_ESR1","Storage","Not Applicable","ENGIE ENERGY MARKETING NA INC SQ38 (DME)","9689097397100","N"
"SUN VALLEY STORAGE LLC (RE)","SUNVASLR_ESR2","Storage","Not Applicable","ENGIE ENERGY MARKETING NA INC SQ38 (DME)","9689097397100","N"
"SUNSET RIDGE ENERGY CENTER LLC (RE)","PEARSALL_ESR1","Storage","Not Applicable","SUNSET RIDGE ENERGY CENTER LLC (DME)","0117813547000","N"
"SWEENY COGENERATION LLC (RE)","SCLPCOGN_SCLPC_1","Generation","Not Applicable","SWEENY COGENERATION LLC (DME)","1172074697000","N"
"SWEENY COGENERATION LLC (RE)","SCLPCOGN_SCLPC_2","Generation","Not Applicable","SWEENY COGENERATION LLC (DME)","1172074697000","N"
"SWEENY COGENERATION LLC (RE)","SCLPCOGN_SCLPC_3","Generation","Not Applicable","SWEENY COGENERATION LLC (DME)","1172074697000","N"
"SWEENY COGENERATION LLC (RE)","SCLPCOGN_SCLPC_4","Generation","Not Applicable","SWEENY COGENERATION LLC (DME)","1172074697000","N"
"SWEETWATER ESS ASSETS LLC (RE)","SWTWR_ESR1","Storage","Not Applicable","SWEETWATER ESS ASSETS LLC (DME)","1178723707000","N"
"SWEETWATER WIND 1 LLC (RE)","SWEETWND_WND1","Generation","Not Applicable","LUMINANT ENERGY COMPANY LLC (DME)","6062523937000","N"
"SWEETWATER WIND 2 LLC (RE)","SWEETWN2_WND2","Generation","Not Applicable","SWEETWATER WIND 2 LLC (DME)","1378994777100","N"
"SWEETWATER WIND 3 LLC (RE)","SWEETWN3_WND3A","Generation","Not Applicable","SWEETWATER WIND 3 LLC (DME)","6039431487000","N"
"SWEETWATER WIND 3 LLC CPS (RE)","SWEETWN3_WND3B","Generation","Not Applicable","CPS ENERGY (DME)","0079360737000","N"
"SWEETWATER WIND 4 LLC (RE)","SWEETWN2_WND24","Generation","Not Applicable","CPS ENERGY (DME)","0079360737000","N"
"SWEETWATER WIND 4 LLC (RE)","SWEETWN4_WND4A","Generation","Not Applicable","CPS ENERGY (DME)","0079360737000","N"
"SWEETWATER WIND 4 LLC (RE)","SWEETWN4_WND4B","Generation","Not Applicable","CPS ENERGY (DME)","0079360737000","N"
"SWEETWATER WIND 5 LLC (RE)","SWEETWN5_WND5","Generation","Not Applicable","SWEETWATER WIND 5 LLC (DME)","8003243327000","N"
"SWIFT AIR SOLAR LLC (RE)","SWFT_SLR_UNIT1","Generation","Not Applicable","SWIFT AIR SOLAR LLC (DME)","1125834467000","N"
"SWOOSE II LLC (RE)","SWOOSEII_ESR1","Storage","Not Applicable","MERCURIA ENERGY AMERICA LLC (DME)","8317491277000","N"
"SWOOSE LLC (RE)","PYOTE_ESR1","Storage","Not Applicable","SWOOSE LLC (DME)","1174467957000","N"
"SYPERT BRANCH SOLAR LLC (RE)","SYBR_SLR_UNIT1","Generation","Not Applicable","ENGIE ENERGY MARKETING NA INC (DME)","9689097397000","N"
"SYPERT BRANCH SOLAR LLC (RE)","SYBR_SLR_UNIT2","Generation","Not Applicable","ENGIE ENERGY MARKETING NA INC (DME)","9689097397000","N"
"TAHOKA WIND LLC (RE)","TAHOKA_UNIT_1","Generation","Not Applicable","TAHOKA WIND LLC (DME)","0808667557000","N"
"TAHOKA WIND LLC (RE)","TAHOKA_UNIT_2","Generation","Not Applicable","TAHOKA WIND LLC (DME)","0808667557000","N"
"TAI NORTON SOLAR LLC (RE)","NRTN_SLR_SOLAR1","Generation","Not Applicable","TAI NORTON SOLAR LLC (DME)","1193018577000","N"
"TANZANITE ENERGY STORAGE LLC (RE)","TANZ_ESS_ESR1","Storage","Not Applicable","ENGIE ENERGY MARKETING NA INC (DME)","9689097397000","N"
"TANZANITE ENERGY STORAGE LLC (RE)","TANZ_ESS_ESR2","Storage","Not Applicable","ENGIE ENERGY MARKETING NA INC (DME)","9689097397000","N"
"TAYGETE ENERGY PROJECT LLC (RE)","TAYGETE_UNIT1","Generation","Not Applicable","TAYGETE ENERGY PROJECT LLC (DME)","0812156577000","N"
"TAYGETE ENERGY PROJECT LLC (RE)","TAYGETE_UNIT2","Generation","Not Applicable","TAYGETE ENERGY PROJECT LLC (DME)","0812156577000","N"
"TEJAS POWER GENERATION LLC (RE)","FEGC_CTG2","Generation","Not Applicable","SHELL ENERGY NORTH AMERICA (US) LP (DME)","9375172667000","N"
"TEJAS POWER GENERATION LLC (RE)","FEGC_CTG3","Generation","Not Applicable","SHELL ENERGY NORTH AMERICA (US) LP (DME)","9375172667000","N"
"TEJAS POWER GENERATION LLC (RE)","FEGC_CTG4","Generation","Not Applicable","SHELL ENERGY NORTH AMERICA (US) LP (DME)","9375172667000","N"
"TEJAS POWER GENERATION LLC (RE)","FEGC_UNIT1","Generation","Not Applicable","SHELL ENERGY NORTH AMERICA (US) LP (DME)","9375172667000","N"
"TEMPLE GENERATION I LLC (RE)","PANDA_T1_TMPL1CT1","Generation","Not Applicable","TEMPLE GENERATION I LLC (DME)","9688729997000","N"
"TEMPLE GENERATION I LLC (RE)","PANDA_T1_TMPL1CT2","Generation","Not Applicable","TEMPLE GENERATION I LLC (DME)","9688729997000","N"
"TEMPLE GENERATION I LLC (RE)","PANDA_T1_TMPL1ST1","Generation","Not Applicable","TEMPLE GENERATION I LLC (DME)","9688729997000","N"
"TEMPLE GENERATION II LLC (RE)","PANDA_T2_TMPL2CT1","Generation","Not Applicable","CXA TEMPLE 2 LLC (DME)","1187110177000","N"
"TEMPLE GENERATION II LLC (RE)","PANDA_T2_TMPL2CT2","Generation","Not Applicable","CXA TEMPLE 2 LLC (DME)","1187110177000","N"
"TEMPLE GENERATION II LLC (RE)","PANDA_T2_TMPL2ST1","Generation","Not Applicable","CXA TEMPLE 2 LLC (DME)","1187110177000","N"
"TENASKA FRONTIER PARTNERS LTD (RE)","FTR_FTR_G1","Generation","Not Applicable","TENASKA FRONTIER PARTNERS LTD (DME)","0216803307000","N"
"TENASKA FRONTIER PARTNERS LTD (RE)","FTR_FTR_G2","Generation","Not Applicable","TENASKA FRONTIER PARTNERS LTD (DME)","0216803307000","N"
"TENASKA FRONTIER PARTNERS LTD (RE)","FTR_FTR_G3","Generation","Not Applicable","TENASKA FRONTIER PARTNERS LTD (DME)","0216803307000","N"
"TENASKA FRONTIER PARTNERS LTD (RE)","FTR_FTR_G4","Generation","Not Applicable","TENASKA FRONTIER PARTNERS LTD (DME)","0216803307000","N"
"TENASKA GATEWAY PARTNERS LTD (RE)","TGCCS_CT1","Generation","Not Applicable","TENASKA GATEWAY PARTNERS LTD (DME)","0148759217000","N"
"TENASKA GATEWAY PARTNERS LTD (RE)","TGCCS_CT2","Generation","Not Applicable","TENASKA GATEWAY PARTNERS LTD (DME)","0148759217000","N"
"TENASKA GATEWAY PARTNERS LTD (RE)","TGCCS_CT3","Generation","Not Applicable","TENASKA GATEWAY PARTNERS LTD (DME)","0148759217000","N"
"TENASKA GATEWAY PARTNERS LTD (RE)","TGCCS_UNIT4","Generation","Not Applicable","TENASKA GATEWAY PARTNERS LTD (DME)","0148759217000","N"
"TEXAS BIG SPRING LLC (RE)","SGMTN_SIGNALMT","Generation","Not Applicable","TERRA-GEN OPERATING COMPANY LLC (DME)","7959600417000","N"
"TEXAS BLUEBONNET SOLAR PARTNERS LLC (RE)","BONETSLR_UNIT1","Generation","Not Applicable","TEXAS BLUEBONNET SOLAR PARTNERS LLC (DME)","1191283017000","N"
"TEXAS MED CENTER CENTRAL HEATING AND COOLING SERVICES CORP (RE)","TC_GTG2","Generation","Not Applicable","TEXAS MED CENTER CENTRAL HEATING AND COOLING SERVICES CORP (DME)","0919431597000","N"
"TEXAS MED CENTER CENTRAL HEATING AND COOLING SERVICES CORP (RE)","TC_TCHP1","Generation","Not Applicable","TEXAS MED CENTER CENTRAL HEATING AND COOLING SERVICES CORP (DME)","0919431597000","N"
"TEXAS SOLAR NOVA 1 LLC (RE)","NOVA1SLR_UNIT1","Generation","Not Applicable","TEXAS SOLAR NOVA 1 LLC (DME)","1169816797000","N"
"TEXAS SOLAR NOVA 1 LLC (RE)","NOVA1SLR_UNIT2","Generation","Not Applicable","TEXAS SOLAR NOVA 1 LLC (DME)","1169816797000","N"
"TEXAS SOLAR NOVA 2 LLC (RE)","NOVA2SLR_UNIT1","Generation","Not Applicable","TEXAS SOLAR NOVA 2 LLC (DME)","1185366187000","N"
"TEXAS WAVES LLC (RE)","PYR_ESR1","Storage","Not Applicable","RWE CLEAN ENERGY LLC (DME)","1680625407000","N"
"TEXAS WAVES LLC (RE)","PYR_ESR2","Storage","Not Applicable","RWE CLEAN ENERGY LLC (DME)","1680625407000","N"
"TEXAS WAVES LLC (RE)","PYR_ESR3","Storage","Not Applicable","RWE CLEAN ENERGY LLC (DME)","1680625407000","N"
"TG EAST WIND PROJECT LLC (RE)","TRUSGILL_UNIT1","Generation","Not Applicable","TG EAST WIND PROJECT LLC (DME)","1179392357000","N"
"TG EAST WIND PROJECT LLC (RE)","TRUSGILL_UNIT2","Generation","Not Applicable","TG EAST WIND PROJECT LLC (DME)","1179392357000","N"
"TG EAST WIND PROJECT LLC (RE)","TRUSGILL_UNIT3","Generation","Not Applicable","TG EAST WIND PROJECT LLC (DME)","1179392357000","N"
"TG EAST WIND PROJECT LLC (RE)","TRUSGILL_UNIT4","Generation","Not Applicable","TG EAST WIND PROJECT LLC (DME)","1179392357000","N"
"THE DOW CHEMICAL CO (RE)","DOWGEN_DOW_G81","Generation","Not Applicable","THE DOW CHEMICAL CO (DME)","0013815817000","N"
"THE DOW CHEMICAL CO (RE)","DOWGEN_DOW_G82","Generation","Not Applicable","THE DOW CHEMICAL CO (DME)","0013815817000","N"
"THE DOW CHEMICAL CO (RE)","DOWGEN_DOW_G83","Generation","Not Applicable","THE DOW CHEMICAL CO (DME)","0013815817000","N"
"THE DOW CHEMICAL CO (RE)","DOWGEN_DOW_GT96","Generation","Not Applicable","THE DOW CHEMICAL CO (DME)","0013815817000","N"
"THE DOW CHEMICAL CO (RE)","DOWGEN_DOW_ST84","Generation","Not Applicable","THE DOW CHEMICAL CO (DME)","0013815817000","N"
"THE DOW CHEMICAL CO (RE)","DOWGEN_DOW_ST95","Generation","Not Applicable","THE DOW CHEMICAL CO (DME)","0013815817000","N"
"THREE W SOLAR LLC (RE)","THREEW_S_SOLAR1","Generation","Not Applicable","THREE W SOLAR LLC (DME)","1111702457000","N"
"TIDWELL PRAIRIE IA LLC (RE)","TDWLPR_1_ESR1","Storage","Not Applicable","MERCURIA ENERGY AMERICA LLC (DME)","8317491277000","N"
"TIDWELL PRAIRIE IA LLC 1 (RE)","TDWLPR_1_ESR2","Storage","Not Applicable","MERCURIA ENERGY AMERICA LLC (DME)","8317491277000","N"
"TIDWELL PRAIRIE IIA LLC (RE)","TDWLPR_1_ESR3","Storage","Not Applicable","DENTON MUNICIPAL ELECTRIC (DME)","0713801907000","N"
"TIDWELL PRAIRIE IIA LLC 1 (RE)","TDWLPR_1_ESR4","Storage","Not Applicable","SHELL ENERGY NORTH AMERICA (US) LP (DME)","9375172667000","N"
"TIERRA SECA BESS LLC (RE)","TSECA_ES_ESR1","Storage","Not Applicable","TIERRA SECA BESS LLC (DME)","0985192997000","N"
"TOKAI CARBON CB LTD (RE)","CARBN_BSP_1","Generation","Not Applicable","TOKAI CARBON CB LTD (DME)","0080164957000","N"
"TOPAZ GENERATING LLC (RE)","TOPAZ_UNIT1","Generation","Not Applicable","CPS ENERGY (DME)","0079360737000","N"
"TOPAZ GENERATING LLC (RE)","TOPAZ_UNIT2","Generation","Not Applicable","CPS ENERGY (DME)","0079360737000","N"
"TOPAZ GENERATING LLC (RE)","TOPAZ_UNIT3","Generation","Not Applicable","CPS ENERGY (DME)","0079360737000","N"
"TOPAZ GENERATING LLC (RE)","TOPAZ_UNIT4","Generation","Not Applicable","CPS ENERGY (DME)","0079360737000","N"
"TOPAZ GENERATING LLC (RE)","TOPAZ_UNIT5","Generation","Not Applicable","CPS ENERGY (DME)","0079360737000","N"
"TOPAZ GENERATING LLC (RE)","TOPAZ_UNIT6","Generation","Not Applicable","CPS ENERGY (DME)","0079360737000","N"
"TOPAZ GENERATING LLC (RE)","TOPAZ_UNIT7","Generation","Not Applicable","CPS ENERGY (DME)","0079360737000","N"
"TOPAZ II LLC (RE)","TOPAZ_UNIT10","Generation","Not Applicable","CPS ENERGY (DME)","0079360737000","N"
"TOPAZ II LLC (RE)","TOPAZ_UNIT8","Generation","Not Applicable","CPS ENERGY (DME)","0079360737000","N"
"TOPAZ II LLC (RE)","TOPAZ_UNIT9","Generation","Not Applicable","CPS ENERGY (DME)","0079360737000","N"
"TORRECILLAS ENERGY STORAGE, LLC (RE)","TORR_ESR1","Storage","Not Applicable","NEXTERA ENERGY RESOURCES LLC (DME)","0590069377000","N"
"TORRECILLAS WIND ENERGY LLC (RE)","TORR_UNIT1_25","Generation","Not Applicable","TORRECILLAS WIND ENERGY LLC (DME)","0811709447000","N"
"TORRECILLAS WIND ENERGY LLC (RE)","TORR_UNIT2_23","Generation","Not Applicable","TORRECILLAS WIND ENERGY LLC (DME)","0811709447000","N"
"TORRECILLAS WIND ENERGY LLC (RE)","TORR_UNIT2_25","Generation","Not Applicable","TORRECILLAS WIND ENERGY LLC (DME)","0811709447000","N"
"TPC GROUP LLC (RE)","PR_PR_G2","Generation","Not Applicable","TEXAS PETROCHEMICALS LLC RE (DME)","1026470057000","N"
"TRENT WIND FARM LLC (RE)","TRENT_TRENT","Generation","Not Applicable","TRENT WIND FARM LLC (DME)","0191257517000","N"
"TRENT WIND FARM LLC (RE)","TRENT_UNIT_1B","Generation","Not Applicable","TRENT WIND FARM LLC (DME)","0191257517000","N"
"TRENT WIND FARM LLC (RE)","TRENT_UNIT_2","Generation","Not Applicable","TRENT WIND FARM LLC (DME)","0191257517000","N"
"TRENT WIND FARM LLC (RE)","TRENT_UNIT_3A","Generation","Not Applicable","TRENT WIND FARM LLC (DME)","0191257517000","N"
"TRENT WIND FARM LLC (RE)","TRENT_UNIT_3B","Generation","Not Applicable","TRENT WIND FARM LLC (DME)","0191257517000","N"
"TRES BAHIAS SOLAR POWER LLC (RE)","TREB_SLR_SOLAR1","Generation","Not Applicable","TENASKA POWER SERVICES CO (DME)","9630189817000","N"
"TRES CITY POWER LLC (RE)","CITYVICT_CTG01","Generation","Not Applicable","TRES CITY POWER LLC (DME)","0806816897000","N"
"TRES CITY POWER LLC (RE)","CITYVICT_CTG02","Generation","Not Applicable","TRES CITY POWER LLC (DME)","0806816897000","N"
"TRES PORT POWER LLC (RE)","VICTPORT_CTG01","Generation","Not Applicable","TRES PORT POWER LLC (DME)","0806817027000","N"
"TRES PORT POWER LLC (RE)","VICTPORT_CTG02","Generation","Not Applicable","TRES PORT POWER LLC (DME)","0806817027000","N"
"TRINITY HILLS WIND FARM LLC (RE)","TRINITY_TH1_BUS1","Generation","Not Applicable","TRINITY HILLS WIND FARM LLC (DME)","9684309547000","N"
"TRINITY HILLS WIND FARM LLC (RE)","TRINITY_TH1_BUS2","Generation","Not Applicable","TRINITY HILLS WIND FARM LLC (DME)","9684309547000","N"
"TRIPLE BUTTE LLC (RE)","BELD_ESR1","Storage","Not Applicable","TRIPLE BUTTE LLC (DME)","1174464747000","N"
"TRUE NORTH SOLAR LLC (RE)","TNS_SLR_UNIT1","Generation","Not Applicable","TRUE NORTH SOLAR LLC (DME)","1185480087000","N"
"TRUE NORTH SOLAR LLC (RE)","TNS_SLR_UNIT2","Generation","Not Applicable","TRUE NORTH SOLAR LLC (DME)","1185480087000","N"
"TURKEY TRACK WIND ENERGY LLC (RE)","TTWEC_G1","Generation","Not Applicable","INVENERGY WIND DEVELOPMENT LLC (DME)","8085531717000","N"
"TX GULF SOLAR 1 LLC (RE)","DMA_SOLAR1","Generation","Not Applicable","TX GULF SOLAR 1 LLC (DME)","1191478087000","N"
"TX HEREFORD WIND LLC (RE)","HRFDWIND_WIND_G","Generation","Not Applicable","EDF TRADING NORTH AMERICA INC (DME)","1091142517000","N"
"TX HEREFORD WIND LLC (RE)","HRFDWIND_WIND_V","Generation","Not Applicable","EDF TRADING NORTH AMERICA INC (DME)","1091142517000","N"
"TX JUMBO ROAD WIND LLC (RE)","HRFDWIND_JRDWIND1","Generation","Not Applicable","TX JUMBO ROAD WIND LLC (DME)","0795254337000","N"
"TX JUMBO ROAD WIND LLC (RE)","HRFDWIND_JRDWIND2","Generation","Not Applicable","TX JUMBO ROAD WIND LLC (DME)","0795254337000","N"
"TYLER BLUFF WIND PROJECT LLC (RE)","TYLRWIND_UNIT1","Generation","Not Applicable","TYLER BLUFF WIND PROJECT LLC (DME)","0801807607000","N"
"TYSON NICK SOLAR PROJECT LLC (RE)","TYSN_SLR_UNIT1","Generation","Not Applicable","ENGIE ENERGY MARKETING NA INC (DME)","9689097397000","N"
"UNION CARBIDE CORP (RE)","UCC_COGN_UCC_C_2","Generation","Not Applicable","UNION CARBIDE CORP (DME)","0080733227000","N"
"UNION CARBIDE CORPORATION SEADRIFT (RE)","NCARBIDE_NCARBIG1","Generation","Not Applicable","UNION CARBIDE CORPORATION SEADRIFT (DME)","0010056237000","N"
"UNION CARBIDE CORPORATION SEADRIFT (RE)","NCARBIDE_NCARBIG2","Generation","Not Applicable","UNION CARBIDE CORPORATION SEADRIFT (DME)","0010056237000","N"
"UNION CARBIDE CORPORATION SEADRIFT (RE)","NCARBIDE_NCARBIG3","Generation","Not Applicable","UNION CARBIDE CORPORATION SEADRIFT (DME)","0010056237000","N"
"UNION CARBIDE CORPORATION SEADRIFT (RE)","NCARBIDE_NCARBIG5","Generation","Not Applicable","UNION CARBIDE CORPORATION SEADRIFT (DME)","0010056237000","N"
"UNION CARBIDE CORPORATION SEADRIFT (RE)","NCARBIDE_NCARBIG6","Generation","Not Applicable","UNION CARBIDE CORPORATION SEADRIFT (DME)","0010056237000","N"
"UNION CARBIDE CORPORATION SEADRIFT (RE)","NCARBIDE_NCARBIG7","Generation","Not Applicable","UNION CARBIDE CORPORATION SEADRIFT (DME)","0010056237000","N"
"UNION CARBIDE CORPORATION SEADRIFT (RE)","NCARBIDE_NCARBIG8","Generation","Not Applicable","UNION CARBIDE CORPORATION SEADRIFT (DME)","0010056237000","N"
"UPTON COUNTY SOLAR 2 LLC (RE)","CASL_GAP_ESR1","Storage","Not Applicable","LUMINANT ENERGY COMPANY LLC (DME)","6062523937000","N"
"UPTON COUNTY SOLAR 2 LLC (RE)","CASL_GAP_UNIT1","Generation","Not Applicable","LUMINANT ENERGY COMPANY LLC (DME)","6062523937000","N"
"VERTUS ENERGY STORAGE LLC (RE)","VERT_ESS_ESR1","Storage","Not Applicable","NRG TEXAS POWER LLC (DME)","1684560497000","N"
"VESI 37 LLC (RE)","BIRD_BES_ESR1","Storage","Not Applicable","VESI 37 LLC (DME)","1193011217000","N"
"VESI 38 LLC (RE)","LOWR_ESS_ESR1","Storage","Not Applicable","VESI 38 LLC (DME)","1193016867000","N"
"VESI UPTON COUNTY BESS LLC (RE)","SPTX12B_ESR1","Storage","Not Applicable","VESI UPTON COUNTY BESS LLC (DME)","1175925447000","N"
"VICTORIA PORT POWER II LLC (RE)","VICTPRT2_UNIT1","Generation","Not Applicable","NRG TEXAS POWER LLC (DME)","1684560497000","N"
"VICTORIA PORT POWER II LLC (RE)","VICTPRT2_UNIT2","Generation","Not Applicable","NRG TEXAS POWER LLC (DME)","1684560497000","N"
"VICTORIA WLE LP (RE)","VICTORIA_VICTORG5","Generation","Not Applicable","NRG TEXAS POWER LLC (DME)","1684560497000","N"
"VICTORIA WLE LP (RE)","VICTORIA_VICTORG6","Generation","Not Applicable","NRG TEXAS POWER LLC (DME)","1684560497000","N"
"VIRIDITY ENERGY SOLUTIONS INC (RE)","GEORSO_ESR1","Storage","Not Applicable","VIRIDITY ENERGY SOLUTIONS INC (DME)","8304646607000","N"
"WACO SOLAR LLC (RE)","MERCURY_PV1","Generation","Not Applicable","NEXTERA ENERGY RESOURCES LLC (DME)","0590069377000","N"
"WACO SOLAR LLC (RE)","MERCURY_PV2","Generation","Not Applicable","NEXTERA ENERGY RESOURCES LLC (DME)","0590069377000","N"
"WAGYU SOLAR LLC (RE)","WGU_UNIT1","Generation","Not Applicable","WAGYU SOLAR LLC (DME)","0812419587000","N"
"WAKE WIND ENERGY LLC (RE)","WAKEWE_G1","Generation","WAKEWE_G1_J01","WAKE WIND ENERGY LLC (DME)","0792741827000","N"
"WAKE WIND ENERGY LLC (RE)","WAKEWE_G2","Generation","WAKEWE_G2_J01","WAKE WIND ENERGY LLC (DME)","0792741827000","N"
"WAKE WIND ENERGY LLC 2 (RE)","WAKEWE_G1","Generation","WAKEWE_G1_J02","WAKE WIND ENERGY LLC (DME)","0792741827000","N"
"WAKE WIND ENERGY LLC 2 (RE)","WAKEWE_G2","Generation","WAKEWE_G2_J02","WAKE WIND ENERGY LLC (DME)","0792741827000","N"
"WEST COLUMBIA STORAGE LLC (RE)","WCOLLOCL_ESR1","Storage","Not Applicable","GLIDEPATH STORAGE OPERATIONS LLC (DME)","1186066837000","N"
"WEST OF THE PECOS SOLAR LLC (RE)","W_PECOS_UNIT1","Generation","Not Applicable","RWE CLEAN ENERGY LLC (DME)","1680625407000","N"
"WEST RAYMOND WIND FARM LLC (RE)","TRUENO_UNIT1","Generation","Not Applicable","RWE CLEAN ENERGY LLC (DME)","1680625407000","N"
"WEST RAYMOND WIND FARM LLC (RE)","TRUENO_UNIT2","Generation","Not Applicable","RWE CLEAN ENERGY LLC (DME)","1680625407000","N"
"WEST TEXAS SOLAR PROJECT II LLC (RE)","TAYGETE2_UNIT1","Generation","Not Applicable","WEST TEXAS SOLAR PROJECT II LLC (DME)","1185931187000","N"
"WEST TEXAS SOLAR PROJECT II LLC (RE)","TAYGETE2_UNIT2","Generation","Not Applicable","WEST TEXAS SOLAR PROJECT II LLC (DME)","1185931187000","N"
"WESTERN TRAIL WIND LLC (RE)","AJAXWIND_UNIT1","Generation","Not Applicable","WESTERN TRAIL WIND LLC (DME)","1175969337000","N"
"WESTERN TRAIL WIND LLC (RE)","AJAXWIND_UNIT2","Generation","Not Applicable","WESTERN TRAIL WIND LLC (DME)","1175969337000","N"
"WESTOVER ESS ASSETS LLC (RE)","WOVER_ESR1","Storage","Not Applicable","WESTOVER ESS ASSETS LLC (DME)","1177744937000","N"
"WHARTON COUNTY GENERATION LLC (RE)","TGS_GT01","Generation","Not Applicable","NRG TEXAS POWER LLC (DME)","1684560497000","N"
"WHIRLWIND ENERGY LLC (RE)","WEC_WECG1","Generation","Not Applicable","CITY OF AUSTIN DBA AUSTIN ENERGY (DME)","8008717667000","N"
"WHITE MESA WIND LLC (RE)","WHMESA_UNIT1","Generation","Not Applicable","NEXTERA ENERGY RESOURCES LLC (DME)","0590069377000","N"
"WHITE MESA WIND LLC (RE)","WHMESA_UNIT2_23","Generation","Not Applicable","NEXTERA ENERGY RESOURCES LLC (DME)","0590069377000","N"
"WHITE MESA WIND LLC (RE)","WHMESA_UNIT2_28","Generation","Not Applicable","NEXTERA ENERGY RESOURCES LLC (DME)","0590069377000","N"
"WHITE MESA WIND LLC (RE)","WHMESA_UNIT3_23","Generation","Not Applicable","NEXTERA ENERGY RESOURCES LLC (DME)","0590069377000","N"
"WHITE MESA WIND LLC (RE)","WHMESA_UNIT3_28","Generation","Not Applicable","NEXTERA ENERGY RESOURCES LLC (DME)","0590069377000","N"
"WHITETAIL WIND ENERGY LLC (RE)","EXGNWTL_WIND_1","Generation","Not Applicable","WHITETAIL WIND ENERGY LLC (DME)","0784714057000","N"
"WHITNEY ALLOCATION COOPERATIVES (RE)","WND_WHITNEY1","Generation","Not Applicable","WHITNEY ALLOCATION COOPERATIVES (DME)","2345678917000","N"
"WHITNEY ALLOCATION COOPERATIVES (RE)","WND_WHITNEY2","Generation","Not Applicable","WHITNEY ALLOCATION COOPERATIVES (DME)","2345678917000","N"
"WIGEON WHISTLE BESS LLC (RE)","WIG_ESS_ESR1","Storage","Not Applicable","HABITAT ENERGY INC (DME)","1186110077000","N"
"WILDCAT CREEK WIND FARM LLC (RE)","WILDWIND_UNIT1","Generation","Not Applicable","EDP RENEWABLES NORTH AMERICA LLC (DME)","0155344697000","N"
"WILDCAT CREEK WIND FARM LLC (RE)","WILDWIND_UNIT2","Generation","Not Applicable","EDP RENEWABLES NORTH AMERICA LLC (DME)","0155344697000","N"
"WILDCAT CREEK WIND FARM LLC (RE)","WILDWIND_UNIT3","Generation","Not Applicable","EDP RENEWABLES NORTH AMERICA LLC (DME)","0155344697000","N"
"WILDCAT CREEK WIND FARM LLC (RE)","WILDWIND_UNIT4","Generation","Not Applicable","EDP RENEWABLES NORTH AMERICA LLC (DME)","0155344697000","N"
"WILDCAT CREEK WIND FARM LLC (RE)","WILDWIND_UNIT5","Generation","Not Applicable","EDP RENEWABLES NORTH AMERICA LLC (DME)","0155344697000","N"
"WILLOW SPRINGS WINDFARM LLC (RE)","SALVTION_UNIT1","Generation","Not Applicable","WILLOW SPRINGS WINDFARM LLC (DME)","0805576877000","N"
"WILLOW SPRINGS WINDFARM LLC (RE)","SALVTION_UNIT2","Generation","Not Applicable","WILLOW SPRINGS WINDFARM LLC (DME)","0805576877000","N"
"WINDTHORST 2 LLC (RE)","WNDTHST2_UNIT1","Generation","Not Applicable","RPG WINDTHORST 2 INVESTCO LLC (DME)","0793160577000","N"
"WINMIL CLEAN ENERGY CENTER LLC (RE)","AE_ESR1","Storage","Not Applicable","WINMIL CLEAN ENERGY CENTER LLC (DME)","1002343337000","N"
"WISE COUNTY POWER COMPANY LLC (RE)","WCPP_CT1","Generation","Not Applicable","LUMINANT ENERGY COMPANY LLC (DME)","6062523937000","N"
"WISE COUNTY POWER COMPANY LLC (RE)","WCPP_CT2","Generation","Not Applicable","LUMINANT ENERGY COMPANY LLC (DME)","6062523937000","N"
"WISE COUNTY POWER COMPANY LLC (RE)","WCPP_ST1","Generation","Not Applicable","LUMINANT ENERGY COMPANY LLC (DME)","6062523937000","N"
"WIZARD ENERGY STORAGE LLC (RE)","WZRD_ESS_ESR1","Storage","Not Applicable","WIZARD ENERGY STORAGE LLC (DME)","1193398757000","N"
"WOLF HOLLOW I POWER LLC (RE)","WHCCS_CT1","Generation","Not Applicable","EXGEN TEXAS POWER LLC (DME)","0794357437000","N"
"WOLF HOLLOW I POWER LLC (RE)","WHCCS_CT2","Generation","Not Applicable","EXGEN TEXAS POWER LLC (DME)","0794357437000","N"
"WOLF HOLLOW I POWER LLC (RE)","WHCCS_STG","Generation","Not Applicable","EXGEN TEXAS POWER LLC (DME)","0794357437000","N"
"WOLF HOLLOW II POWER LLC (RE)","WHCCS2_CT4","Generation","Not Applicable","CONSTELLATION ENERGY GENERATION LLC (DME)","9604589587000","N"
"WOLF HOLLOW II POWER LLC (RE)","WHCCS2_CT5","Generation","Not Applicable","CONSTELLATION ENERGY GENERATION LLC (DME)","9604589587000","N"
"WOLF HOLLOW II POWER LLC (RE)","WHCCS2_STG6","Generation","Not Applicable","CONSTELLATION ENERGY GENERATION LLC (DME)","9604589587000","N"
"WOLF RIDGE WIND LLC (RE)","WHTTAIL_WR1","Generation","Not Applicable","NEXTERA ENERGY RESOURCES LLC (DME)","0590069377000","N"
"WOLF TANK STORAGE LLC (RE)","WFTANK_ESR1","Storage","Not Applicable","WOLF TANK STORAGE LLC (DME)","1186475947000","N"
"WOODWARD MOUNTAIN WIND LLC (RE)","WOODWRD1_WOODWRD1","Generation","Not Applicable","LUMINANT ENERGY COMPANY LLC (DME)","6062523937000","N"
"WOODWARD MOUNTAIN WIND LLC (RE)","WOODWRD2_WOODWRD2","Generation","Not Applicable","LUMINANT ENERGY COMPANY LLC (DME)","6062523937000","N"
"YAUPON SOLAR LLC (RE)","YAPN_SLR_PV1","Generation","Not Applicable","NEXTERA ENERGY RESOURCES LLC (DME)","0590069377000","N"
"YAUPON SOLAR LLC (RE)","YAPN_SLR_PV2","Generation","Not Applicable","NEXTERA ENERGY RESOURCES LLC (DME)","0590069377000","N"
"YOUNG WIND LLC (RE)","YNG_WND_UNIT1","Generation","Not Applicable","NEXTERA ENERGY RESOURCES LLC (DME)","0590069377000","N"
"YOUNG WIND LLC (RE)","YNG_WND_UNIT2","Generation","Not Applicable","NEXTERA ENERGY RESOURCES LLC (DME)","0590069377000","N"
"YOUNG WIND LLC (RE)","YNG_WND_UNIT3","Generation","Not Applicable","NEXTERA ENERGY RESOURCES LLC (DME)","0590069377000","N"
"ZIER SOLAR LLC (RE)","ZIER_SLR_ESR1","Storage","Not Applicable","ZIER SOLAR LLC (DME)","1224948617000","N"
"ZIER SOLAR LLC (RE)","ZIER_SLR_PV1","Generation","Not Applicable","ZIER SOLAR LLC (DME)","1224948617000","N"
